facility_id,facility_name,address,citytown,countyparish,state,zip_code,telephone_number,hospital_type,hospital_ownership,emergency_services,hospital_overall_rating,hospital_overall_rating_footnote,meets_criteria_for_birthing_friendly_designation,loaded_at,conditions_reported,conditions_over_expected,avg_excess_readmission_ratio,total_discharges,total_readmissions,risk_tier
010001,SOUTHEAST HEALTH MEDICAL CENTER,1108 ROSS CLARK CIRCLE,DOTHAN,HOUSTON,AL,36301,(334) 793-8701,Acute Care Hospitals,Government - Hospital District or Authority,1,4.0,,Y,2026-07-31 00:22:03,6,1,0.9783833333333334,1692.0,280.0,Low
010005,MARSHALL MEDICAL CENTERS,2505 U S HIGHWAY 431 NORTH,BOAZ,MARSHALL,AL,35957,(256) 593-8310,Acute Care Hospitals,Government - Hospital District or Authority,1,3.0,,Y,2026-07-31 00:22:03,4,1,0.9181,588.0,82.0,Low
010006,NORTH ALABAMA MEDICAL CENTER,1701 VETERANS DRIVE,FLORENCE,LAUDERDALE,AL,35630,(256) 768-8400,Acute Care Hospitals,Proprietary,1,2.0,,Y,2026-07-31 00:22:03,6,3,1.0002166666666668,1599.0,259.0,Medium
010007,MIZELL MEMORIAL HOSPITAL,702 N MAIN ST,OPP,COVINGTON,AL,36467,(334) 493-3541,Acute Care Hospitals,Voluntary non-profit - Private,1,1.0,,,2026-07-31 00:22:03,3,3,1.0399,123.0,28.0,Medium
010011,ST. VINCENT'S EAST,50 MEDICAL PARK EAST DRIVE,BIRMINGHAM,JEFFERSON,AL,35235,(205) 838-3122,Acute Care Hospitals,Voluntary non-profit - Private,1,3.0,29,,2026-07-31 00:22:03,5,3,1.02746,787.0,136.0,Medium
010012,DEKALB REGIONAL MEDICAL CENTER,200 MED CENTER DRIVE,FORT PAYNE,DE KALB,AL,35968,(256) 845-3150,Acute Care Hospitals,Proprietary,1,2.0,,Y,2026-07-31 00:22:03,5,3,1.0173400000000001,240.0,48.0,Medium
010016,SHELBY BAPTIST MEDICAL CENTER,1000 FIRST STREET NORTH,ALABASTER,SHELBY,AL,35007,(205) 620-8100,Acute Care Hospitals,Voluntary non-profit - Private,1,2.0,,,2026-07-31 00:22:03,6,5,1.0397,428.0,81.0,High
010019,HELEN KELLER HOSPITAL,1300 SOUTH MONTGOMERY AVENUE,SHEFFIELD,COLBERT,AL,35660,(256) 386-4556,Acute Care Hospitals,Government - Hospital District or Authority,1,2.0,,Y,2026-07-31 00:22:03,4,3,1.040325,659.0,102.0,Medium
010021,DALE MEDICAL CENTER,126 HOSPITAL AVE,OZARK,DALE,AL,36360,(334) 774-2601,Acute Care Hospitals,Government - Hospital District or Authority,1,,16,,2026-07-31 00:22:03,1,1,1.002,0.0,0.0,Low
010022,FLOYD CHEROKEE MEDICAL CENTER,400 NORTHWOOD DR,CENTRE,CHEROKEE,AL,35960,(256) 927-5531,Acute Care Hospitals,Proprietary,1,,16,,2026-07-31 00:22:03,1,0,0.9738,0.0,0.0,Low
010023,BAPTIST MEDICAL CENTER SOUTH,2105 EAST SOUTH BOULEVARD,MONTGOMERY,MONTGOMERY,AL,36116,(334) 288-2100,Acute Care Hospitals,Government - Hospital District or Authority,1,2.0,,Y,2026-07-31 00:22:03,6,5,1.0332666666666668,701.0,144.0,High
010024,JACKSON HOSPITAL & CLINIC INC,1725 PINE STREET,MONTGOMERY,MONTGOMERY,AL,36106,(334) 293-8000,Acute Care Hospitals,Voluntary non-profit - Private,1,2.0,,Y,2026-07-31 00:22:03,5,3,0.9888999999999999,809.0,140.0,Medium
010029,THE EAST ALABAMA HEALTHCARE AUTHORITY,2000 PEPPERELL PARKWAY,OPELIKA,LEE,AL,36801,(334) 528-1300,Acute Care Hospitals,Government - Hospital District or Authority,1,3.0,,Y,2026-07-31 00:22:03,6,2,0.9726333333333333,956.0,100.0,Medium
010033,UNIVERSITY OF ALABAMA HOSPITAL,619 SOUTH 19TH STREET,BIRMINGHAM,JEFFERSON,AL,35233,(205) 934-4011,Acute Care Hospitals,Government - State,1,2.0,,Y,2026-07-31 00:22:03,6,4,1.15155,1803.0,341.0,High
010035,CULLMAN REGIONAL MEDICAL CENTER,1912 ALABAMA HIGHWAY 157,CULLMAN,CULLMAN,AL,35058,(256) 737-2000,Acute Care Hospitals,Government - Hospital District or Authority,1,2.0,,Y,2026-07-31 00:22:03,5,2,0.99414,930.0,150.0,Medium
010036,ANDALUSIA HEALTH,849 SOUTH THREE NOTCH STREET,ANDALUSIA,COVINGTON,AL,36420,(334) 222-8466,Acute Care Hospitals,Proprietary,1,2.0,,Y,2026-07-31 00:22:03,4,2,1.02705,271.0,48.0,Medium
010039,HUNTSVILLE HOSPITAL,101 SIVLEY RD,HUNTSVILLE,MADISON,AL,35801,(256) 265-1000,Acute Care Hospitals,Government - Hospital District or Authority,1,3.0,,Y,2026-07-31 00:22:03,6,1,0.9486833333333333,3786.0,562.0,Low
010040,GADSDEN REGIONAL MEDICAL CENTER,1007 GOODYEAR AVENUE,GADSDEN,ETOWAH,AL,35903,(256) 494-4000,Acute Care Hospitals,Proprietary,1,2.0,,Y,2026-07-31 00:22:03,6,3,1.0389166666666667,613.0,116.0,Medium
010044,MARION REGIONAL MEDICAL CENTER,1256 MILITARY STREET SOUTH,HAMILTON,MARION,AL,35570,(205) 921-6200,Acute Care Hospitals,Voluntary non-profit - Private,1,3.0,,,2026-07-31 00:22:03,2,1,0.9739,0.0,0.0,Low
010045,FAYETTE MEDICAL CENTER,1653 TEMPLE AVENUE NORTH,FAYETTE,FAYETTE,AL,35555,(205) 932-5966,Acute Care Hospitals,Voluntary non-profit - Other,1,4.0,,,2026-07-31 00:22:03,3,2,1.0033,0.0,0.0,Medium
010046,RIVERVIEW REGIONAL MEDICAL CENTER,600 SOUTH THIRD STREET,GADSDEN,ETOWAH,AL,35901,(256) 543-5200,Acute Care Hospitals,Proprietary,1,3.0,,,2026-07-31 00:22:03,5,5,1.06688,696.0,159.0,High
010049,MEDICAL CENTER ENTERPRISE,400 N EDWARDS STREET,ENTERPRISE,COFFEE,AL,36330,(334) 347-0584,Acute Care Hospitals,Proprietary,1,4.0,,Y,2026-07-31 00:22:03,4,1,0.94745,309.0,45.0,Low
010052,LAKE MARTIN COMMUNITY HOSPITAL,201 MARIARDEN ROAD,DADEVILLE,TALLAPOOSA,AL,36853,(256) 825-7821,Acute Care Hospitals,Proprietary,1,,16,,2026-07-31 00:22:03,1,1,1.0169,0.0,0.0,Low
010055,FLOWERS HOSPITAL,4370 WEST MAIN STREET,DOTHAN,HOUSTON,AL,36302,(334) 793-5000,Acute Care Hospitals,Proprietary,1,2.0,,Y,2026-07-31 00:22:03,6,4,1.0901833333333333,1297.0,191.0,High
010056,ST VINCENT'S BIRMINGHAM,810 ST VINCENT'S DRIVE,BIRMINGHAM,JEFFERSON,AL,35205,(205) 939-7000,Acute Care Hospitals,Voluntary non-profit - Private,1,3.0,29,Y,2026-07-31 00:22:03,6,4,1.056,950.0,168.0,High
010058,BIBB MEDICAL CENTER,208 PIERSON AVE,CENTREVILLE,BIBB,AL,35042,(205) 926-4881,Acute Care Hospitals,Government - Hospital District or Authority,1,,16,Y,2026-07-31 00:22:03,1,0,0.936,0.0,0.0,Low
010061,HIGHLANDS MEDICAL CENTER,380 WOODS COVE ROAD,SCOTTSBORO,JACKSON,AL,35768,(256) 259-4444,Acute Care Hospitals,Government - Hospital District or Authority,1,3.0,,Y,2026-07-31 00:22:03,3,1,0.9747666666666666,124.0,15.0,Low
010065,RUSSELL MEDICAL CENTER,3316 HIGHWAY 280,ALEXANDER CITY,TALLAPOOSA,AL,35010,(256) 329-7100,Acute Care Hospitals,Voluntary non-profit - Private,1,3.0,,Y,2026-07-31 00:22:03,5,2,0.9511200000000001,71.0,11.0,Medium
010073,CLAY COUNTY HOSPITAL,83825 HIGHWAY 9    P O BOX 1270,ASHLAND,CLAY,AL,36251,(256) 354-2131,Acute Care Hospitals,Government - Hospital District or Authority,1,,16,,2026-07-31 00:22:03,1,0,0.9776,0.0,0.0,Low
010078,NORTHEAST ALABAMA REGIONAL MEDICAL CENTER,400 EAST 10TH STREET,ANNISTON,CALHOUN,AL,36207,(256) 235-5121,Acute Care Hospitals,Government - Local,1,1.0,,Y,2026-07-31 00:22:03,5,2,1.08584,1204.0,200.0,Medium
010079,ATHENS LIMESTONE HOSPITAL,700 WEST MARKET STREET,ATHENS,LIMESTONE,AL,35611,(256) 233-9292,Acute Care Hospitals,Government - Hospital District or Authority,1,2.0,,Y,2026-07-31 00:22:03,4,3,1.032075,412.0,73.0,Medium
010083,BALDWIN HEALTH,1613 NORTH MCKENZIE STREET,FOLEY,BALDWIN,AL,36535,(251) 949-3400,Acute Care Hospitals,Proprietary,1,4.0,,Y,2026-07-31 00:22:03,5,3,1.04566,742.0,117.0,Medium
010085,DECATUR MORGAN HOSPITAL - DECATUR CAMPUS,1201 7TH STREET SE,DECATUR,MORGAN,AL,35601,(256) 341-2000,Acute Care Hospitals,Government - Hospital District or Authority,1,3.0,,Y,2026-07-31 00:22:03,5,0,0.96532,916.0,138.0,Low
010086,NORTHWEST MEDICAL CENTER,1530 U S HIGHWAY 43,WINFIELD,FAYETTE,AL,35594,(205) 487-7000,Acute Care Hospitals,Proprietary,1,4.0,,,2026-07-31 00:22:03,3,1,0.9480333333333334,0.0,0.0,Low
010087,USA HEALTH UNIVERSITY HOSPITAL,2451 FILLINGIM STREET,MOBILE,MOBILE,AL,36617,(251) 471-7110,Acute Care Hospitals,Government - State,1,2.0,,,2026-07-31 00:22:03,3,1,0.9916333333333335,55.0,12.0,Low
010089,WALKER BAPTIST MEDICAL CENTER,3400 HIGHWAY 78 EAST,JASPER,WALKER,AL,35502,(205) 387-4000,Acute Care Hospitals,Proprietary,1,3.0,,Y,2026-07-31 00:22:03,3,2,1.0047,403.0,70.0,Medium
010090,"USA HEALTH HCA PROVIDENCE HOSPITAL, LLC",6801 AIRPORT BOULEVARD,MOBILE,MOBILE,AL,36608,(251) 633-1000,Acute Care Hospitals,Voluntary non-profit - Church,1,3.0,,Y,2026-07-31 00:22:03,6,3,1.0155166666666666,615.0,119.0,Medium
010092,DCH REGIONAL MEDICAL CENTER,809 UNIVERSITY BOULEVARD EAST,TUSCALOOSA,TUSCALOOSA,AL,35401,(205) 759-7111,Acute Care Hospitals,Government - Hospital District or Authority,1,2.0,,Y,2026-07-31 00:22:03,4,4,1.080475,1601.0,311.0,High
010097,ELMORE COMMUNITY HOSPITAL,500 HOSPITAL DRIVE,WETUMPKA,ELMORE,AL,36092,(334) 567-4311,Acute Care Hospitals,Proprietary,1,,16,,2026-07-31 00:22:03,1,1,1.0135,0.0,0.0,Low
010099,D W MCMILLAN MEMORIAL HOSPITAL,1301 BELLEVILLE AVENUE,BREWTON,ESCAMBIA,AL,36426,(251) 867-8061,Acute Care Hospitals,Government - Hospital District or Authority,1,1.0,,Y,2026-07-31 00:22:03,2,1,0.99805,0.0,0.0,Low
010100,THOMAS HOSPITAL,750 MORPHY AVENUE,FAIRHOPE,BALDWIN,AL,36532,(251) 928-2375,Acute Care Hospitals,Voluntary non-profit - Private,1,2.0,,Y,2026-07-31 00:22:03,6,4,1.0030333333333334,1118.0,192.0,High
010101,CITIZENS BAPTIST MEDICAL CENTER,604 STONE AVENUE,TALLADEGA,TALLADEGA,AL,35160,(256) 761-4542,Acute Care Hospitals,Voluntary non-profit - Private,1,1.0,,,2026-07-31 00:22:03,2,1,1.0499,50.0,17.0,Low
010103,PRINCETON BAPTIST MEDICAL CENTER,701 PRINCETON AVENUE SOUTHWEST,BIRMINGHAM,JEFFERSON,AL,35211,(205) 783-3800,Acute Care Hospitals,Voluntary non-profit - Church,1,3.0,,,2026-07-31 00:22:03,6,2,0.9833,467.0,73.0,Medium
010104,GRANDVIEW MEDICAL CENTER,3690 GRANDVIEW PARKWAY,BIRMINGHAM,JEFFERSON,AL,35243,(205) 971-1000,Acute Care Hospitals,Proprietary,1,3.0,,Y,2026-07-31 00:22:03,6,3,1.01545,1802.0,267.0,Medium
010108,PRATTVILLE BAPTIST HOSPITAL,124 S MEMORIAL DR,PRATTVILLE,AUTAUGA,AL,36067,(334) 361-4267,Acute Care Hospitals,Government - Hospital District or Authority,1,3.0,,,2026-07-31 00:22:03,3,1,1.0055333333333334,404.0,72.0,Low
010112,WHITFIELD REGIONAL HOSPITAL,105 HIGHWAY 80 EAST,DEMOPOLIS,MARENGO,AL,36732,(334) 289-4000,Acute Care Hospitals,Government - Hospital District or Authority,1,2.0,,,2026-07-31 00:22:03,2,1,0.98825,51.0,13.0,Low
010113,MOBILE INFIRMARY MEDICAL CENTER,5 MOBILE INFIRMARY CIRCLE,MOBILE,MOBILE,AL,36607,(251) 435-4700,Acute Care Hospitals,Voluntary non-profit - Private,1,2.0,,Y,2026-07-31 00:22:03,6,3,1.0132166666666667,1056.0,203.0,Medium
010114,"MEDICAL WEST, AN AFFILIATE OF UAB HEALTH SYSTEM",995 9TH AVENUE SOUTHWEST,BESSEMER,JEFFERSON,AL,35022,(205) 481-7000,Acute Care Hospitals,Government - Hospital District or Authority,1,3.0,,Y,2026-07-31 00:22:03,3,0,0.9633333333333334,261.0,42.0,Low
010118,VAUGHAN REGIONAL MEDICAL CENTER PARKWAY CAMPUS,1015 MEDICAL CENTER PARKWAY,SELMA,DALLAS,AL,36701,(334) 418-4100,Acute Care Hospitals,Proprietary,1,2.0,,Y,2026-07-31 00:22:03,3,2,1.0057666666666667,95.0,22.0,Medium
010120,MONROE COUNTY HOSPITAL,2016 SOUTH ALABAMA AVENUE,MONROEVILLE,MONROE,AL,36460,(251) 575-3111,Acute Care Hospitals,Government - Hospital District or Authority,1,1.0,,,2026-07-31 00:22:03,2,2,1.02725,0.0,0.0,Medium
010125,LAKELAND COMMUNITY HOSPITAL,42024 HIGHWAY 195 E,HALEYVILLE,WINSTON,AL,35565,(205) 485-7117,Acute Care Hospitals,Proprietary,1,3.0,,,2026-07-31 00:22:03,3,1,0.9860000000000001,284.0,34.0,Low
010126,TROY REGIONAL MEDICAL CENTER,1330 HIGHWAY 231 SOUTH,TROY,PIKE,AL,36081,(334) 670-5000,Acute Care Hospitals,Government - Federal,1,4.0,,,2026-07-31 00:22:03,2,1,1.0155,0.0,0.0,Low
010128,JACKSON MEDICAL CENTER,220 HOSPITAL DRIVE,JACKSON,CLARKE,AL,36545,(251) 246-9021,Acute Care Hospitals,Proprietary,1,,16,,2026-07-31 00:22:03,1,0,0.9666,0.0,0.0,Low
010129,NORTH BALDWIN INFIRMARY,1815 HAND AVENUE,BAY MINETTE,BALDWIN,AL,36507,(251) 937-5521,Acute Care Hospitals,Voluntary non-profit - Private,1,3.0,,Y,2026-07-31 00:22:03,2,1,1.008,0.0,0.0,Low
010130,ST VINCENT'S ST CLAIR,7063 VETERANS PARKWAY,PELL CITY,ST. CLAIR,AL,35125,(205) 338-3301,Acute Care Hospitals,Voluntary non-profit - Private,1,3.0,29,,2026-07-31 00:22:03,3,2,1.0214666666666667,174.0,34.0,Medium
010131,CRESTWOOD MEDICAL CENTER,ONE HOSPITAL DR SE,HUNTSVILLE,MADISON,AL,35801,(256) 429-4000,Acute Care Hospitals,Proprietary,1,3.0,,Y,2026-07-31 00:22:03,5,3,1.0425,850.0,163.0,Medium
010139,BAPTIST HEALTH BROOKWOOD HOSPITAL,1280 COLUMBIANA ROAD STE 102,VESTAVIA,JEFFERSON,AL,35216,(205) 877-1000,Acute Care Hospitals,Proprietary,1,3.0,,Y,2026-07-31 00:22:03,5,1,0.95766,310.0,46.0,Low
010144,SPRINGHILL MEDICAL CENTER,3719 DAUPHIN STREET,MOBILE,MOBILE,AL,36608,(251) 460-5220,Acute Care Hospitals,Proprietary,1,3.0,,Y,2026-07-31 00:22:03,6,3,1.01155,517.0,99.0,Medium
010148,EVERGREEN MEDICAL CENTER,101 CRESTVIEW AVENUE,EVERGREEN,CONECUH,AL,36401,(251) 578-2480,Acute Care Hospitals,Proprietary,1,3.0,,,2026-07-31 00:22:03,3,1,0.9927666666666667,80.0,11.0,Low
010149,BAPTIST MEDICAL CENTER EAST,400 TAYLOR ROAD,MONTGOMERY,MONTGOMERY,AL,36117,(334) 244-8330,Acute Care Hospitals,Government - Hospital District or Authority,1,4.0,,Y,2026-07-31 00:22:03,4,3,1.037075,592.0,119.0,Medium
010158,RUSSELLVILLE HOSPITAL,15155 HIGHWAY 43,RUSSELLVILLE,FRANKLIN,AL,35653,(256) 332-1611,Acute Care Hospitals,Proprietary,1,4.0,,,2026-07-31 00:22:03,3,2,1.0995333333333335,92.0,15.0,Medium
010164,COOSA VALLEY MEDICAL CENTER,315 W HICKORY ST,SYLACAUGA,TALLADEGA,AL,35150,(256) 249-5000,Acute Care Hospitals,Government - Hospital District or Authority,1,3.0,,Y,2026-07-31 00:22:03,3,2,1.0439666666666667,180.0,39.0,Medium
010168,JACK HUGHSTON MEMORIAL HOSPITAL,4401 RIVER CHASE DRIVE,PHENIX CITY,RUSSELL,AL,36867,(334) 732-3000,Acute Care Hospitals,Government - State,1,4.0,,,2026-07-31 00:22:03,1,1,1.0187,0.0,0.0,Low
010169,ATMORE COMMUNITY HOSPITAL,401 MEDICAL PARK DRIVE,ATMORE,ESCAMBIA,AL,36502,(251) 368-2500,Acute Care Hospitals,Government - Hospital District or Authority,1,3.0,,,2026-07-31 00:22:03,1,1,1.038,0.0,0.0,Low
010173,ST VINCENT'S CHILTON,2030 LAY DAM ROAD,CLANTON,CHILTON,AL,35045,(205) 258-4400,Acute Care Hospitals,Voluntary non-profit - Church,1,,16,,2026-07-31 00:22:03,1,0,0.9608,0.0,0.0,Low
020001,PROVIDENCE ALASKA MEDICAL CENTER,3200 PROVIDENCE DRIVE,ANCHORAGE,ANCHORAGE,AK,99508,(907) 562-2211,Acute Care Hospitals,Voluntary non-profit - Church,1,3.0,,Y,2026-07-31 00:22:03,6,0,0.9266166666666665,1480.0,181.0,Low
020006,MAT-SU REGIONAL MEDICAL CENTER,2500 SOUTH WOODWORTH LOOP,PALMER,MATANUSKA-SUSITNA,AK,99645,(907) 861-6000,Acute Care Hospitals,Voluntary non-profit - Other,1,3.0,,,2026-07-31 00:22:03,5,2,0.97334,848.0,127.0,Medium
020008,BARTLETT REGIONAL HOSPITAL,3260 HOSPITAL DR,JUNEAU,JUNEAU,AK,99801,(907) 796-8900,Acute Care Hospitals,Government - Local,1,4.0,,Y,2026-07-31 00:22:03,3,2,1.0006666666666666,119.0,23.0,Medium
020012,FAIRBANKS MEMORIAL HOSPITAL,1650 COWLES STREET,FAIRBANKS,FAIRBANKS NORTH STAR,AK,99701,(907) 452-8181,Acute Care Hospitals,Voluntary non-profit - Private,1,2.0,,Y,2026-07-31 00:22:03,5,2,0.97238,298.0,34.0,Medium
020017,ALASKA REGIONAL HOSPITAL,2801 DEBARR ROAD,ANCHORAGE,ANCHORAGE,AK,99508,(907) 276-1131,Acute Care Hospitals,Proprietary,1,1.0,,Y,2026-07-31 00:22:03,6,5,1.0864333333333334,1155.0,167.0,High
020018,YUKON KUSKOKWIM DELTA REG HOSPITAL,PO BOX 287,BETHEL,BETHEL,AK,99559,(907) 543-6000,Acute Care Hospitals,Tribal,1,5.0,,Y,2026-07-31 00:22:03,2,0,0.9464999999999999,0.0,0.0,Low
020024,CENTRAL PENINSULA GENERAL HOSPITAL,250 HOSPITAL PLACE,SOLDOTNA,KENAI PENINSULA,AK,99669,(907) 262-4404,Acute Care Hospitals,Voluntary non-profit - Other,1,2.0,,Y,2026-07-31 00:22:03,4,3,1.024675,470.0,115.0,Medium
020026,ALASKA NATIVE MEDICAL CENTER,4315 DIPLOMACY DR,ANCHORAGE,ANCHORAGE,AK,99508,(907) 563-2662,Acute Care Hospitals,Government - Federal,1,2.0,,Y,2026-07-31 00:22:03,5,1,0.94712,303.0,49.0,Low
030002,BANNER - UNIVERSITY MEDICAL CENTER PHOENIX,1111 EAST MCDOWELL ROAD,PHOENIX,MARICOPA,AZ,85006,(602) 839-2000,Acute Care Hospitals,Voluntary non-profit - Other,1,3.0,,Y,2026-07-31 00:22:03,5,2,0.96546,529.0,115.0,Medium
030006,TUCSON MEDICAL CENTER,5301 EAST GRANT ROAD,TUCSON,PIMA,AZ,85712,(520) 324-1399,Acute Care Hospitals,Voluntary non-profit - Private,1,2.0,,Y,2026-07-31 00:22:03,6,3,1.0797333333333332,1915.0,324.0,Medium
030007,VERDE VALLEY MEDICAL CENTER,269 SOUTH CANDY LANE,COTTONWOOD,YAVAPAI,AZ,86326,(928) 773-2357,Acute Care Hospitals,Voluntary non-profit - Private,1,4.0,,Y,2026-07-31 00:22:03,4,1,0.9275,492.0,53.0,Low
030010,ST. MARY'S HOSPITAL,1601 WEST ST MARY'S ROAD,TUCSON,PIMA,AZ,85745,(520) 872-3000,Acute Care Hospitals,Voluntary non-profit - Private,1,2.0,,,2026-07-31 00:22:03,5,2,1.00766,548.0,85.0,Medium
030011,ST JOSEPH'S HOSPITAL,350 NORTH WILMOT ROAD,TUCSON,PIMA,AZ,85711,(520) 873-3000,Acute Care Hospitals,Voluntary non-profit - Other,1,3.0,,Y,2026-07-31 00:22:03,5,2,0.9933400000000001,486.0,71.0,Medium
030012,YAVAPAI REGIONAL MEDICAL CENTER,1003 WILLOW CREEK ROAD,PRESCOTT,YAVAPAI,AZ,86301,(928) 445-2700,Acute Care Hospitals,Voluntary non-profit - Private,1,2.0,,Y,2026-07-31 00:22:03,6,3,0.9819999999999999,1918.0,262.0,Medium
030013,YUMA REGIONAL MEDICAL CENTER,2400 SOUTH AVENUE A,YUMA,YUMA,AZ,85364,(928) 336-7600,Acute Care Hospitals,Voluntary non-profit - Private,1,2.0,,Y,2026-07-31 00:22:03,6,2,0.9808166666666667,1546.0,248.0,Medium
030014,HONOR HEALTH JOHN C. LINCOLN MEDICAL CENTER,250 EAST DUNLAP AVENUE,PHOENIX,MARICOPA,AZ,85020,(602) 943-2381,Acute Care Hospitals,Voluntary non-profit - Private,1,3.0,,,2026-07-31 00:22:03,5,2,0.98962,661.0,99.0,Medium
030016,BANNER CASA GRANDE MEDICAL CENTER,1800 EAST FLORENCE BOULEVARD,CASA GRANDE,PINAL,AZ,85122,(520) 381-6300,Acute Care Hospitals,Voluntary non-profit - Other,1,2.0,,Y,2026-07-31 00:22:03,4,3,1.03805,526.0,102.0,Medium
030022,VALLEYWISE HEALTH MEDICAL CENTER,2601 EAST ROOSEVELT STREET,PHOENIX,MARICOPA,AZ,85008,(602) 344-5011,Acute Care Hospitals,Government - Local,0,1.0,,Y,2026-07-31 00:22:03,2,2,1.0407000000000002,38.0,12.0,Medium
030023,FLAGSTAFF MEDICAL CENTER,1200 NORTH BEAVER STREET,FLAGSTAFF,COCONINO,AZ,86001,(928) 779-3366,Acute Care Hospitals,Voluntary non-profit - Private,1,4.0,,Y,2026-07-31 00:22:03,6,2,0.9830666666666668,724.0,113.0,Medium
030024,ST JOSEPHS HOSPITAL AND MEDICAL CENTER,350 WEST THOMAS ROAD,PHOENIX,MARICOPA,AZ,85013,(602) 406-8225,Acute Care Hospitals,Voluntary non-profit - Church,1,4.0,,Y,2026-07-31 00:22:03,5,3,1.00838,722.0,111.0,Medium
030030,ABRAZO CENTRAL CAMPUS,2000 WEST BETHANY HOME ROAD,PHOENIX,MARICOPA,AZ,85015,(602) 249-0212,Acute Care Hospitals,Physician,1,2.0,,,2026-07-31 00:22:03,2,1,0.9951,74.0,13.0,Low
030036,CHANDLER REGIONAL MEDICAL CENTER,1955 WEST FRYE ROAD,CHANDLER,MARICOPA,AZ,85224,(480) 728-3000,Acute Care Hospitals,Voluntary non-profit - Private,1,4.0,,Y,2026-07-31 00:22:03,5,2,0.9792400000000001,2133.0,324.0,Medium
030038,HONORHEALTH SCOTTSDALE OSBORN MEDICAL CENTER,7400 EAST OSBORN ROAD,SCOTTSDALE,MARICOPA,AZ,85251,(480) 882-4004,Acute Care Hospitals,Proprietary,1,3.0,,,2026-07-31 00:22:03,5,3,0.9905000000000002,1067.0,184.0,Medium
030043,CANYON VISTA MEDICAL CENTER,5700 EAST HIGHWAY 90,SIERRA VISTA,COCHISE,AZ,85635,(520) 263-2220,Acute Care Hospitals,Voluntary non-profit - Other,1,2.0,,Y,2026-07-31 00:22:03,5,4,1.01906,661.0,108.0,High
030055,KINGMAN REGIONAL MEDICAL CENTER,3269 STOCKTON HILL ROAD,KINGMAN,MOHAVE,AZ,86401,(928) 757-2101,Acute Care Hospitals,Government - Hospital District or Authority,1,3.0,,Y,2026-07-31 00:22:03,4,2,0.975725,626.0,107.0,Medium
030061,BANNER BOSWELL MEDICAL CENTER,13632 N 99TH AVE,SUN CITY,MARICOPA,AZ,85351,(623) 832-4000,Acute Care Hospitals,Voluntary non-profit - Other,1,3.0,,,2026-07-31 00:22:03,6,4,1.0170000000000001,2315.0,411.0,High
030062,SUMMIT HEALTHCARE REGIONAL MEDICAL CENTER,2200 EAST SHOW LOW LAKE ROAD,SHOW LOW,NAVAJO,AZ,85901,(928) 537-4375,Acute Care Hospitals,Voluntary non-profit - Private,1,4.0,,Y,2026-07-31 00:22:03,5,2,0.98932,419.0,57.0,Medium
030064,BANNER - UNIVERSITY MEDICAL CENTER TUCSON CAMPUS,1625 NORTH CAMPBELL AVENUE,TUCSON,PIMA,AZ,85719,(520) 874-4189,Acute Care Hospitals,Voluntary non-profit - Private,1,3.0,,Y,2026-07-31 00:22:03,5,0,0.9542400000000001,656.0,104.0,Low
030065,BANNER DESERT MEDICAL CENTER,1400 SOUTH  DOBSON ROAD,MESA,MARICOPA,AZ,85202,(480) 412-3000,Acute Care Hospitals,Voluntary non-profit - Private,1,2.0,,Y,2026-07-31 00:22:03,5,4,1.03292,1289.0,231.0,High
030069,HAVASU REGIONAL MEDICAL CENTER,101 CIVIC CENTER LANE,LAKE HAVASU CITY,MOHAVE,AZ,86403,(928) 855-8185,Acute Care Hospitals,Proprietary,1,3.0,,Y,2026-07-31 00:22:03,6,3,0.9865499999999999,868.0,140.0,Medium
030071,FORT DEFIANCE INDIAN HOSPITAL,PO BOX 649,FT. DEFIANCE,APACHE,AZ,86504,(928) 729-8000,Acute Care Hospitals,Tribal,1,,16,Y,2026-07-31 00:22:03,2,2,1.0409000000000002,0.0,0.0,Medium
030073,TUBA CITY REGIONAL HEALTH CARE CORPORATION,PO BOX 600,TUBA CITY,COCONINO,AZ,86045,(928) 283-2501,Acute Care Hospitals,Voluntary non-profit - Other,0,,16,Y,2026-07-31 00:22:03,1,0,0.945,0.0,0.0,Low
030083,ABRAZO SCOTTSDALE CAMPUS,3929 EAST BELL ROAD,PHOENIX,MARICOPA,AZ,85032,(602) 923-5609,Acute Care Hospitals,Proprietary,1,3.0,,,2026-07-31 00:22:03,4,1,0.952725,226.0,28.0,Low
030084,CHINLE COMPREHENSIVE HEALTH CARE FACILITY,"US HWY 191, HOSPITAL ROAD",CHINLE,APACHE,AZ,86503,(928) 674-7001,Acute Care Hospitals,Government - Federal,1,,16,Y,2026-07-31 00:22:03,2,2,1.044,82.0,12.0,Medium
030085,NORTHWEST MEDICAL CENTER,6200 NORTH LA CHOLLA BOULEVARD,TUCSON,PIMA,AZ,85741,(520) 469-8100,Acute Care Hospitals,Proprietary,1,2.0,,Y,2026-07-31 00:22:03,6,2,0.9751833333333333,1294.0,174.0,Medium
030087,HONORHEALTH SCOTTSDALE SHEA MEDICAL CENTER,9003 EAST SHEA BOULEVARD,SCOTTSDALE,MARICOPA,AZ,85260,(480) 323-3000,Acute Care Hospitals,Proprietary,1,3.0,,Y,2026-07-31 00:22:03,6,6,1.0641333333333334,1987.0,337.0,High
030088,BANNER BAYWOOD MEDICAL CENTER,6644 EAST BAYWOOD AVENUE,MESA,MARICOPA,AZ,85206,(480) 321-2000,Acute Care Hospitals,Voluntary non-profit - Private,1,2.0,,,2026-07-31 00:22:03,4,1,0.9636,1334.0,199.0,Low
030089,BANNER THUNDERBIRD MEDICAL CENTER,5555 WEST THUNDERBIRD ROAD,GLENDALE,MARICOPA,AZ,85306,(602) 865-4470,Acute Care Hospitals,Government - Hospital District or Authority,0,4.0,,Y,2026-07-31 00:22:03,5,3,0.98308,1239.0,210.0,Medium
030092,HONORHEALTH DEER VALLEY MEDICAL CENTER,19829 NORTH 27TH AVENUE,PHOENIX,MARICOPA,AZ,85027,(623) 879-6100,Acute Care Hospitals,Voluntary non-profit - Private,1,3.0,,,2026-07-31 00:22:03,6,5,1.0729,981.0,169.0,High
030093,BANNER DEL E. WEBB MEDICAL CENTER,14502 WEST MEEKER BOULEVARD,SUN CITY WEST,MARICOPA,AZ,85375,(623) 524-4000,Acute Care Hospitals,Voluntary non-profit - Private,1,3.0,,Y,2026-07-31 00:22:03,5,2,0.9878,2294.0,399.0,Medium
030094,ABRAZO ARROWHEAD HOSPITAL,18701 NORTH 67TH AVENUE,GLENDALE,MARICOPA,AZ,85308,(623) 561-1000,Acute Care Hospitals,Proprietary,1,2.0,,Y,2026-07-31 00:22:03,6,4,1.0007333333333335,1294.0,205.0,High
030101,WESTERN ARIZONA REGIONAL MEDICAL CENTER,2735 SILVER CREEK ROAD,BULLHEAD CITY,MOHAVE,AZ,86442,(928) 763-2273,Acute Care Hospitals,Proprietary,1,2.0,,,2026-07-31 00:22:03,5,1,0.9796400000000001,623.0,97.0,Low
030103,MAYO CLINIC HOSPITAL,5777 EAST MAYO BOULEVARD,PHOENIX,MARICOPA,AZ,85054,(480) 342-4201,Acute Care Hospitals,Voluntary non-profit - Private,1,5.0,,,2026-07-31 00:22:03,6,3,1.0025333333333333,2717.0,421.0,Medium
030105,BANNER HEART HOSPITAL,6750 EAST BAYWOOD AVENUE,MESA,MARICOPA,AZ,85206,(480) 854-5050,Acute Care Hospitals,Voluntary non-profit - Private,0,2.0,,,2026-07-31 00:22:03,4,1,0.99125,1042.0,132.0,Low
030107,ARIZONA SPINE AND JOINT HOSPITAL,4620 EAST BASELINE ROAD,MESA,MARICOPA,AZ,85206,(480) 832-4770,Acute Care Hospitals,Physician,0,,16,,2026-07-31 00:22:03,1,0,0.7975,705.0,22.0,Low
030108,THE CORE INSTITUTE SPECIALTY HOSP,6501 NORTH 19TH AVENUE,PHOENIX,MARICOPA,AZ,85015,(602) 795-6020,Acute Care Hospitals,Physician,0,,16,,2026-07-31 00:22:03,1,1,1.0051,0.0,0.0,Low
030110,ABRAZO WEST CAMPUS,SALLIE,GOODYEAR,MARICOPA,AZ,85395,(623) 882-1970,Acute Care Hospitals,Proprietary,1,2.0,,Y,2026-07-31 00:22:03,4,2,0.994675,659.0,104.0,Medium
030111,BANNER-UNIVERSITY MEDICAL CENTER SOUTH CAMPUS,2800 EAST AJO WAY,TUCSON,PIMA,AZ,85713,(520) 874-2000,Acute Care Hospitals,Voluntary non-profit - Private,1,4.0,,,2026-07-31 00:22:03,4,1,0.998975,204.0,34.0,Low
030112,ARIZONA ORTHOPEDIC AND SURGICAL SPECIALTY HOSPITAL,750 NORTH 40TH STREET,PHOENIX,MARICOPA,AZ,85008,(480) 603-9000,Acute Care Hospitals,Proprietary,0,,16,,2026-07-31 00:22:03,1,1,1.2591,261.0,16.0,Low
030113,WHITERIVER PHS INDIAN HOSPITAL,200 WEST HOSPITAL DRIVE  (PO BOX 860),WHITERIVER,NAVAJO,AZ,85941,(928) 338-4911,Acute Care Hospitals,Government - Federal,0,,16,Y,2026-07-31 00:22:03,1,0,0.969,0.0,0.0,Low
030114,ORO VALLEY HOSPITAL,1551 EAST TANGERINE ROAD,ORO VALLEY,PIMA,AZ,85755,(520) 901-3500,Acute Care Hospitals,Proprietary,1,3.0,,,2026-07-31 00:22:03,5,1,0.94206,664.0,94.0,Low
030115,BANNER ESTRELLA MEDICAL CENTER,9201 WEST THOMAS ROAD,PHOENIX,MARICOPA,AZ,85037,(623) 327-4000,Acute Care Hospitals,Voluntary non-profit - Private,1,3.0,,Y,2026-07-31 00:22:03,5,4,1.00396,679.0,128.0,High
030117,VALLEY VIEW MEDICAL CENTER,5330 SOUTH HIGHWAY 95,FORT MOHAVE,MOHAVE,AZ,86426,(928) 788-2273,Acute Care Hospitals,Proprietary,1,2.0,,Y,2026-07-31 00:22:03,3,1,0.9814666666666666,0.0,0.0,Low
030119,MERCY GILBERT MEDICAL CENTER,3555 SOUTH VAL VISTA DRIVE,GILBERT,MARICOPA,AZ,85297,(480) 728-8000,Acute Care Hospitals,Voluntary non-profit - Church,1,5.0,,Y,2026-07-31 00:22:03,5,2,1.0191599999999998,1259.0,235.0,Medium
030121,HONORHEALTH FOUR PEAKS MEDICAL CENTER,1301 SOUTH CRISMON ROAD,MESA,MARICOPA,AZ,85209,(480) 358-6100,Acute Care Hospitals,Proprietary,1,2.0,,Y,2026-07-31 00:22:03,5,1,0.98752,322.0,42.0,Low
030122,BANNER GATEWAY MEDICAL CENTER,1900 NORTH HIGLEY ROAD,GILBERT,MARICOPA,AZ,85234,(480) 543-2000,Acute Care Hospitals,Voluntary non-profit - Other,1,3.0,,Y,2026-07-31 00:22:03,3,1,0.9964666666666666,486.0,81.0,Low
030123,HONORHEALTH SCOTTSDALE THOMPSON PEAK MED CTR,7400 EAST THOMPSON PEAK PARKWAY,SCOTTSDALE,MARICOPA,AZ,85255,(480) 324-7001,Acute Care Hospitals,Voluntary non-profit - Private,1,5.0,,,2026-07-31 00:22:03,5,3,1.03938,1156.0,164.0,Medium
030130,BANNER IRONWOOD MEDICAL CENTER,37000 NORTH GANTZEL ROAD,QUEEN CREEK,PINAL,AZ,85140,(480) 394-4000,Acute Care Hospitals,Voluntary non-profit - Private,1,3.0,,Y,2026-07-31 00:22:03,3,2,1.0162,375.0,66.0,Medium
030134,BANNER GOLDFIELD MEDICAL CENTER,2050 WEST SOUTHERN AVENUE,APACHE JUNCTION,PINAL,AZ,85120,(480) 733-3300,Acute Care Hospitals,Voluntary non-profit - Other,1,5.0,,,2026-07-31 00:22:03,2,1,0.99475,100.0,12.0,Low
030136,DIGNITY HEALTH - ARIZONA GENERAL HOSPITAL,7171 SOUTH 51ST AVENUE,LAVEEN,MARICOPA,AZ,85339,(623) 584-5100,Acute Care Hospitals,Proprietary,0,,16,,2026-07-31 00:22:03,1,0,0.9795,0.0,0.0,Low
030139,DIGNITY HEALTH ARIZONA GENERAL HOSPITAL,9130 EAST ELLIOT ROAD,MESA,MARICOPA,AZ,85212,(480) 410-4500,Acute Care Hospitals,Voluntary non-profit - Private,1,5.0,,,2026-07-31 00:22:03,3,1,0.9813000000000001,139.0,13.0,Low
030146,HONORHEALTH SONORAN CROSSING MEDICAL CENTER,33400 NORTH 32ND AVENUE,PHOENIX,MARICOPA,AZ,85085,(480) 882-4327,Acute Care Hospitals,Voluntary non-profit - Private,1,4.0,,Y,2026-07-31 00:22:03,4,3,1.05745,252.0,54.0,Medium
030147,BANNER OCOTILLO MEDICAL CENTER,1405 SOUTH ALMA SCHOOL ROAD,CHANDLER,MARICOPA,AZ,85286,(480) 256-7000,Acute Care Hospitals,Voluntary non-profit - Private,1,3.0,,Y,2026-07-31 00:22:03,2,2,1.0914,310.0,64.0,Medium
030148,NORTHWEST MEDICAL CENTER SAHUARITA,16260 SOUTH RANCHO SAHUARITA BOULEVARD,SAHUARITA,PIMA,AZ,85629,(520) 416-7100,Acute Care Hospitals,Voluntary non-profit - Private,1,3.0,,,2026-07-31 00:22:03,4,3,1.0223,416.0,62.0,Medium
030154,EXCEPTIONAL COMMUNITY HOSPITAL YUMA,2648 SOUTH ARABY RD,YUMA,YUMA,AZ,85365,(469) 341-7800,Acute Care Hospitals,Proprietary,1,,16,,2026-07-31 00:22:03,1,0,0.99,0.0,0.0,Low
040001,SILOAM SPRINGS REGIONAL HOSPITAL,603 NORTH PROGRESS AVENUE,SILOAM SPRINGS,BENTON,AR,72761,(479) 524-4141,Acute Care Hospitals,Proprietary,1,3.0,,,2026-07-31 00:22:03,2,2,1.0082499999999999,78.0,11.0,Medium
040002,JOHNSON REGIONAL MEDICAL CENTER,1100 EAST POPLAR STREET,CLARKSVILLE,JOHNSON,AR,72830,(479) 754-5454,Acute Care Hospitals,Voluntary non-profit - Private,1,4.0,,Y,2026-07-31 00:22:03,3,2,1.0164666666666669,103.0,19.0,Medium
040004,WASHINGTON REGIONAL MEDICAL CENTER,3215 N NORTH HILLS BOULEVARD,FAYETTEVILLE,WASHINGTON,AR,72703,(479) 463-5113,Acute Care Hospitals,Voluntary non-profit - Private,1,4.0,,Y,2026-07-31 00:22:03,6,1,0.9080166666666667,1586.0,201.0,Low
040007,CHI-ST VINCENT INFIRMARY,TWO ST VINCENT CIRCLE,LITTLE ROCK,PULASKI,AR,72205,(501) 552-3000,Acute Care Hospitals,Voluntary non-profit - Private,1,3.0,,,2026-07-31 00:22:03,5,2,0.95914,1223.0,184.0,Medium
040010,MERCY HOSPITAL NORTHWEST ARKANSAS,2710 SOUTH RIFE MEDICAL LANE,ROGERS,BENTON,AR,72758,(479) 338-8000,Acute Care Hospitals,Voluntary non-profit - Private,1,5.0,,Y,2026-07-31 00:22:03,5,2,0.98896,1210.0,191.0,Medium
040011,CHAMBERS MEMORIAL HOSPITAL,719 DETROIT STREET,DANVILLE,YELL,AR,72833,(479) 495-2241,Acute Care Hospitals,Voluntary non-profit - Private,1,4.0,,,2026-07-31 00:22:03,3,2,0.9939666666666667,228.0,32.0,Medium
040014,WHITE COUNTY MEDICAL CENTER,3214 EAST RACE AVENUE,SEARCY,WHITE,AR,72143,(501) 278-3100,Acute Care Hospitals,Voluntary non-profit - Private,1,2.0,,Y,2026-07-31 00:22:03,5,3,1.01718,1244.0,237.0,Medium
040016,University of Arkansas Medical Sciences,4301 WEST MARKHAM STREET MAIL SLOT 612,LITTLE ROCK,PULASKI,AR,72205,(501) 686-5000,Acute Care Hospitals,Government - State,1,2.0,,Y,2026-07-31 00:22:03,4,1,0.997425,694.0,128.0,Low
040017,NORTH ARKANSAS REGIONAL MEDICAL CENTER,620 NORTH MAIN STREET,HARRISON,BOONE,AR,72601,(870) 414-4000,Acute Care Hospitals,Voluntary non-profit - Private,1,2.0,,Y,2026-07-31 00:22:03,4,2,0.9938,217.0,30.0,Medium
040019,FORREST CITY MEDICAL CENTER,1601 NEWCASTLE ROAD,FORREST CITY,ST. FRANCIS,AR,72335,(870) 261-0000,Acute Care Hospitals,Proprietary,1,,16,Y,2026-07-31 00:22:03,1,1,1.0071,0.0,0.0,Low
040020,ST BERNARDS MEDICAL CENTER,225 E WASHINGTON AVE,JONESBORO,CRAIGHEAD,AR,72401,(870) 972-4100,Acute Care Hospitals,Voluntary non-profit - Private,1,1.0,,Y,2026-07-31 00:22:03,5,4,1.07704,1591.0,295.0,High
040022,NORTHWEST MEDICAL CENTER-SPRINGDALE,609 WEST MAPLE AVENUE,SPRINGDALE,WASHINGTON,AR,72764,(479) 751-5711,Acute Care Hospitals,Proprietary,1,3.0,,Y,2026-07-31 00:22:03,4,0,0.946,900.0,125.0,Low
040026,CHI ST. VINCENT HOSPITAL HOT SPRINGS,300 WERNER STREET,HOT SPRINGS,GARLAND,AR,71903,(501) 622-1000,Acute Care Hospitals,Voluntary non-profit - Private,1,3.0,,Y,2026-07-31 00:22:03,6,4,1.0262166666666666,1531.0,278.0,High
040027,BAXTER HEALTH,624 HOSPITAL DRIVE,MOUNTAIN HOME,BAXTER,AR,72653,(870) 508-1000,Acute Care Hospitals,Voluntary non-profit - Private,1,2.0,,Y,2026-07-31 00:22:03,6,6,1.0998333333333334,1613.0,248.0,High
040029,"CONWAY REGIONAL MEDICAL CENTER, INC",2302 COLLEGE AVENUE,CONWAY,FAULKNER,AR,72034,(501) 329-3831,Acute Care Hospitals,Voluntary non-profit - Private,1,2.0,,Y,2026-07-31 00:22:03,4,2,1.0053,962.0,156.0,Medium
040036,BAPTIST HEALTH MEDICAL CENTER NORTH LITTLE ROCK,3333 SPRINGHILL DRIVE,NORTH LITTLE ROCK,PULASKI,AR,72117,(501) 202-3000,Acute Care Hospitals,Voluntary non-profit - Private,1,1.0,,Y,2026-07-31 00:22:03,6,3,1.0494333333333332,1703.0,285.0,Medium
040039,ARKANSAS METHODIST MEDICAL CENTER,900 WEST KINGSHIGHWAY,PARAGOULD,GREENE,AR,72450,(870) 239-7000,Acute Care Hospitals,Voluntary non-profit - Private,1,2.0,,Y,2026-07-31 00:22:03,4,0,0.979475,233.0,33.0,Low
040041,ST MARYS REGIONAL MEDICAL CENTER,1808 WEST MAIN STREET,RUSSELLVILLE,POPE,AR,72801,(479) 968-2841,Acute Care Hospitals,Proprietary,1,4.0,,Y,2026-07-31 00:22:03,5,1,0.9490000000000001,399.0,50.0,Low
040050,OUACHITA COUNTY MEDICAL CENTER,638 CALIFORNIA AVENUE,CAMDEN,OUACHITA,AR,71701,(870) 836-1000,Acute Care Hospitals,Voluntary non-profit - Private,1,2.0,,Y,2026-07-31 00:22:03,2,2,1.0248,78.0,14.0,Medium
040051,BAPTIST HEALTH MEDICAL CENTER-DREW COUNTY,778 SCOGIN DRIVE,MONTICELLO,DREW,AR,71655,(870) 367-2411,Acute Care Hospitals,Voluntary non-profit - Private,1,2.0,,Y,2026-07-31 00:22:03,3,2,1.0428333333333333,460.0,86.0,Medium
040055,BAPTIST HEALTH - FORT SMITH,1001 TOWSON AVENUE,FORT SMITH,SEBASTIAN,AR,72901,(479) 441-4000,Acute Care Hospitals,Voluntary non-profit - Private,1,2.0,,Y,2026-07-31 00:22:03,5,4,1.03146,1742.0,349.0,High
040062,MERCY HOSPITAL FORT SMITH,7301 ROGERS AVE,FORT SMITH,SEBASTIAN,AR,72903,(479) 314-6000,Acute Care Hospitals,Voluntary non-profit - Private,1,3.0,,Y,2026-07-31 00:22:03,6,4,0.9695166666666667,1612.0,278.0,High
040067,MAGNOLIA REGIONAL MEDICAL CENTER,101 HOSPITAL DRIVE,MAGNOLIA,COLUMBIA,AR,71753,(870) 235-3000,Acute Care Hospitals,Government - Local,1,2.0,,,2026-07-31 00:22:03,2,1,0.97915,0.0,0.0,Low
040069,GREAT RIVER MEDICAL CENTER,1520 N DIVISION STREET,BLYTHEVILLE,MISSISSIPPI,AR,72315,(870) 838-7300,Acute Care Hospitals,Government - Local,1,2.0,,Y,2026-07-31 00:22:03,2,1,1.01665,64.0,16.0,Low
040071,JEFFERSON REGIONAL MEDICAL CENTER,1600 WEST 40TH AVENUE,PINE BLUFF,JEFFERSON,AR,71603,(870) 541-7100,Acute Care Hospitals,Voluntary non-profit - Private,1,1.0,,Y,2026-07-31 00:22:03,5,1,0.9715,812.0,140.0,Low
040072,BAPTIST HEALTH MEDICAL CENTER-STUTTGART,1703 NORTH BUERKLE ST,STUTTGART,ARKANSAS,AR,72160,(870) 673-3511,Acute Care Hospitals,Voluntary non-profit - Private,1,3.0,,Y,2026-07-31 00:22:03,2,1,1.0025499999999998,0.0,0.0,Low
040076,BAPTIST HEALTH MEDICAL CENTER-HOT SPRINGS COUNTY,1001 SCHNEIDER DRIVE,MALVERN,HOT SPRING,AR,72104,(501) 332-1000,Acute Care Hospitals,Voluntary non-profit - Private,1,,16,,2026-07-31 00:22:03,1,1,1.0027,0.0,0.0,Low
040078,NATIONAL PARK MEDICAL CENTER,1910 MALVERN AVENUE,HOT SPRINGS,GARLAND,AR,71901,(501) 321-1000,Acute Care Hospitals,Proprietary,1,2.0,,Y,2026-07-31 00:22:03,6,2,0.9957333333333334,629.0,105.0,Medium
040084,SALINE MEMORIAL HOSPITAL,1 MEDICAL PARK DRIVE,BENTON,SALINE,AR,72015,(501) 776-6000,Acute Care Hospitals,Proprietary,1,3.0,,Y,2026-07-31 00:22:03,5,2,1.0015399999999999,317.0,53.0,Medium
040088,SOUTH ARKANSAS REGIONAL HOSPITAL LLC,700 WEST GROVE STREET,EL DORADO,UNION,AR,71730,(870) 863-2000,Acute Care Hospitals,Proprietary,1,3.0,,Y,2026-07-31 00:22:03,4,1,0.964175,320.0,40.0,Low
040114,BAPTIST HEALTH MEDICAL CENTER-LITTLE ROCK,9601 BAPTIST HEALTH DRIVE,LITTLE ROCK,PULASKI,AR,72205,(501) 202-2000,Acute Care Hospitals,Voluntary non-profit - Private,1,3.0,,Y,2026-07-31 00:22:03,6,4,1.0050999999999999,2048.0,357.0,High
040118,"BAPTIST MEMORIAL HOSPITAL JONESBORO, INC.",4800 EAST JOHNSON AVENUE,JONESBORO,CRAIGHEAD,AR,72405,(870) 972-7000,Acute Care Hospitals,Voluntary non-profit - Private,1,3.0,23,Y,2026-07-31 00:22:03,5,5,1.0475999999999999,1660.0,300.0,High
040119,WHITE RIVER MEDICAL CENTER,1710 HARRISON STREET,BATESVILLE,INDEPENDENCE,AR,72503,(870) 262-1200,Acute Care Hospitals,Voluntary non-profit - Private,1,3.0,,Y,2026-07-31 00:22:03,5,2,0.9471,1003.0,167.0,Medium
040134,"ARKANSAS HEART HOSPITAL, LLC",1701 S SHACKLEFORD ROAD,LITTLE ROCK,PULASKI,AR,72211,(501) 219-7000,Acute Care Hospitals,Proprietary,1,3.0,,,2026-07-31 00:22:03,5,2,1.0295999999999998,1618.0,228.0,Medium
040137,ST VINCENT MEDICAL CENTER/NORTH,2215 WILDWOOD AVENUE,SHERWOOD,PULASKI,AR,72120,(501) 552-7100,Acute Care Hospitals,Voluntary non-profit - Church,1,4.0,,,2026-07-31 00:22:03,2,1,0.9693,78.0,12.0,Low
040147,ARKANSAS SURGICAL HOSPITAL,5201 NORTH SHORE DRIVE,NO LITTLE ROCK,PULASKI,AR,72118,(501) 748-8000,Acute Care Hospitals,Physician,1,,16,,2026-07-31 00:22:03,1,0,0.7189,1380.0,36.0,Low
040153,SOUTHWEST ARKANSAS REGIONAL MEDICAL CENTER LLC,2001 SOUTH MAIN,HOPE,HEMPSTEAD,AR,71801,(870) 722-3800,Acute Care Hospitals,Proprietary,1,,16,,2026-07-31 00:22:03,1,0,0.9548,0.0,0.0,Low
040154,BAPTIST HEALTH MEDICAL CENTER- CONWAY,1555 EXCHANGE AVENUE,CONWAY,FAULKNER,AR,72032,(501) 585-2000,Acute Care Hospitals,Voluntary non-profit - Private,1,2.0,,Y,2026-07-31 00:22:03,4,4,1.022025,675.0,120.0,High
040156,"BAPTIST MEMORIAL HOSPITAL-CRITTENDEN, INC",2100 NORTH SEVENTH STREET,WEST MEMPHIS,CRITTENDEN,AR,72301,(870) 394-7800,Acute Care Hospitals,Voluntary non-profit - Private,1,,16,,2026-07-31 00:22:03,2,1,0.9872000000000001,0.0,0.0,Low
040161,ARKANSAS HEART HOSPITAL-ENCORE,1901 ENCORE WAY,BRYANT,SALINE,AR,72019,(501) 213-4500,Acute Care Hospitals,Proprietary,1,2.0,,,2026-07-31 00:22:03,4,3,1.04305,276.0,63.0,Medium
050002,ST ROSE HOSPITAL,27200 CALAROGA AVE,HAYWARD,ALAMEDA,CA,94545,(510) 782-6200,Acute Care Hospitals,Voluntary non-profit - Church,0,1.0,,,2026-07-31 00:22:03,5,5,1.11552,408.0,97.0,High
050006,PROVIDENCE ST JOSEPH HOSPITAL,2700 DOLBEER ST,EUREKA,HUMBOLDT,CA,95501,(707) 445-8121,Acute Care Hospitals,Voluntary non-profit - Private,1,4.0,,Y,2026-07-31 00:22:03,6,1,0.9222666666666667,1131.0,142.0,Low
050007,PENINSULA MEDICAL CENTER,1501 TROUSDALE DRIVE,BURLINGAME,SAN MATEO,CA,94010,(650) 696-5400,Acute Care Hospitals,Voluntary non-profit - Private,1,5.0,,Y,2026-07-31 00:22:03,6,2,0.9622999999999999,1097.0,179.0,Medium
050008,CALIFORNIA PACIFIC MEDICAL CTR-DAVIES CAMPUS HOSP,601 DUBOCE AVENUE,SAN FRANCISCO,SAN FRANCISCO,CA,94117,(415) 600-6000,Acute Care Hospitals,Voluntary non-profit - Other,0,3.0,,,2026-07-31 00:22:03,3,1,0.9725,74.0,15.0,Low
050009,PROVIDENCE QUEEN OF THE VALLEY MEDICAL CENTER,1000 TRANCAS ST,NAPA,NAPA,CA,94558,(707) 252-4411,Acute Care Hospitals,Voluntary non-profit - Private,1,4.0,,Y,2026-07-31 00:22:03,6,1,0.9556333333333334,838.0,129.0,Low
050013,ADVENTIST HEALTH ST HELENA,10 WOODLAND ROAD,SAINT HELENA,NAPA,CA,94574,(707) 963-3611,Acute Care Hospitals,Voluntary non-profit - Private,1,4.0,,,2026-07-31 00:22:03,5,1,0.9400600000000001,405.0,61.0,Low
050014,SUTTER AMADOR HOSPITAL,200 MISSION BLVD,JACKSON,AMADOR,CA,95642,(209) 223-7500,Acute Care Hospitals,Voluntary non-profit - Private,1,4.0,,Y,2026-07-31 00:22:03,4,1,0.979025,326.0,40.0,Low
050017,MERCY GENERAL HOSPITAL,4001 J ST,SACRAMENTO,SACRAMENTO,CA,95819,(916) 453-4453,Acute Care Hospitals,Voluntary non-profit - Private,1,3.0,,Y,2026-07-31 00:22:03,6,3,1.05135,1240.0,218.0,Medium
050022,RIVERSIDE COMMUNITY HOSPITAL,4445 MAGNOLIA AVENUE,RIVERSIDE,RIVERSIDE,CA,92501,(951) 788-3000,Acute Care Hospitals,Proprietary,1,2.0,,Y,2026-07-31 00:22:03,6,6,1.05875,981.0,215.0,High
050024,PARADISE VALLEY HOSPITAL,2400 EAST 4TH ST,NATIONAL CITY,SAN DIEGO,CA,91950,(619) 470-4321,Acute Care Hospitals,Proprietary,1,3.0,,,2026-07-31 00:22:03,4,4,1.049475,193.0,50.0,High
050025,UC SAN DIEGO HEALTH HILLCREST - HILLCREST MED CTR,200 WEST ARBOR DRIVE,SAN DIEGO,SAN DIEGO,CA,92103,(619) 543-6222,Acute Care Hospitals,Voluntary non-profit - Other,1,5.0,,Y,2026-07-31 00:22:03,6,2,1.0089166666666667,1691.0,295.0,Medium
050026,GROSSMONT HOSPITAL,5555 GROSSMONT CENTER DRIVE BOX 58,LA MESA,SAN DIEGO,CA,91942,(619) 465-0711,Acute Care Hospitals,Government - Hospital District or Authority,1,4.0,,Y,2026-07-31 00:22:03,6,5,1.0423166666666666,1657.0,315.0,High
050028,MAD RIVER COMMUNITY HOSPITAL,3800 JANES RD,ARCATA,HUMBOLDT,CA,95521,(707) 822-3621,Acute Care Hospitals,Proprietary,1,1.0,,Y,2026-07-31 00:22:03,4,2,0.99265,0.0,0.0,Medium
050030,OROVILLE HOSPITAL,2767 OLIVE HIGHWAY,OROVILLE,BUTTE,CA,95966,(530) 533-8500,Acute Care Hospitals,Voluntary non-profit - Private,1,1.0,,,2026-07-31 00:22:03,5,5,1.24836,1268.0,384.0,High
050036,BAKERSFIELD MEMORIAL HOSPITAL,420 34TH ST,BAKERSFIELD,KERN,CA,93301,(661) 327-1792,Acute Care Hospitals,Voluntary non-profit - Private,1,3.0,,Y,2026-07-31 00:22:03,6,3,1.0130333333333332,770.0,155.0,Medium
050038,SANTA CLARA VALLEY MEDICAL CENTER,751 SOUTH BASCOM AVENUE,SAN JOSE,SANTA CLARA,CA,95128,(408) 885-5000,Acute Care Hospitals,Government - Local,1,2.0,,Y,2026-07-31 00:22:03,6,4,1.00475,1593.0,297.0,High
050039,ENLOE HEALTH,1531 ESPLANADE,CHICO,BUTTE,CA,95926,(530) 332-7300,Acute Care Hospitals,Voluntary non-profit - Private,1,3.0,,Y,2026-07-31 00:22:03,6,4,1.0047833333333334,4020.0,687.0,High
050040,LAC/OLIVE VIEW-UCLA MEDICAL CENTER,14445 OLIVE VIEW DRIVE,SYLMAR,LOS ANGELES,CA,91342,(818) 364-1555,Acute Care Hospitals,Voluntary non-profit - Other,1,2.0,,Y,2026-07-31 00:22:03,3,1,1.0063333333333333,193.0,35.0,Low
050042,ST ELIZABETH COMMUNITY HOSPITAL,2550 SISTER MARY COLUMBA DRIVE,RED BLUFF,TEHAMA,CA,96080,(530) 529-8000,Acute Care Hospitals,Voluntary non-profit - Church,0,4.0,,Y,2026-07-31 00:22:03,3,1,0.9818666666666666,357.0,56.0,Low
050043,ALTA BATES SUMMIT MEDICAL CENTER,350 HAWTHORNE AVENUE,OAKLAND,ALAMEDA,CA,94609,(510) 655-4000,Acute Care Hospitals,Voluntary non-profit - Private,1,5.0,,,2026-07-31 00:22:03,6,1,0.9305833333333333,1295.0,196.0,Low
050045,EL CENTRO REGIONAL MEDICAL CENTER,1415 ROSS AVENUE,EL CENTRO,IMPERIAL,CA,92243,(760) 339-7100,Acute Care Hospitals,Government - Local,1,1.0,,,2026-07-31 00:22:03,3,1,1.0062333333333333,483.0,81.0,Low
050047,CALIFORNIA PACIFIC MEDICAL CENTER- VAN NESS CAMPUS,1101 VAN NESS AVENUE,SAN FRANCISCO,SAN FRANCISCO,CA,94109,(415) 600-6000,Acute Care Hospitals,Voluntary non-profit - Private,1,3.0,,Y,2026-07-31 00:22:03,5,4,1.04788,901.0,177.0,High
050054,SAN GORGONIO MEMORIAL HOSPITAL,600 NORTH HIGHLAND SPRINGS AVENUE,BANNING,RIVERSIDE,CA,92220,(951) 769-2101,Acute Care Hospitals,Government - Hospital District or Authority,1,3.0,,Y,2026-07-31 00:22:03,2,0,0.9652000000000001,0.0,0.0,Low
050055,CALIFORNIA PACIFIC MEDICAL CENTER - MISSION BERNAL,3555 CESAR CHAVEZ,SAN FRANCISCO,SAN FRANCISCO,CA,94110,(415) 641-6562,Acute Care Hospitals,Voluntary non-profit - Church,1,4.0,,,2026-07-31 00:22:03,4,3,0.974875,389.0,74.0,Medium
050056,ANTELOPE VALLEY HOSPITAL,1600 W AVE J,LANCASTER,LOS ANGELES,CA,93534,(661) 949-5500,Acute Care Hospitals,Government - Hospital District or Authority,1,1.0,,Y,2026-07-31 00:22:03,4,4,1.02195,499.0,90.0,High
050057,KAWEAH HEALTH MEDICAL CENTER,400 W MINERAL KING AVE,VISALIA,TULARE,CA,93291,(559) 624-2000,Acute Care Hospitals,Government - Hospital District or Authority,1,3.0,,Y,2026-07-31 00:22:03,6,2,0.9695999999999999,2020.0,326.0,Medium
050058,GLENDALE MEM HOSPITAL & HLTH CENTER,1420 S CENTRAL AVE,GLENDALE,LOS ANGELES,CA,91204,(818) 502-1900,Acute Care Hospitals,Voluntary non-profit - Private,1,4.0,,Y,2026-07-31 00:22:03,5,2,1.0008199999999998,1056.0,222.0,Medium
050060,COMMUNITY REGIONAL MEDICAL CENTER,2823 FRESNO STREET,FRESNO,FRESNO,CA,93721,(559) 459-6000,Acute Care Hospitals,Voluntary non-profit - Private,1,1.0,,Y,2026-07-31 00:22:03,5,4,1.07098,1550.0,306.0,High
050063,HOLLYWOOD PRESBYTERIAN MEDICAL CENTER,1300 N VERMONT AVE,LOS ANGELES,LOS ANGELES,CA,90027,(213) 413-3000,Acute Care Hospitals,Proprietary,1,3.0,,Y,2026-07-31 00:22:03,5,2,0.9871399999999999,676.0,148.0,Medium
050067,OAK VALLEY HOSPITAL DISTRICT,350 S OAK AVE,OAKDALE,STANISLAUS,CA,95361,(209) 847-3011,Acute Care Hospitals,Government - Hospital District or Authority,1,1.0,,,2026-07-31 00:22:03,2,2,1.0292,0.0,0.0,Medium
050069,PROVIDENCE ST. JOSEPH HOSPITAL,1100 WEST STEWART DR,ORANGE,ORANGE,CA,92868,(714) 633-9111,Acute Care Hospitals,Voluntary non-profit - Church,1,4.0,,Y,2026-07-31 00:22:03,6,1,0.9841833333333333,1088.0,178.0,Low
050071,KAISER FOUNDATION HOSPITAL-SANTA CLARA,700 LAWRENCE EXPRESSWAY,SANTA CLARA,SANTA CLARA,CA,95051,(408) 236-6400,Acute Care Hospitals,Voluntary non-profit - Private,1,2.0,,Y,2026-07-31 00:22:03,2,1,1.0283,0.0,0.0,Low
050073,KAISER FOUNDATION HOSPITAL AND REHAB CENTER,975 SERENO DR,VALLEJO,SOLANO,CA,94589,(707) 651-1000,Acute Care Hospitals,Voluntary non-profit - Private,0,2.0,,Y,2026-07-31 00:22:03,1,0,0.9979,0.0,0.0,Low
050075,KAISER FOUNDATION HOSPITAL - OAKLAND/RICHMOND,275 WEST MACARTHUR BOULEVARD,OAKLAND,ALAMEDA,CA,94611,(510) 752-1000,Acute Care Hospitals,Voluntary non-profit - Private,1,2.0,,Y,2026-07-31 00:22:03,4,4,1.056175,308.0,76.0,High
050077,SCRIPPS MERCY HOSPITAL,4077 5TH AVE,SAN DIEGO,SAN DIEGO,CA,92103,(619) 294-8111,Acute Care Hospitals,Voluntary non-profit - Private,1,4.0,,Y,2026-07-31 00:22:03,6,5,1.0146333333333333,942.0,200.0,High
050078,PROVIDENCE LITTLE CO OF MARY MED CTR SAN PEDRO,1300 W 7TH ST,SAN PEDRO,LOS ANGELES,CA,90732,(310) 832-3311,Acute Care Hospitals,Voluntary non-profit - Private,0,4.0,,,2026-07-31 00:22:03,3,1,0.9783333333333334,218.0,32.0,Low
050082,ST JOHNS REGIONAL MEDICAL CENTER,1600 N ROSE AVE,OXNARD,VENTURA,CA,93030,(805) 988-2500,Acute Care Hospitals,Voluntary non-profit - Private,1,4.0,,Y,2026-07-31 00:22:03,6,1,0.9673666666666666,1689.0,285.0,Low
050084,ST JOSEPH'S MEDICAL CENTER OF STOCKTON,1800 N CALIFORNIA ST,STOCKTON,SAN JOAQUIN,CA,95204,(209) 943-2000,Acute Care Hospitals,Voluntary non-profit - Private,1,3.0,,Y,2026-07-31 00:22:03,5,3,1.03036,1286.0,232.0,Medium
050089,COMMUNITY HOSPITAL OF SAN BERNARDINO,1805 MEDICAL CENTER DRIVE,SAN BERNARDINO,SAN BERNARDINO,CA,92411,(909) 887-6333,Acute Care Hospitals,Voluntary non-profit - Private,1,3.0,,Y,2026-07-31 00:22:03,2,2,1.02425,41.0,12.0,Medium
050090,SONOMA VALLEY HOSPITAL,347 ANDRIEUX ST,SONOMA,SONOMA,CA,95476,(707) 935-5000,Acute Care Hospitals,Government - Hospital District or Authority,1,2.0,,,2026-07-31 00:22:03,3,2,0.9966666666666666,0.0,0.0,Medium
050091,COMMUNITY HOSPITAL OF HUNTINGTON PARK,2623 E SLAUSON AVE,HUNTINGTON PARK,LOS ANGELES,CA,90255,(323) 583-1931,Acute Care Hospitals,Proprietary,1,1.0,,,2026-07-31 00:22:03,3,3,1.0743,160.0,47.0,Medium
050093,SAINT AGNES MEDICAL CENTER,1303 E HERNDON AVE,FRESNO,FRESNO,CA,93720,(559) 450-3000,Acute Care Hospitals,Voluntary non-profit - Church,1,2.0,,Y,2026-07-31 00:22:03,6,4,1.0688666666666666,2585.0,526.0,High
050099,SAN ANTONIO REGIONAL HOSPITAL,999 SAN BERNARDINO ROAD,UPLAND,SAN BERNARDINO,CA,91786,(909) 985-2811,Acute Care Hospitals,Voluntary non-profit - Other,1,3.0,,Y,2026-07-31 00:22:03,5,3,0.9662000000000001,1049.0,168.0,Medium
050100,SHARP MEMORIAL HOSPITAL,7901 FROST ST,SAN DIEGO,SAN DIEGO,CA,92123,(858) 939-3400,Acute Care Hospitals,Voluntary non-profit - Private,1,4.0,,Y,2026-07-31 00:22:03,6,3,1.0301666666666667,1277.0,212.0,Medium
050101,SUTTER SOLANO MEDICAL CENTER,300 HOSPITAL DR,VALLEJO,SOLANO,CA,94589,(707) 554-5280,Acute Care Hospitals,Voluntary non-profit - Private,1,3.0,,,2026-07-31 00:22:03,4,1,0.945925,343.0,58.0,Low
050102,PARKVIEW COMMUNITY HOSPITAL MEDICAL CENTER,3865 JACKSON STREET,RIVERSIDE,RIVERSIDE,CA,92503,(951) 688-2211,Acute Care Hospitals,Proprietary,1,3.0,,Y,2026-07-31 00:22:03,3,2,1.0211,257.0,55.0,Medium
050103,ADVENTIST HEALTH WHITE MEMORIAL,1720 CESAR E CHAVEZ AVENUE,LOS ANGELES,LOS ANGELES,CA,90033,(323) 268-5000,Acute Care Hospitals,Voluntary non-profit - Church,0,3.0,,Y,2026-07-31 00:22:03,4,3,1.036025,412.0,91.0,Medium
050104,SAINT FRANCIS MEDICAL CENTER,3630 EAST IMPERIAL HIGHWAY,LYNWOOD,LOS ANGELES,CA,90262,(310) 900-8900,Acute Care Hospitals,Voluntary non-profit - Church,0,3.0,,Y,2026-07-31 00:22:03,4,4,1.032325,420.0,98.0,High
050107,MARIAN REGIONAL MEDICAL CENTER,1400 E CHURCH ST,SANTA MARIA,SANTA BARBARA,CA,93454,(805) 739-3100,Acute Care Hospitals,Voluntary non-profit - Church,1,3.0,,Y,2026-07-31 00:22:03,6,3,0.99695,1846.0,257.0,Medium
050108,"SUTTER MEDICAL CENTER, SACRAMENTO",2825 CAPITOL AVENUE,SACRAMENTO,SACRAMENTO,CA,95816,(916) 454-2222,Acute Care Hospitals,Voluntary non-profit - Private,1,4.0,,Y,2026-07-31 00:22:03,6,2,0.9571666666666667,1990.0,311.0,Medium
050110,LOMPOC VALLEY MEDICAL CENTER,1515 E OCEAN AVENUE,LOMPOC,SANTA BARBARA,CA,93436,(805) 737-3300,Acute Care Hospitals,Government - Hospital District or Authority,1,1.0,,,2026-07-31 00:22:03,4,3,1.05355,203.0,43.0,Medium
050112,SANTA MONICA - UCLA MED CTR & ORTHOPAEDIC HOSPITAL,1250 16TH STREET,SANTA MONICA,LOS ANGELES,CA,90404,(310) 319-4000,Acute Care Hospitals,Voluntary non-profit - Private,1,5.0,,Y,2026-07-31 00:22:03,5,4,1.03598,1502.0,261.0,High
050113,SAN MATEO MEDICAL CENTER,222 W 39TH AVE,SAN MATEO,SAN MATEO,CA,94403,(650) 573-2222,Acute Care Hospitals,Government - Local,1,,16,,2026-07-31 00:22:03,1,1,1.0273,0.0,0.0,Low
050115,PALOMAR HEALTH DOWNTOWN CAMPUS,555 EAST VALLEY PARKWAY,ESCONDIDO,SAN DIEGO,CA,92025,(760) 739-3000,Acute Care Hospitals,Government - Hospital District or Authority,1,3.0,,,2026-07-31 00:22:03,6,3,1.0059500000000001,1158.0,179.0,Medium
050116,NORTHRIDGE HOSPITAL MEDICAL CENTER,18300 ROSCOE BLVD,NORTHRIDGE,LOS ANGELES,CA,91325,(818) 885-8500,Acute Care Hospitals,Voluntary non-profit - Private,1,4.0,,Y,2026-07-31 00:22:03,6,4,1.0117,1144.0,240.0,High
050118,DOCTORS HOSPITAL OF MANTECA,1205 E NORTH STREET,MANTECA,SAN JOAQUIN,CA,95336,(209) 823-3111,Acute Care Hospitals,Voluntary non-profit - Other,1,2.0,,,2026-07-31 00:22:03,3,3,1.0482666666666667,286.0,61.0,Medium
050121,ADVENTIST HEALTH HANFORD,115 MALL DRIVE,HANFORD,KINGS,CA,93230,(559) 582-9000,Acute Care Hospitals,Voluntary non-profit - Church,1,3.0,,Y,2026-07-31 00:22:03,5,1,0.9728200000000001,764.0,125.0,Low
050122,DAMERON HOSPITAL,525 WEST ACACIA STREET,STOCKTON,SAN JOAQUIN,CA,95203,(209) 944-5550,Acute Care Hospitals,Voluntary non-profit - Other,1,2.0,,,2026-07-31 00:22:03,5,1,0.9844799999999999,302.0,47.0,Low
050124,USC VERDUGO HILLS HOSPITAL,1812 VERDUGO BLVD,GLENDALE,LOS ANGELES,CA,91208,(818) 790-7100,Acute Care Hospitals,Voluntary non-profit - Private,1,4.0,,Y,2026-07-31 00:22:03,4,2,1.0011,588.0,122.0,Medium
050125,REGIONAL MEDICAL CENTER OF SAN JOSE,225 N JACKSON AVENUE,SAN JOSE,SANTA CLARA,CA,95116,(408) 259-5000,Acute Care Hospitals,Government - Federal,1,3.0,,,2026-07-31 00:22:03,5,5,1.1279,1059.0,234.0,High
050126,VALLEY PRESBYTERIAN HOSPITAL,15107 VANOWEN ST,VAN NUYS,LOS ANGELES,CA,91405,(818) 782-6600,Acute Care Hospitals,Voluntary non-profit - Other,1,1.0,,Y,2026-07-31 00:22:03,5,3,1.05762,723.0,171.0,Medium
050127,WOODLAND MEMORIAL HOSPITAL,1325 COTTONWOOD STREET,WOODLAND,YOLO,CA,95695,(530) 662-3961,Acute Care Hospitals,Voluntary non-profit - Other,1,5.0,,Y,2026-07-31 00:22:03,3,1,0.9638,106.0,20.0,Low
050128,TRI-CITY MEDICAL CENTER,4002 VISTA WAY,OCEANSIDE,SAN DIEGO,CA,92056,(760) 724-8411,Acute Care Hospitals,Government - Hospital District or Authority,1,1.0,,,2026-07-31 00:22:03,5,4,1.03268,643.0,103.0,High
050129,ST BERNARDINE MEDICAL CENTER,2101 N WATERMAN AVE,SAN BERNARDINO,SAN BERNARDINO,CA,92404,(909) 883-8711,Acute Care Hospitals,Voluntary non-profit - Private,1,2.0,,Y,2026-07-31 00:22:03,6,6,1.05795,500.0,107.0,High
050131,NOVATO COMMUNITY HOSPITAL,180 ROWLAND WAY,NOVATO,MARIN,CA,94945,(415) 209-1300,Acute Care Hospitals,Voluntary non-profit - Private,1,5.0,,,2026-07-31 00:22:03,4,1,0.96055,238.0,30.0,Low
050132,SAN GABRIEL VALLEY MEDICAL CENTER,438 W LAS TUNAS DRIVE,SAN GABRIEL,LOS ANGELES,CA,91776,(626) 289-5454,Acute Care Hospitals,Proprietary,1,4.0,,Y,2026-07-31 00:22:03,4,2,0.9904000000000001,647.0,140.0,Medium
050133,ADVENTIST HEALTH AND RIDEOUT,726 4TH ST,MARYSVILLE,YUBA,CA,95901,(530) 749-4300,Acute Care Hospitals,Government - Federal,1,2.0,,Y,2026-07-31 00:22:03,5,4,1.02728,1812.0,362.0,High
050135,SOUTHERN CALIFORNIA HOSPITAL AT HOLLYWOOD,6245 DE LONGPRE AVE,HOLLYWOOD,LOS ANGELES,CA,90028,(323) 462-2271,Acute Care Hospitals,Proprietary,1,3.0,,,2026-07-31 00:22:03,4,2,1.008725,1345.0,323.0,Medium
050136,PETALUMA VALLEY HOSPITAL,400 N MCDOWELL BLVD,PETALUMA,SONOMA,CA,94954,(707) 778-1111,Acute Care Hospitals,Voluntary non-profit - Other,0,4.0,,Y,2026-07-31 00:22:03,4,0,0.9827,248.0,43.0,Low
050138,KAISER FOUNDATION HOSPITAL - LOS ANGELES,4867 SUNSET BLVD,LOS ANGELES,LOS ANGELES,CA,90027,(323) 783-4011,Acute Care Hospitals,Voluntary non-profit - Other,0,5.0,,Y,2026-07-31 00:22:03,2,1,0.9950000000000001,0.0,0.0,Low
050140,KAISER FOUNDATION HOSPITAL FONTANA/ONTARIO,9961 SIERRA AVE,FONTANA,SAN BERNARDINO,CA,92335,(909) 427-5000,Acute Care Hospitals,Voluntary non-profit - Private,1,3.0,,Y,2026-07-31 00:22:03,2,2,1.0110000000000001,0.0,0.0,Medium
050145,COMMUNITY HOSPITAL OF THE MONTEREY PENINSULA,23625 W R HOLMAN HIGHWAY,MONTEREY,MONTEREY,CA,93940,(831) 624-5311,Acute Care Hospitals,Voluntary non-profit - Private,1,4.0,,Y,2026-07-31 00:22:03,6,1,0.9925833333333333,2185.0,307.0,Low
050149,CALIFORNIA HOSPITAL MEDICAL CENTER LA,1401 SOUTH GRAND AVENUE,LOS ANGELES,LOS ANGELES,CA,90015,(213) 748-2411,Acute Care Hospitals,Voluntary non-profit - Other,1,2.0,,Y,2026-07-31 00:22:03,4,4,1.04685,150.0,36.0,High
050150,SIERRA NEVADA MEMORIAL HOSPITAL,155 GLASSON WAY,GRASS VALLEY,NEVADA,CA,95945,(530) 274-6000,Acute Care Hospitals,Voluntary non-profit - Other,1,3.0,,Y,2026-07-31 00:22:03,4,3,1.0595,644.0,98.0,Medium
050152,UCSF HEALTH SAINT FRANCIS HOSPITAL,900 HYDE ST,SAN FRANCISCO,SAN FRANCISCO,CA,94109,(415) 353-6000,Acute Care Hospitals,Voluntary non-profit - Private,1,3.0,,,2026-07-31 00:22:03,4,4,1.0370249999999999,182.0,48.0,High
050158,ENCINO HOSPITAL MEDICAL CENTER,16237 VENTURA BLVD,ENCINO,LOS ANGELES,CA,91436,(818) 995-5000,Acute Care Hospitals,Proprietary,0,3.0,,,2026-07-31 00:22:03,3,3,1.034,288.0,68.0,Medium
050159,VENTURA COUNTY MEDICAL CENTER,300 HILLMONT AVENUE,VENTURA,VENTURA,CA,93003,(805) 652-6075,Acute Care Hospitals,Government - Local,1,2.0,,Y,2026-07-31 00:22:03,4,3,0.9843000000000001,253.0,46.0,Medium
050167,SAN JOAQUIN GENERAL HOSPITAL,500 W HOSPITAL ROAD,FRENCH CAMP,SAN JOAQUIN,CA,95231,(209) 468-6000,Acute Care Hospitals,Government - Local,1,2.0,,Y,2026-07-31 00:22:03,3,2,1.0165666666666666,104.0,24.0,Medium
050168,PROVIDENCE ST. JUDE MEDICAL CENTER,101 E VALENCIA MESA DRIVE,FULLERTON,ORANGE,CA,92835,(714) 992-3000,Acute Care Hospitals,Voluntary non-profit - Church,1,4.0,,Y,2026-07-31 00:22:03,6,3,0.9890833333333333,1429.0,259.0,Medium
050169,PIH HEALTH HOSPITAL-WHITTIER,12401 WASHINGTON BLVD,WHITTIER,LOS ANGELES,CA,90602,(562) 698-0811,Acute Care Hospitals,Voluntary non-profit - Private,1,4.0,,Y,2026-07-31 00:22:03,6,2,0.99185,908.0,187.0,Medium
050174,PROVIDENCE SANTA ROSA MEMORIAL HOSPITAL,1165 MONTGOMERY DR,SANTA ROSA,SONOMA,CA,95405,(707) 525-5300,Acute Care Hospitals,Voluntary non-profit - Private,1,3.0,,Y,2026-07-31 00:22:03,6,2,0.9936666666666666,1358.0,217.0,Medium
050179,EMANUEL MEDICAL CENTER,825 DELBON AVE,TURLOCK,STANISLAUS,CA,95382,(209) 667-4200,Acute Care Hospitals,Proprietary,1,2.0,,Y,2026-07-31 00:22:03,5,5,1.05698,1259.0,222.0,High
050180,JOHN MUIR MEDICAL CENTER - WALNUT CREEK CAMPUS,1601 YGNACIO VALLEY RD,WALNUT CREEK,CONTRA COSTA,CA,94598,(925) 939-3000,Acute Care Hospitals,Voluntary non-profit - Other,1,2.0,,Y,2026-07-31 00:22:03,5,2,0.9243,2265.0,282.0,Medium
050191,ST MARY MEDICAL CENTER,1050 LINDEN AVE,LONG BEACH,LOS ANGELES,CA,90813,(562) 491-9000,Acute Care Hospitals,Voluntary non-profit - Church,1,5.0,,Y,2026-07-31 00:22:03,4,2,0.9809749999999999,355.0,64.0,Medium
050192,ADVENTIST HEALTH REEDLEY,372 W CYPRESS AVE,REEDLEY,FRESNO,CA,93654,(559) 638-8155,Acute Care Hospitals,Voluntary non-profit - Private,0,,16,Y,2026-07-31 00:22:03,1,0,0.9855,0.0,0.0,Low
050194,WATSONVILLE COMMUNITY HOSPITAL,75 NIELSON STREET,WATSONVILLE,SANTA CRUZ,CA,95076,(831) 724-4741,Acute Care Hospitals,Proprietary,1,2.0,,Y,2026-07-31 00:22:03,3,2,1.0379333333333334,345.0,59.0,Medium
050195,WASHINGTON HOSPITAL,2000 MOWRY AVE,FREMONT,ALAMEDA,CA,94538,(510) 797-1111,Acute Care Hospitals,Government - Hospital District or Authority,1,2.0,,Y,2026-07-31 00:22:03,6,5,1.05685,1444.0,279.0,High
050197,SEQUOIA HOSPITAL,170 ALAMEDA DE LAS PULGAS,REDWOOD CITY,SAN MATEO,CA,94062,(650) 369-5811,Acute Care Hospitals,Voluntary non-profit - Private,1,5.0,,Y,2026-07-31 00:22:03,6,1,0.9176000000000001,471.0,73.0,Low
050204,PALMDALE REGIONAL MEDICAL CENTER,38600 MEDICAL CENTER DRIVE,PALMDALE,LOS ANGELES,CA,93552,(661) 382-5000,Acute Care Hospitals,Proprietary,1,3.0,,,2026-07-31 00:22:03,5,3,1.00266,404.0,84.0,Medium
050211,ALAMEDA HOSPITAL,2070 CLINTON AVENUE,ALAMEDA,ALAMEDA,CA,94501,(510) 522-3700,Acute Care Hospitals,Government - Hospital District or Authority,1,4.0,,,2026-07-31 00:22:03,3,3,1.0170000000000001,295.0,55.0,Medium
050222,SHARP CHULA VISTA MEDICAL CENTER,751 MEDICAL CENTER COURT,CHULA VISTA,SAN DIEGO,CA,91911,(619) 502-5800,Acute Care Hospitals,Proprietary,1,4.0,,Y,2026-07-31 00:22:03,5,2,1.02698,1139.0,190.0,Medium
050224,HOAG MEMORIAL HOSPITAL PRESBYTERIAN,ONE HOAG DRIVE,NEWPORT BEACH,ORANGE,CA,92663,(949) 764-4624,Acute Care Hospitals,Voluntary non-profit - Private,1,5.0,,Y,2026-07-31 00:22:03,5,0,0.9292999999999999,2624.0,385.0,Low
050226,AHMC ANAHEIM REGIONAL MEDICAL CENTER,1111 W LA PALMA AVENUE,ANAHEIM,ORANGE,CA,92801,(714) 774-1450,Acute Care Hospitals,Voluntary non-profit - Private,1,4.0,,Y,2026-07-31 00:22:03,5,4,1.01372,484.0,94.0,High
050228,ZUCKERBERG SAN FRANCISCO GENERAL HOSP & TRAUMA CTR,1001 POTRERO AVENUE,SAN FRANCISCO,SAN FRANCISCO,CA,94110,(415) 206-8000,Acute Care Hospitals,Government - Local,1,2.0,,Y,2026-07-31 00:22:03,5,5,1.10776,609.0,138.0,High
050230,GARDEN GROVE HOSPITAL & MEDICAL CENTER,12601 GARDEN GROVE BLVD,GARDEN GROVE,ORANGE,CA,92843,(714) 537-5160,Acute Care Hospitals,Proprietary,1,2.0,,,2026-07-31 00:22:03,3,2,1.0509666666666666,393.0,94.0,Medium
050231,POMONA VALLEY HOSPITAL MEDICAL CENTER,1798 N GAREY AVE,POMONA,LOS ANGELES,CA,91767,(909) 865-9500,Acute Care Hospitals,Voluntary non-profit - Private,1,3.0,,Y,2026-07-31 00:22:03,6,1,0.9871,694.0,105.0,Low
050232,FRENCH HOSPITAL MEDICAL CENTER,1911 JOHNSON AVE,SAN LUIS OBISPO,SAN LUIS OBISPO,CA,93401,(805) 543-5353,Acute Care Hospitals,Voluntary non-profit - Private,1,5.0,,Y,2026-07-31 00:22:03,6,1,0.9405666666666667,935.0,145.0,Low
050234,SHARP CORONADO HOSPITAL AND HLTHCR CTR,250 PROSPECT PLACE,CORONADO,SAN DIEGO,CA,92118,(619) 435-6251,Acute Care Hospitals,Proprietary,1,4.0,,,2026-07-31 00:22:03,4,0,0.9425250000000001,144.0,12.0,Low
050235,PROVIDENCE SAINT JOSEPH MEDICAL CTR,501 SOUTH BUENA VISTA STREET,BURBANK,LOS ANGELES,CA,91505,(818) 843-5111,Acute Care Hospitals,Voluntary non-profit - Church,1,3.0,,Y,2026-07-31 00:22:03,6,5,1.07565,1879.0,386.0,High
050236,ADVENTIST HEALTH SIMI VALLEY,2975 N SYCAMORE DR,SIMI VALLEY,VENTURA,CA,93065,(805) 955-6000,Acute Care Hospitals,Voluntary non-profit - Private,1,2.0,,,2026-07-31 00:22:03,5,4,1.07298,1012.0,199.0,High
050238,USC ARCADIA HOSPITAL,300 W HUNTINGTON DR,ARCADIA,LOS ANGELES,CA,91007,(626) 898-8000,Acute Care Hospitals,Voluntary non-profit - Private,1,3.0,,Y,2026-07-31 00:22:03,5,2,0.9981199999999999,1284.0,223.0,Medium
050239,GLENDALE ADVENTIST MEDICAL CENTER,1509 E WILSON TERRACE,GLENDALE,LOS ANGELES,CA,91206,(818) 409-8202,Acute Care Hospitals,Voluntary non-profit - Private,1,4.0,,Y,2026-07-31 00:22:03,6,4,1.0541166666666666,2771.0,578.0,High
050242,DOMINICAN HOSPITAL,1555 SOQUEL DRIVE,SANTA CRUZ,SANTA CRUZ,CA,95065,(831) 462-7700,Acute Care Hospitals,Voluntary non-profit - Private,1,4.0,,Y,2026-07-31 00:22:03,6,3,1.0124833333333334,1373.0,205.0,Medium
050243,DESERT REGIONAL MEDICAL CENTER,1150 NORTH INDIAN CANYON DRIVE,PALM SPRINGS,RIVERSIDE,CA,92262,(760) 323-6511,Acute Care Hospitals,Proprietary,1,2.0,,Y,2026-07-31 00:22:03,5,4,1.03464,663.0,124.0,High
050245,ARROWHEAD REGIONAL MEDICAL CENTER,400 NORTH PEPPER AVENUE,COLTON,SAN BERNARDINO,CA,92324,(909) 580-1000,Acute Care Hospitals,Government - Local,1,2.0,23,Y,2026-07-31 00:22:03,2,0,0.98175,212.0,36.0,Low
050248,NATIVIDAD MEDICAL CENTER,1441 CONSTITUTION BOULEVARD,SALINAS,MONTEREY,CA,93906,(831) 755-4111,Acute Care Hospitals,Government - Local,1,3.0,,Y,2026-07-31 00:22:03,3,2,1.0088,210.0,34.0,Medium
050254,MARSHALL MEDICAL CENTER,1100 MARSHALL WAY,PLACERVILLE,EL DORADO,CA,95667,(530) 622-1441,Acute Care Hospitals,Voluntary non-profit - Private,1,4.0,,Y,2026-07-31 00:22:03,4,0,0.9255,763.0,110.0,Low
050257,"GOOD SAMARITAN HOSPITAL, LP",901 OLIVE DRIVE,BAKERSFIELD,KERN,CA,93308,(661) 215-7500,Acute Care Hospitals,Proprietary,0,,16,,2026-07-31 00:22:03,1,0,0.9522,0.0,0.0,Low
050261,SIERRA VIEW MEDICAL CENTER,465 W PUTNAM AVE,PORTERVILLE,TULARE,CA,93257,(559) 784-1110,Acute Care Hospitals,Voluntary non-profit - Private,1,3.0,,Y,2026-07-31 00:22:03,5,4,1.00272,526.0,108.0,High
050262,RONALD REAGAN UCLA MEDICAL CENTER,757 WESTWOOD PLAZA,LOS ANGELES,LOS ANGELES,CA,90095,(310) 825-6301,Acute Care Hospitals,Government - State,1,4.0,,Y,2026-07-31 00:22:03,5,1,0.95896,1071.0,179.0,Low
050272,REDLANDS COMMUNITY HOSPITAL,350 TERRACINA BLVD,REDLANDS,SAN BERNARDINO,CA,92373,(909) 335-5500,Acute Care Hospitals,Voluntary non-profit - Private,1,2.0,,Y,2026-07-31 00:22:03,4,1,0.97305,304.0,51.0,Low
050276,CONTRA COSTA REGIONAL MEDICAL CENTER,2500 ALHAMBRA AVENUE,MARTINEZ,CONTRA COSTA,CA,94553,(925) 370-5000,Acute Care Hospitals,Government - Local,1,4.0,,Y,2026-07-31 00:22:03,3,1,0.9701333333333334,107.0,23.0,Low
050278,PROVIDENCE HOLY CROSS MEDICAL CENTER,15031 RINALDI ST,MISSION HILLS,LOS ANGELES,CA,91346,(818) 365-8051,Acute Care Hospitals,Voluntary non-profit - Church,1,4.0,,Y,2026-07-31 00:22:03,5,3,1.05154,834.0,192.0,Medium
050279,HI-DESERT MEDICAL CENTER,6601 WHITE FEATHER ROAD,JOSHUA TREE,SAN BERNARDINO,CA,92252,(760) 366-3711,Acute Care Hospitals,Government - Hospital District or Authority,1,2.0,,Y,2026-07-31 00:22:03,2,2,1.0089000000000001,92.0,14.0,Medium
050280,MERCY MEDICAL CENTER REDDING,"2175 ROSALINE AVE, CLAIRMONT HGTS",REDDING,SHASTA,CA,96001,(530) 225-6102,Acute Care Hospitals,Voluntary non-profit - Private,1,2.0,,Y,2026-07-31 00:22:03,6,2,1.0217833333333333,1726.0,278.0,Medium
050281,ALHAMBRA HOSPITAL MEDICAL CENTER,100 S RAYMOND AVE,ALHAMBRA,LOS ANGELES,CA,91801,(626) 570-1606,Acute Care Hospitals,Proprietary,0,4.0,,,2026-07-31 00:22:03,2,2,1.0312000000000001,291.0,58.0,Medium
050283,STANFORD HEALTH CARE TRI-VALLEY,5555 WEST LAS POSITAS BOULEVARD,PLEASANTON,ALAMEDA,CA,94588,(925) 847-3000,Acute Care Hospitals,Voluntary non-profit - Private,1,5.0,,Y,2026-07-31 00:22:03,6,2,0.9732,912.0,153.0,Medium
050289,AHMC SETON MEDICAL CENTER,1900 SULLIVAN AVENUE,DALY CITY,SAN MATEO,CA,94015,(650) 992-4000,Acute Care Hospitals,Voluntary non-profit - Church,1,1.0,,,2026-07-31 00:22:03,4,2,1.0090000000000001,349.0,63.0,Medium
050290,SAINT JOHN'S HEALTH CENTER,2121 SANTA MONICA BLVD,SANTA MONICA,LOS ANGELES,CA,90404,(310) 829-5511,Acute Care Hospitals,Voluntary non-profit - Private,1,4.0,,Y,2026-07-31 00:22:03,6,3,0.9238333333333334,3034.0,274.0,Medium
050291,SUTTER SANTA ROSA REGIONAL HOSPITAL,30 MARK WEST SPRINGS ROAD,SANTA ROSA,SONOMA,CA,95403,(707) 576-4000,Acute Care Hospitals,Voluntary non-profit - Other,1,5.0,,Y,2026-07-31 00:22:03,5,1,0.9776,1122.0,146.0,Low
050292,RIVERSIDE UNIVERSITY HEALTH SYSTEM-MEDICAL CENTER,26520 CACTUS AVENUE,MORENO VALLEY,RIVERSIDE,CA,92555,(951) 486-4000,Acute Care Hospitals,Government - Local,1,3.0,,Y,2026-07-31 00:22:03,3,2,1.038,353.0,81.0,Medium
050295,MERCY HOSPITAL,2215 TRUXTUN AVENUE,BAKERSFIELD,KERN,CA,93301,(661) 632-5000,Acute Care Hospitals,Voluntary non-profit - Other,1,3.0,,Y,2026-07-31 00:22:03,3,2,0.9929,561.0,92.0,Medium
050298,BARSTOW COMMUNITY HOSPITAL,820 E MOUNTAIN VIEW STREET,BARSTOW,SAN BERNARDINO,CA,92311,(760) 256-1761,Acute Care Hospitals,Proprietary,1,1.0,,Y,2026-07-31 00:22:03,2,1,0.9877499999999999,62.0,11.0,Low
050300,PROVIDENCE ST MARY MEDICAL CENTER,18300 HIGHWAY 18,APPLE VALLEY,SAN BERNARDINO,CA,92307,(760) 242-2311,Acute Care Hospitals,Voluntary non-profit - Private,1,2.0,,Y,2026-07-31 00:22:03,5,3,1.09354,702.0,135.0,Medium
050301,ADVENTIST HEALTH UKIAH VALLEY,275 HOSPITAL DRIVE,UKIAH,MENDOCINO,CA,95482,(707) 462-3111,Acute Care Hospitals,Voluntary non-profit - Private,1,4.0,,Y,2026-07-31 00:22:03,3,1,0.9872,398.0,65.0,Low
050305,ALTA BATES SUMMIT MEDICAL CENTER - ALTA BATES CAMP,2450 ASHBY AVENUE,BERKELEY,ALAMEDA,CA,94705,(510) 204-4444,Acute Care Hospitals,Voluntary non-profit - Private,1,4.0,,Y,2026-07-31 00:22:03,4,0,0.91435,352.0,44.0,Low
050308,EL CAMINO HEALTH,2500 GRANT ROAD,MOUNTAIN VIEW,SANTA CLARA,CA,94040,(650) 940-7000,Acute Care Hospitals,Government - Hospital District or Authority,1,4.0,,Y,2026-07-31 00:22:03,6,4,1.0280333333333334,2111.0,344.0,High
050309,SUTTER ROSEVILLE MEDICAL CENTER,ONE MEDICAL PLAZA,ROSEVILLE,PLACER,CA,95661,(916) 781-1000,Acute Care Hospitals,Voluntary non-profit - Private,1,5.0,,Y,2026-07-31 00:22:03,5,2,0.9807,2412.0,369.0,Medium
050313,SUTTER TRACY COMMUNITY HOSPITAL,1420 NORTH TRACY BLVD,TRACY,SAN JOAQUIN,CA,95376,(209) 835-1500,Acute Care Hospitals,Proprietary,1,4.0,,Y,2026-07-31 00:22:03,4,1,0.940675,259.0,27.0,Low
050315,KERN MEDICAL CENTER,1700 MOUNT VERNON AVENUE,BAKERSFIELD,KERN,CA,93306,(661) 326-2000,Acute Care Hospitals,Government - Hospital District or Authority,1,1.0,,Y,2026-07-31 00:22:03,2,1,1.0017,0.0,0.0,Low
050320,HIGHLAND HOSPITAL,1411 EAST 31ST STREET,OAKLAND,ALAMEDA,CA,94602,(510) 437-4800,Acute Care Hospitals,Government - Hospital District or Authority,1,1.0,,Y,2026-07-31 00:22:03,4,2,1.021,612.0,117.0,Medium
050324,SCRIPPS MEMORIAL HOSPITAL LA JOLLA,9888 GENESEE AVENUE,LA JOLLA,SAN DIEGO,CA,92037,(858) 626-4123,Acute Care Hospitals,Physician,1,5.0,,Y,2026-07-31 00:22:03,6,3,0.9945666666666667,2469.0,349.0,Medium
050327,LOMA LINDA UNIVERSITY MEDICAL CENTER,11234 ANDERSON ST,LOMA LINDA,SAN BERNARDINO,CA,92354,(909) 558-4000,Acute Care Hospitals,Voluntary non-profit - Private,1,4.0,,,2026-07-31 00:22:03,5,1,0.9575799999999999,888.0,149.0,Low
050329,CORONA REGIONAL MEDICAL CENTER,800 SOUTH MAIN STREET,CORONA,RIVERSIDE,CA,92882,(951) 736-6240,Acute Care Hospitals,Proprietary,1,3.0,,Y,2026-07-31 00:22:03,4,1,1.0238749999999999,351.0,74.0,Low
050334,SALINAS VALLEY MEMORIAL HOSPITAL,450 EAST ROMIE LANE,SALINAS,MONTEREY,CA,93901,(831) 757-4333,Acute Care Hospitals,Voluntary non-profit - Other,1,4.0,,Y,2026-07-31 00:22:03,5,3,1.00488,1570.0,286.0,Medium
050335,ADVENTIST HEALTH SONORA,1000 GREENLEY ROAD,SONORA,TUOLUMNE,CA,95370,(209) 536-5000,Acute Care Hospitals,Voluntary non-profit - Church,0,3.0,,Y,2026-07-31 00:22:03,4,0,0.9707749999999999,785.0,117.0,Low
050336,ADVENTIST HEALTH LODI MEMORIAL,975 S FAIRMONT AVENUE,LODI,SAN JOAQUIN,CA,95240,(209) 334-3411,Acute Care Hospitals,Voluntary non-profit - Other,1,3.0,,Y,2026-07-31 00:22:03,4,2,1.030325,1050.0,198.0,Medium
050342,PIONEERS MEMORIAL HEALTHCARE DISTRICT,207 WEST LEGION ROAD,BRAWLEY,IMPERIAL,CA,92227,(760) 351-3333,Acute Care Hospitals,Government - Hospital District or Authority,1,3.0,,Y,2026-07-31 00:22:03,3,2,0.9908999999999999,265.0,43.0,Medium
050348,UCI HEALTH-ORANGE,101 CITY DRIVE SOUTH,ORANGE,ORANGE,CA,92868,(714) 456-7890,Acute Care Hospitals,Government - Local,1,4.0,,Y,2026-07-31 00:22:03,6,2,0.9893166666666667,728.0,148.0,Medium
050350,ADVENTIST HEALTH WHITE MEMORIAL MONTEBELLO,309 W BEVERLY BLVD,MONTEBELLO,LOS ANGELES,CA,90640,(323) 726-1222,Acute Care Hospitals,Voluntary non-profit - Private,1,3.0,,,2026-07-31 00:22:03,5,4,0.9979199999999999,208.0,44.0,High
050351,TORRANCE MEMORIAL MEDICAL CENTER,3330 LOMITA BLVD,TORRANCE,LOS ANGELES,CA,90509,(310) 325-9110,Acute Care Hospitals,Voluntary non-profit - Other,1,5.0,,Y,2026-07-31 00:22:03,6,5,1.0022666666666666,2544.0,355.0,High
050352,BARTON MEMORIAL HOSPITAL,2170 SOUTH AVENUE,SOUTH LAKE TAHOE,EL DORADO,CA,96150,(530) 541-3000,Acute Care Hospitals,Voluntary non-profit - Private,1,3.0,,Y,2026-07-31 00:22:03,2,1,0.9671000000000001,0.0,0.0,Low
050353,PROVIDENCE LITTLE COMPANY OF MARY MED CTR TORRANCE,4101 TORRANCE BLVD,TORRANCE,LOS ANGELES,CA,90503,(310) 540-7676,Acute Care Hospitals,Voluntary non-profit - Church,0,5.0,,Y,2026-07-31 00:22:03,6,2,0.9657333333333332,958.0,158.0,Medium
050357,GOLETA VALLEY COTTAGE HOSPITAL,351 S PATTERSON AVE,SANTA BARBARA,SANTA BARBARA,CA,93111,(805) 967-3411,Acute Care Hospitals,Voluntary non-profit - Other,1,5.0,,,2026-07-31 00:22:03,3,0,0.9744666666666667,359.0,16.0,Low
050360,MARINHEALTH MEDICAL CENTER,250 BON AIR ROAD,GREENBRAE,MARIN,CA,94904,(415) 925-7900,Acute Care Hospitals,Government - Hospital District or Authority,1,5.0,,Y,2026-07-31 00:22:03,6,1,0.9568666666666666,1272.0,175.0,Low
050367,NORTHBAY MEDICAL CENTER,1200 B  GALE WILSON BLVD,FAIRFIELD,SOLANO,CA,94533,(707) 646-5000,Acute Care Hospitals,Voluntary non-profit - Private,1,2.0,,Y,2026-07-31 00:22:03,6,3,1.0162666666666667,1392.0,255.0,Medium
050373,LOS ANGELES GENERAL MEDICAL CENTER,"2051 MARENGO ST, ROOM C2K100",LOS ANGELES,LOS ANGELES,CA,90033,(323) 226-2800,Acute Care Hospitals,Government - Local,1,2.0,,Y,2026-07-31 00:22:03,4,4,1.030575,421.0,87.0,High
050376,LAC/HARBOR-UCLA MED CENTER,1000 W CARSON ST,TORRANCE,LOS ANGELES,CA,90509,(310) 222-2345,Acute Care Hospitals,Government - Local,1,1.0,,Y,2026-07-31 00:22:03,5,2,0.9797399999999999,220.0,46.0,Medium
050380,GOOD SAMARITAN HOSPITAL,2425 SAMARITAN DRIVE,SAN JOSE,SANTA CLARA,CA,95124,(408) 559-2011,Acute Care Hospitals,Proprietary,1,2.0,,Y,2026-07-31 00:22:03,6,5,1.0900333333333334,1705.0,308.0,High
050382,EMANATE HEALTH INTER-COMMUNITY HOSPITAL,210 W  SAN BERNARDINO ROAD,COVINA,LOS ANGELES,CA,91723,(626) 814-2468,Acute Care Hospitals,Proprietary,1,1.0,,Y,2026-07-31 00:22:03,6,5,1.0934,1115.0,218.0,High
050390,HEMET GLOBAL MEDICAL CENTER,1117 EAST DEVONSHIRE,HEMET,RIVERSIDE,CA,92543,(951) 652-2811,Acute Care Hospitals,Proprietary,1,1.0,,Y,2026-07-31 00:22:03,3,1,1.0120666666666667,283.0,56.0,Low
050393,PIH HEALTH DOWNEY HOSPITAL,11500 BROOKSHIRE AVENUE,DOWNEY,LOS ANGELES,CA,90241,(562) 904-5000,Acute Care Hospitals,Voluntary non-profit - Private,1,4.0,,,2026-07-31 00:22:03,4,2,1.02735,381.0,76.0,Medium
050394,COMMUNITY MEMORIAL HOSPITAL - VENTURA,147 NORTH BRENT STREET,VENTURA,VENTURA,CA,93003,(805) 652-5011,Acute Care Hospitals,Voluntary non-profit - Private,1,4.0,,Y,2026-07-31 00:22:03,6,1,0.9752666666666667,891.0,139.0,Low
050396,SANTA BARBARA COTTAGE HOSPITAL,400 WEST PUEBLO,SANTA BARBARA,SANTA BARBARA,CA,93105,(805) 682-7111,Acute Care Hospitals,Voluntary non-profit - Private,1,4.0,,Y,2026-07-31 00:22:03,6,2,0.9752000000000001,1945.0,276.0,Medium
050407,CHINESE HOSPITAL,845 JACKSON ST,SAN FRANCISCO,SAN FRANCISCO,CA,94133,(415) 982-2400,Acute Care Hospitals,Voluntary non-profit - Private,1,2.0,,,2026-07-31 00:22:03,3,2,1.0302666666666667,95.0,22.0,Medium
050414,MERCY HOSPITAL OF FOLSOM,1650 CREEKSIDE DRIVE,FOLSOM,SACRAMENTO,CA,95630,(916) 983-7400,Acute Care Hospitals,Voluntary non-profit - Private,1,4.0,,Y,2026-07-31 00:22:03,4,2,1.0114750000000001,775.0,136.0,Medium
050417,SUTTER COAST HOSPITAL,800 E WASHINGTON BLVD,CRESCENT CITY,DEL NORTE,CA,95531,(707) 464-8511,Acute Care Hospitals,Government - Hospital District or Authority,0,2.0,,Y,2026-07-31 00:22:03,4,0,0.972975,280.0,43.0,Low
050424,SCRIPPS GREEN HOSPITAL,10666 NORTH TORREY PINES ROAD,LA JOLLA,SAN DIEGO,CA,92037,(858) 554-3600,Acute Care Hospitals,Voluntary non-profit - Other,0,5.0,,,2026-07-31 00:22:03,4,0,0.898925,1224.0,54.0,Low
050425,KAISER FOUNDATION HOSPITAL - SACRAMENTO,2025 MORSE AVENUE,SACRAMENTO,SACRAMENTO,CA,95825,(916) 973-5000,Acute Care Hospitals,Voluntary non-profit - Private,1,4.0,,,2026-07-31 00:22:03,2,0,0.9793499999999999,0.0,0.0,Low
050426,WEST ANAHEIM MEDICAL CENTER,3033 W ORANGE AVENUE,ANAHEIM,ORANGE,CA,92804,(714) 827-3000,Acute Care Hospitals,Proprietary,1,2.0,,,2026-07-31 00:22:03,4,3,1.066975,707.0,172.0,Medium
050438,HUNTINGTON HOSPITAL,100 W  CALIFORNIA BLVD,PASADENA,LOS ANGELES,CA,91109,(626) 397-5000,Acute Care Hospitals,Voluntary non-profit - Other,1,,11,Y,2026-07-31 00:22:03,6,4,1.0242833333333332,1530.0,308.0,High
050441,STANFORD HEALTH CARE,300 PASTEUR DRIVE,STANFORD,SANTA CLARA,CA,94305,(650) 723-4000,Acute Care Hospitals,Voluntary non-profit - Private,1,5.0,,,2026-07-31 00:22:03,6,2,0.9195166666666666,2854.0,419.0,Medium
050444,MERCY MEDICAL CENTER,333 MERCY AVENUE,MERCED,MERCED,CA,95340,(209) 564-5000,Acute Care Hospitals,Voluntary non-profit - Private,1,3.0,,Y,2026-07-31 00:22:03,4,3,1.044,1339.0,257.0,Medium
050454,UCSF MEDICAL CENTER,"505 PARNASSUS AVE, BOX 0296",SAN FRANCISCO,SAN FRANCISCO,CA,94143,(415) 353-2733,Acute Care Hospitals,Voluntary non-profit - Other,1,4.0,,Y,2026-07-31 00:22:03,6,2,0.9760333333333334,1808.0,275.0,Medium
050455,ADVENTIST HEALTH BAKERSFIELD,2615 CHESTER AVENUE,BAKERSFIELD,KERN,CA,93301,(661) 395-3000,Acute Care Hospitals,Voluntary non-profit - Private,1,2.0,,Y,2026-07-31 00:22:03,4,4,1.0327000000000002,954.0,180.0,High
050457,UCSF HEALTH ST. MARY'S HOSPITAL,450 STANYAN ST,SAN FRANCISCO,SAN FRANCISCO,CA,94117,(415) 668-1000,Acute Care Hospitals,Voluntary non-profit - Private,1,4.0,,,2026-07-31 00:22:03,5,3,0.9815200000000001,423.0,83.0,Medium
050464,DOCTORS MEDICAL CENTER,1441 FLORIDA AVENUE,MODESTO,STANISLAUS,CA,95350,(209) 578-1211,Acute Care Hospitals,Proprietary,1,1.0,,Y,2026-07-31 00:22:03,5,5,1.09078,1368.0,260.0,High
050468,MEMORIAL HOSPITAL OF GARDENA,1145 W REDONDO BEACH BLVD,GARDENA,LOS ANGELES,CA,90247,(310) 532-4200,Acute Care Hospitals,Proprietary,1,1.0,,,2026-07-31 00:22:03,3,3,1.0816666666666668,367.0,105.0,Medium
050471,PIH HEALTH GOOD SAMARITAN HOSPITAL,1225 WILSHIRE BOULEVARD,LOS ANGELES,LOS ANGELES,CA,90017,(213) 977-2121,Acute Care Hospitals,Proprietary,0,2.0,,Y,2026-07-31 00:22:03,6,5,1.07235,706.0,179.0,High
050481,UCLA WEST VALLEY MEDICAL CENTER,7300 MEDICAL CENTER DR,WEST HILLS,LOS ANGELES,CA,91307,(818) 676-4000,Acute Care Hospitals,Proprietary,1,2.0,,,2026-07-31 00:22:03,6,5,1.098,1064.0,255.0,High
050485,MEMORIALCARE LONG BEACH MEDICAL CENTER,2801 ATLANTIC AVE,LONG BEACH,LOS ANGELES,CA,90806,(562) 933-2000,Acute Care Hospitals,Voluntary non-profit - Other,0,2.0,,,2026-07-31 00:22:03,6,4,1.0492166666666667,678.0,120.0,High
050488,EDEN MEDICAL CENTER,20103 LAKE CHABOT ROAD,CASTRO VALLEY,ALAMEDA,CA,94546,(510) 537-1234,Acute Care Hospitals,Voluntary non-profit - Other,1,4.0,,Y,2026-07-31 00:22:03,4,1,0.99195,632.0,102.0,Low
050492,CLOVIS COMMUNITY MEDICAL CENTER,2755 HERNDON AVE,CLOVIS,FRESNO,CA,93611,(559) 324-4000,Acute Care Hospitals,Voluntary non-profit - Private,1,2.0,,Y,2026-07-31 00:22:03,6,3,0.9944833333333333,1457.0,255.0,Medium
050496,JOHN MUIR MEDICAL CENTER - CONCORD CAMPUS,2540 EAST ST,CONCORD,CONTRA COSTA,CA,94520,(925) 682-8200,Acute Care Hospitals,Voluntary non-profit - Private,1,4.0,,,2026-07-31 00:22:03,6,4,1.0218,2018.0,284.0,High
050498,SUTTER AUBURN FAITH HOSPITAL,11815 EDUCATION STREET,AUBURN,PLACER,CA,95603,(530) 888-4500,Acute Care Hospitals,Voluntary non-profit - Private,1,5.0,,,2026-07-31 00:22:03,4,0,0.9702,350.0,53.0,Low
050503,SCRIPPS MEMORIAL HOSPITAL - ENCINITAS,354 SANTA FE DRIVE,ENCINITAS,SAN DIEGO,CA,92024,(760) 753-6501,Acute Care Hospitals,Voluntary non-profit - Private,1,4.0,,Y,2026-07-31 00:22:03,5,2,1.0058399999999998,1476.0,204.0,Medium
050506,ADVENTIST HEALTH SIERRA VISTA,1010 MURRAY ST,SAN LUIS OBISPO,SAN LUIS OBISPO,CA,93405,(850) 546-7600,Acute Care Hospitals,Proprietary,1,3.0,,Y,2026-07-31 00:22:03,4,2,1.035275,229.0,36.0,Medium
050515,KAISER FOUNDATION HOSPITAL - SAN DIEGO,4647 ZION AVE,SAN DIEGO,SAN DIEGO,CA,92120,(619) 528-5000,Acute Care Hospitals,Voluntary non-profit - Private,1,4.0,,Y,2026-07-31 00:22:03,1,0,0.97,0.0,0.0,Low
050516,MERCY SAN JUAN MEDICAL CENTER,6501 COYLE AVE,CARMICHAEL,SACRAMENTO,CA,95608,(916) 537-5000,Acute Care Hospitals,Voluntary non-profit - Private,1,3.0,,Y,2026-07-31 00:22:03,6,4,1.0435166666666666,1328.0,249.0,High
050517,VICTOR VALLEY GLOBAL MEDICAL CENTER,15248 11TH ST,VICTORVILLE,SAN BERNARDINO,CA,92395,(760) 245-8691,Acute Care Hospitals,Voluntary non-profit - Private,1,1.0,,Y,2026-07-31 00:22:03,4,3,1.0174,103.0,26.0,Medium
050523,SUTTER DELTA MEDICAL CENTER,3901 LONE TREE WAY,ANTIOCH,CONTRA COSTA,CA,94509,(925) 779-7200,Acute Care Hospitals,Voluntary non-profit - Private,1,3.0,,Y,2026-07-31 00:22:03,4,3,1.0135,767.0,151.0,Medium
050526,HUNTINGTON BEACH HOSPITAL,17772 BEACH BLVD,HUNTINGTON BEACH,ORANGE,CA,92647,(714) 843-5000,Acute Care Hospitals,Proprietary,1,1.0,,,2026-07-31 00:22:03,2,2,1.0649000000000002,242.0,57.0,Medium
050528,MEMORIAL HOSPITAL LOS BANOS,520 WEST I ST,LOS BANOS,MERCED,CA,93635,(209) 826-0591,Acute Care Hospitals,Voluntary non-profit - Private,1,3.0,,Y,2026-07-31 00:22:03,2,2,1.01585,135.0,24.0,Medium
050534,JOHN F KENNEDY MEMORIAL HOSPITAL,47111 MONROE STREET,INDIO,RIVERSIDE,CA,92201,(760) 347-6191,Acute Care Hospitals,Proprietary,1,2.0,,Y,2026-07-31 00:22:03,4,4,1.051375,258.0,60.0,High
050537,SUTTER DAVIS HOSPITAL,2000 SUTTER PLACE,DAVIS,YOLO,CA,95616,(530) 757-5108,Acute Care Hospitals,Voluntary non-profit - Private,1,4.0,,Y,2026-07-31 00:22:03,3,0,0.9596666666666667,160.0,23.0,Low
050549,LOS ROBLES HOSPITAL & MEDICAL CENTER,215 W JANSS RD,THOUSAND OAKS,VENTURA,CA,91360,(805) 497-2727,Acute Care Hospitals,Proprietary,1,4.0,,Y,2026-07-31 00:22:03,6,5,1.0270166666666667,2682.0,396.0,High
050551,UCI HEALTH - LOS ALAMITOS,3751 KATELLA AVENUE,LOS ALAMITOS,ORANGE,CA,90720,(562) 799-3220,Acute Care Hospitals,Proprietary,1,1.0,,,2026-07-31 00:22:03,5,3,1.10166,763.0,129.0,Medium
050557,MEMORIAL MEDICAL CENTER,1700 COFFEE RD,MODESTO,STANISLAUS,CA,95355,(209) 526-4500,Acute Care Hospitals,Voluntary non-profit - Private,1,3.0,,Y,2026-07-31 00:22:03,6,5,1.0277166666666666,1795.0,302.0,High
050561,KAISER FOUNDATION HOSPITAL - WEST LA,6041 CADILLAC AVE,LOS ANGELES,LOS ANGELES,CA,90034,(213) 857-2201,Acute Care Hospitals,Voluntary non-profit - Private,0,3.0,,Y,2026-07-31 00:22:03,2,2,1.0057,0.0,0.0,Medium
050567,PROVIDENCE MISSION HOSPITAL,27700 MEDICAL CENTER RD,MISSION VIEJO,ORANGE,CA,92691,(949) 364-1400,Acute Care Hospitals,Voluntary non-profit - Private,1,5.0,,Y,2026-07-31 00:22:03,6,4,0.9864,1552.0,246.0,High
050570,UCI HEALTH - FOUNTAIN VALLEY,17100 EUCLID STREET,FOUNTAIN VALLEY,ORANGE,CA,92708,(714) 966-7200,Acute Care Hospitals,Proprietary,0,2.0,,Y,2026-07-31 00:22:03,6,4,1.0204,890.0,172.0,High
050573,EISENHOWER MEDICAL CENTER,39-000 BOB HOPE DRIVE,RANCHO MIRAGE,RIVERSIDE,CA,92270,(760) 340-3911,Acute Care Hospitals,Proprietary,1,4.0,,Y,2026-07-31 00:22:03,6,2,0.9397833333333333,3442.0,493.0,Medium
050580,LA PALMA INTERCOMMUNITY HOSPITAL,7901 WALKER STREET,LA PALMA,ORANGE,CA,90623,(714) 670-7400,Acute Care Hospitals,Proprietary,0,3.0,,,2026-07-31 00:22:03,4,3,1.02665,216.0,48.0,Medium
050581,UCI HEALTH-LAKEWOOD,3700 SOUTH ST,LAKEWOOD,LOS ANGELES,CA,90712,(562) 602-6751,Acute Care Hospitals,Proprietary,1,2.0,,,2026-07-31 00:22:03,5,5,1.04308,526.0,117.0,High
050586,CHINO VALLEY MEDICAL CENTER,5451 WALNUT AVE,CHINO,SAN BERNARDINO,CA,91710,(909) 627-6111,Acute Care Hospitals,Proprietary,1,4.0,,,2026-07-31 00:22:03,2,2,1.0133,216.0,42.0,Medium
050588,SAN DIMAS COMMUNITY HOSPITAL,1350 W COVINA BLVD,SAN DIMAS,LOS ANGELES,CA,91773,(909) 599-6811,Acute Care Hospitals,Proprietary,1,2.0,,,2026-07-31 00:22:03,4,3,1.079325,227.0,66.0,Medium
050590,METHODIST HOSPITAL OF SACRAMENTO,7500 HOSPITAL DRIVE,SACRAMENTO,SACRAMENTO,CA,95823,(916) 423-6010,Acute Care Hospitals,Voluntary non-profit - Private,1,3.0,,Y,2026-07-31 00:22:03,3,3,1.0320333333333334,560.0,111.0,Medium
050597,EMANATE HEALTH FOOTHILL PRESBYTERIAN HOSPITAL,250 S GRAND AVE,GLENDORA,LOS ANGELES,CA,91740,(626) 963-8411,Acute Care Hospitals,Voluntary non-profit - Private,0,3.0,,,2026-07-31 00:22:03,3,1,0.9666333333333332,368.0,58.0,Low
050599,UNIVERSITY OF CALIFORNIA DAVIS MEDICAL CENTER,2315 STOCKTON BOULEVARD,SACRAMENTO,SACRAMENTO,CA,95817,(916) 734-2011,Acute Care Hospitals,Government - Hospital District or Authority,1,4.0,,Y,2026-07-31 00:22:03,6,2,1.0145,1500.0,313.0,Medium
050603,MEMORIALCARE SADDLEBACK MEDICAL CENTER,24451 HEALTH CENTER DRIVE,LAGUNA HILLS,ORANGE,CA,92653,(949) 837-4500,Acute Care Hospitals,Voluntary non-profit - Private,1,4.0,,Y,2026-07-31 00:22:03,5,1,0.9778,920.0,137.0,Low
050604,KAISER FOUNDATION HOSPITAL-SAN JOSE,250 HOSPITAL PARKWAY,SAN JOSE,SANTA CLARA,CA,95119,(408) 972-7000,Acute Care Hospitals,Voluntary non-profit - Private,1,3.0,,Y,2026-07-31 00:22:03,1,0,0.9913,0.0,0.0,Low
050608,ADVENTIST HEALTH DELANO,1401 GARCES HIGHWAY,DELANO,KERN,CA,93215,(661) 725-4800,Acute Care Hospitals,Proprietary,1,2.0,,Y,2026-07-31 00:22:03,2,1,1.0118,83.0,18.0,Low
050609,KAISER FOUNDATION HOSPITAL - ORANGE COUNTY - ANAHEIM,3440 E LA PALMA AVE,ANAHEIM,ORANGE,CA,92806,(714) 279-4000,Acute Care Hospitals,Voluntary non-profit - Private,1,4.0,,Y,2026-07-31 00:22:03,1,1,1.0089,0.0,0.0,Low
050624,HENRY MAYO NEWHALL  HOSPITAL,23845  MCBEAN PKWY,VALENCIA,LOS ANGELES,CA,91355,(661) 253-8000,Acute Care Hospitals,Voluntary non-profit - Private,0,2.0,,Y,2026-07-31 00:22:03,4,3,1.032425,961.0,175.0,Medium
050625,CEDARS-SINAI MEDICAL CENTER,8700 BEVERLY BLVD,LOS ANGELES,LOS ANGELES,CA,90048,(310) 423-5000,Acute Care Hospitals,Voluntary non-profit - Other,1,5.0,,Y,2026-07-31 00:22:03,6,1,0.9243833333333332,5304.0,868.0,Low
050633,ADVENTIST HEALTH TWIN CITIES,1100 LAS TABLAS RD,TEMPLETON,SAN LUIS OBISPO,CA,93465,(805) 434-3500,Acute Care Hospitals,Proprietary,1,2.0,,Y,2026-07-31 00:22:03,4,3,1.0191,511.0,85.0,Medium
050636,PALOMAR MEDICAL CENTER POWAY,15615 POMERADO ROAD,POWAY,SAN DIEGO,CA,92064,(858) 485-6511,Acute Care Hospitals,Government - Hospital District or Authority,1,4.0,,,2026-07-31 00:22:03,3,1,0.9655333333333332,458.0,69.0,Low
050641,EAST LOS ANGELES DOCTORS HOSPITAL,4060 WHITTIER BLVD,LOS ANGELES,LOS ANGELES,CA,90023,(323) 268-5514,Acute Care Hospitals,Proprietary,1,1.0,,Y,2026-07-31 00:22:03,2,0,0.9964999999999999,0.0,0.0,Low
050663,LOS ANGELES COMMUNITY HOSPITAL,4081 E OLYMPIC BLVD,LOS ANGELES,LOS ANGELES,CA,90023,(323) 267-0477,Acute Care Hospitals,Proprietary,1,3.0,,,2026-07-31 00:22:03,3,1,0.9619666666666667,646.0,116.0,Low
050668,LAGUNA HONDA HOSPITAL & REHABILITATION CENTER,375 LAGUNA HONDA BLVD,SAN FRANCISCO,SAN FRANCISCO,CA,94116,(415) 759-2300,Acute Care Hospitals,Government - Local,0,,16,,2026-07-31 00:22:03,1,1,1.0729,52.0,13.0,Low
050674,KAISER FOUNDATION HOSP SO SACRAMENTO,6600 BRUCEVILLE ROAD,SACRAMENTO,SACRAMENTO,CA,95823,(916) 688-2000,Acute Care Hospitals,Voluntary non-profit - Private,1,2.0,,Y,2026-07-31 00:22:03,3,2,1.0084666666666666,53.0,13.0,Medium
050678,MEMORIALCARE ORANGE COAST MEDICAL CENTER,9920 TALBERT AVENUE,FOUNTAIN VALLEY,ORANGE,CA,92708,(714) 378-7000,Acute Care Hospitals,Proprietary,1,4.0,,Y,2026-07-31 00:22:03,6,2,0.9856666666666666,779.0,132.0,Medium
050684,MENIFEE GLOBAL MEDICAL CENTER,28400 MCCALL BOULEVARD,SUN CITY,RIVERSIDE,CA,92585,(951) 679-8888,Acute Care Hospitals,Proprietary,1,,16,,2026-07-31 00:22:03,1,1,1.0556,47.0,11.0,Low
050689,SAN RAMON REGIONAL MEDICAL CENTER,6001 NORRIS CANYON ROAD,SAN RAMON,CONTRA COSTA,CA,94583,(925) 275-9200,Acute Care Hospitals,Proprietary,1,4.0,,Y,2026-07-31 00:22:03,5,2,0.9758199999999999,509.0,83.0,Medium
050696,KECK HOSPITAL OF USC,1500 SAN PABLO STREET,LOS ANGELES,LOS ANGELES,CA,90033,(323) 442-8656,Acute Care Hospitals,Voluntary non-profit - Other,0,5.0,,,2026-07-31 00:22:03,5,2,0.9746,188.0,46.0,Medium
050697,PATIENTS' HOSPITAL OF REDDING,2900 EUREKA WAY,REDDING,SHASTA,CA,96001,(530) 225-8700,Acute Care Hospitals,Proprietary,0,,16,,2026-07-31 00:22:03,1,1,1.0345,0.0,0.0,Low
050701,SOUTHWEST HEALTHCARE RANCHO SPRINGS HOSPITAL,25500 MEDICAL CENTER DRIVE,MURRIETA,RIVERSIDE,CA,92562,(951) 696-6000,Acute Care Hospitals,Proprietary,1,3.0,,Y,2026-07-31 00:22:03,3,1,1.0081333333333333,462.0,80.0,Low
050704,MISSION COMMUNITY HOSPITAL,14850 ROSCOE BLVD,PANORAMA CITY,LOS ANGELES,CA,91402,(818) 904-3100,Acute Care Hospitals,Voluntary non-profit - Private,0,3.0,,,2026-07-31 00:22:03,4,2,0.984125,374.0,83.0,Medium
050708,FRESNO SURGICAL HOSPITAL,6125 NORTH FRESNO ST,FRESNO,FRESNO,CA,93710,(559) 431-8000,Acute Care Hospitals,Proprietary,0,,16,,2026-07-31 00:22:03,1,0,0.8249,0.0,0.0,Low
050709,DESERT VALLEY HOSPITAL,16850 BEAR VALLEY RD,VICTORVILLE,SAN BERNARDINO,CA,92395,(760) 241-8000,Acute Care Hospitals,Proprietary,1,3.0,,Y,2026-07-31 00:22:03,5,4,1.12828,635.0,150.0,High
050714,SUTTER MATERNITY & SURGERY CENTER OF SANTA CRUZ,2900 CHANTICLEER AVENUE,SANTA CRUZ,SANTA CRUZ,CA,95065,(831) 477-2200,Acute Care Hospitals,Voluntary non-profit - Private,0,,16,Y,2026-07-31 00:22:03,1,0,0.9943,0.0,0.0,Low
050723,KAISER FOUNDATION HOSPITAL - BALDWIN PARK,1011 BALDWIN PARK BLVD,BALDWIN PARK,LOS ANGELES,CA,91706,(626) 851-1011,Acute Care Hospitals,Voluntary non-profit - Other,0,3.0,,Y,2026-07-31 00:22:03,1,1,1.0171,0.0,0.0,Low
050726,STANISLAUS SURGICAL HOSPITAL,1421 OAKDALE ROAD,MODESTO,STANISLAUS,CA,95355,(209) 572-2700,Acute Care Hospitals,Voluntary non-profit - Private,0,,16,,2026-07-31 00:22:03,1,0,0.7683,0.0,0.0,Low
050735,WHITTIER HOSPITAL MEDICAL CENTER,9080 COLIMA RD,WHITTIER,LOS ANGELES,CA,90605,(562) 945-3561,Acute Care Hospitals,Proprietary,1,4.0,,Y,2026-07-31 00:22:03,3,2,1.0332999999999999,269.0,61.0,Medium
050736,MONTEREY PARK HOSPITAL,900 S ATLANTIC BLVD,MONTEREY PARK,LOS ANGELES,CA,91754,(626) 570-9000,Acute Care Hospitals,Proprietary,0,2.0,,,2026-07-31 00:22:03,2,2,1.03715,87.0,17.0,Medium
050737,GARFIELD MEDICAL CENTER,525 N GARFIELD AVE,MONTEREY PARK,LOS ANGELES,CA,91754,(626) 573-2222,Acute Care Hospitals,Proprietary,1,1.0,,Y,2026-07-31 00:22:03,5,4,1.04418,587.0,105.0,High
050738,GREATER EL MONTE COMMUNITY HOSPITAL,1701 SANTA ANITA AVE,SOUTH EL MONTE,LOS ANGELES,CA,91733,(626) 350-7975,Acute Care Hospitals,Voluntary non-profit - Private,0,2.0,,,2026-07-31 00:22:03,3,2,1.0012666666666667,151.0,31.0,Medium
050739,CENTINELA HOSPITAL MEDICAL CENTER,555 EAST HARDY STREET,INGLEWOOD,LOS ANGELES,CA,90301,(310) 673-4660,Acute Care Hospitals,Proprietary,0,2.0,,,2026-07-31 00:22:03,4,4,1.14405,878.0,259.0,High
050740,CEDAR-SINAI MARINA DEL REY HOSPITAL,4650 LINCOLN BLVD,MARINA DEL REY,LOS ANGELES,CA,90292,(310) 823-8911,Acute Care Hospitals,Proprietary,1,4.0,,,2026-07-31 00:22:03,4,3,1.0038,479.0,100.0,Medium
050744,ANAHEIM GLOBAL MEDICAL CENTER,1025 S ANAHEIM BLVD,ANAHEIM,ORANGE,CA,92805,(714) 533-6220,Acute Care Hospitals,Proprietary,0,2.0,,,2026-07-31 00:22:03,1,1,1.007,0.0,0.0,Low
050745,CHAPMAN GLOBAL MEDICAL CENTER,2601 E CHAPMAN AVE,ORANGE,ORANGE,CA,92869,(714) 633-0011,Acute Care Hospitals,Proprietary,0,2.0,,,2026-07-31 00:22:03,2,1,0.9782,58.0,14.0,Low
050746,ORANGE COUNTY GLOBAL MEDICAL CENTER,1001 NORTH TUSTIN AVENUE,SANTA ANA,ORANGE,CA,92705,(714) 953-3500,Acute Care Hospitals,Proprietary,1,2.0,,Y,2026-07-31 00:22:03,3,2,1.0197,215.0,38.0,Medium
050747,COASTAL COMMUNITIES HOSPITAL,2701 S BRISTOL ST,SANTA ANA,ORANGE,CA,92704,(714) 754-5454,Acute Care Hospitals,Proprietary,1,1.0,,Y,2026-07-31 00:22:03,1,1,1.0354,56.0,13.0,Low
050755,SHERMAN OAKS HOSPITAL,4929 VAN NUYS BLVD,SHERMAN OAKS,LOS ANGELES,CA,91403,(818) 981-7111,Acute Care Hospitals,Voluntary non-profit - Private,1,2.0,,,2026-07-31 00:22:03,5,4,1.04634,619.0,170.0,High
050758,MONTCLAIR HOSPITAL MEDICAL CENTER,5000 SAN BERNARDINO ROAD,MONTCLAIR,SAN BERNARDINO,CA,91763,(909) 625-8300,Acute Care Hospitals,Voluntary non-profit - Private,1,3.0,,,2026-07-31 00:22:03,2,2,1.1065,124.0,42.0,Medium
050760,KAISER FOUNDATION HOSPITAL - ANTIOCH,4501 SAND CREEK ROAD,ANTIOCH,CONTRA COSTA,CA,94531,(925) 813-6500,Acute Care Hospitals,Voluntary non-profit - Private,1,1.0,,Y,2026-07-31 00:22:03,1,1,1.1363,33.0,15.0,Low
050761,PROVIDENCE CEDARS SINAI TARZANA MEDICAL CENTER,18321 CLARK STREET,TARZANA,LOS ANGELES,CA,91356,(818) 881-0800,Acute Care Hospitals,Voluntary non-profit - Private,1,3.0,,Y,2026-07-31 00:22:03,6,4,1.0341,1299.0,256.0,High
050763,L A DOWNTOWN MEDICAL CENTER,1711 WEST TEMPLE STREET,LOS ANGELES,LOS ANGELES,CA,90026,(213) 989-6123,Acute Care Hospitals,Proprietary,0,3.0,,,2026-07-31 00:22:03,3,3,1.0263333333333333,254.0,55.0,Medium
050764,SHASTA REGIONAL MEDICAL CENTER,1100 BUTTE ST,REDDING,SHASTA,CA,96001,(530) 244-5454,Acute Care Hospitals,Proprietary,1,2.0,,,2026-07-31 00:22:03,6,5,1.0875,1542.0,248.0,High
050766,SUTTER SURGICAL HOSPITAL - NORTH VALLEY,455 PLUMAS BLVD,YUBA CITY,SUTTER,CA,95991,(530) 749-5700,Acute Care Hospitals,Physician,0,,16,,2026-07-31 00:22:03,1,1,1.2,0.0,0.0,Low
050769,HOAG ORTHOPEDIC INSTITUTE,16250 SAND CANYON AVENUE,IRVINE,ORANGE,CA,92618,(949) 727-5000,Acute Care Hospitals,Proprietary,0,,"16, 23",,2026-07-31 00:22:03,1,0,0.8244,803.0,34.0,Low
050770,LOMA LINDA UNIVERSITY MEDICAL CENTER-MURRIETA,28062 BAXTER ROAD,MURRIETA,RIVERSIDE,CA,92563,(951) 290-4000,Acute Care Hospitals,Voluntary non-profit - Private,1,2.0,,Y,2026-07-31 00:22:03,5,3,1.0156399999999999,803.0,153.0,Medium
050771,COAST PLAZA HOSPITAL,13100 STUDERBAKER ROAD,NORWALK,LOS ANGELES,CA,90650,(562) 868-3751,Acute Care Hospitals,Proprietary,1,1.0,,,2026-07-31 00:22:03,2,2,1.01825,234.0,54.0,Medium
050775,TEMECULA VALLEY HOSPITAL,31700 TEMECULA PKWY,TEMECULA,RIVERSIDE,CA,92592,(951) 331-2200,Acute Care Hospitals,Proprietary,1,4.0,,,2026-07-31 00:22:03,6,3,1.0100166666666668,816.0,134.0,Medium
050776,COLLEGE MEDICAL CENTER,2776 PACIFIC AVENUE,LONG BEACH,LOS ANGELES,CA,90806,(562) 595-1911,Acute Care Hospitals,Proprietary,1,3.0,,,2026-07-31 00:22:03,3,2,1.0146333333333333,94.0,19.0,Medium
050777,KAISER FOUNDATION HOSPITAL - SAN LEANDRO,2500 MERCED STREET,SAN LEANDRO,ALAMEDA,CA,94577,(510) 454-1000,Acute Care Hospitals,Voluntary non-profit - Private,1,2.0,,Y,2026-07-31 00:22:03,1,1,1.0335,0.0,0.0,Low
050779,"MARTIN LUTHER KING, JR. COMMUNITY HOSPITAL",1680 EAST 120TH STREET,LOS ANGELES,LOS ANGELES,CA,90059,(424) 835-6808,Acute Care Hospitals,Voluntary non-profit - Private,1,4.0,,Y,2026-07-31 00:22:03,3,2,1.0161333333333333,217.0,45.0,Medium
050780,FOOTHILL REGIONAL MEDICAL CENTER,14662 NEWPORT AVE,TUSTIN,ORANGE,CA,92780,(714) 619-7700,Acute Care Hospitals,Proprietary,0,3.0,,,2026-07-31 00:22:03,2,0,0.97605,179.0,33.0,Low
050782,CASA COLINA HOSPITAL,255 E BONITA AVE,POMONA,LOS ANGELES,CA,91767,(909) 596-7733,Acute Care Hospitals,Voluntary non-profit - Private,0,,16,,2026-07-31 00:22:03,2,0,0.9639500000000001,0.0,0.0,Low
050783,COLUSA MEDICAL CENTER,199 E WEBSTER STREET,COLUSA,COLUSA,CA,95932,(530) 619-0800,Acute Care Hospitals,Proprietary,1,1.0,,,2026-07-31 00:22:03,3,1,0.9829333333333333,63.0,12.0,Low
050784,ADVENTIST HEALTH TULARE,869 NORTH CHERRY STREET,TULARE,TULARE,CA,93274,(559) 688-0821,Acute Care Hospitals,Voluntary non-profit - Private,1,3.0,,Y,2026-07-31 00:22:03,2,2,1.03075,170.0,32.0,Medium
050785,DOCS SURGICAL HOSPITAL,6000 SAN VICENTE BLVD,LOS ANGELES,LOS ANGELES,CA,90036,(323) 930-1040,Acute Care Hospitals,Physician,0,,16,,2026-07-31 00:22:03,1,0,0.7671,0.0,0.0,Low
060001,BANNER NORTH COLORADO MEDICAL CENTER,1801 16TH ST,GREELEY,WELD,CO,80631,(970) 810-4121,Acute Care Hospitals,Voluntary non-profit - Private,1,4.0,,Y,2026-07-31 00:22:03,6,1,0.9405166666666668,367.0,51.0,Low
060003,LONGMONT UNITED HOSPITAL,1950 MOUNTAIN VIEW AVE,LONGMONT,BOULDER,CO,80501,(303) 651-5111,Acute Care Hospitals,Voluntary non-profit - Private,1,3.0,,Y,2026-07-31 00:22:03,3,2,1.0060333333333333,180.0,30.0,Medium
060004,INTERMOUNTAIN HEALTH PLATTE VALLEY HOSPITAL,1600 PRAIRIE CENTER PKWY,BRIGHTON,ADAMS,CO,80601,(303) 498-1600,Acute Care Hospitals,Voluntary non-profit - Private,1,3.0,,Y,2026-07-31 00:22:03,2,0,0.9777,0.0,0.0,Low
060006,MONTROSE REGIONAL HEALTH,800 S 3RD ST,MONTROSE,MONTROSE,CO,81401,(970) 249-2211,Acute Care Hospitals,Voluntary non-profit - Private,1,4.0,,Y,2026-07-31 00:22:03,4,1,0.96825,0.0,0.0,Low
060008,SAN LUIS VALLEY REGIONAL  MEDICAL CENTER,106 BLANCA AVE,ALAMOSA,ALAMOSA,CO,81101,(719) 587-1202,Acute Care Hospitals,Voluntary non-profit - Private,1,3.0,,Y,2026-07-31 00:22:03,2,0,0.9366000000000001,0.0,0.0,Low
060009,LUTHERAN MEDICAL CENTER,8300 W 38TH AVE,WHEAT RIDGE,JEFFERSON,CO,80033,(303) 425-4500,Acute Care Hospitals,Voluntary non-profit - Private,1,4.0,,Y,2026-07-31 00:22:03,4,0,0.9262,455.0,51.0,Low
060010,POUDRE VALLEY HOSPITAL,1024 S LEMAY AVE,FORT COLLINS,LARIMER,CO,80524,(970) 495-7000,Acute Care Hospitals,Voluntary non-profit - Private,1,5.0,,Y,2026-07-31 00:22:03,5,0,0.8858599999999999,860.0,105.0,Low
060011,DENVER HEALTH & HOSPITAL AUTHORITY,777 BANNOCK ST,DENVER,DENVER,CO,80204,(303) 602-4935,Acute Care Hospitals,Government - State,1,3.0,,Y,2026-07-31 00:22:03,3,1,0.9843666666666667,57.0,13.0,Low
060012,ST MARY-CORWIN HOSPITAL,1008 MINNEQUA AVE,PUEBLO,PUEBLO,CO,81004,(719) 557-4000,Acute Care Hospitals,Voluntary non-profit - Church,0,4.0,,,2026-07-31 00:22:03,2,0,0.93575,0.0,0.0,Low
060013,MERCY REGIONAL MEDICAL CENTER,1010 THREE SPRINGS BLVD,DURANGO,LA PLATA,CO,81301,(970) 247-4311,Acute Care Hospitals,Voluntary non-profit - Church,1,5.0,,Y,2026-07-31 00:22:03,4,0,0.9324250000000001,388.0,48.0,Low
060014,HCA HEALTHONE PRESBYTERIAN ST LUKE'S,1719 E 19TH AVE,DENVER,DENVER,CO,80218,(303) 839-6000,Acute Care Hospitals,Government - State,1,2.0,,Y,2026-07-31 00:22:03,3,3,1.0395,119.0,25.0,Medium
060015,CENTURA HEALTH-ST ANTHONY HOSPITAL,11600 W 2ND PL,LAKEWOOD,JEFFERSON,CO,80228,(720) 321-0000,Acute Care Hospitals,Voluntary non-profit - Church,1,4.0,,,2026-07-31 00:22:03,5,2,0.9582799999999999,804.0,116.0,Medium
060020,"PARKVIEW MEDICAL CENTER, INC",400 W 16TH ST,PUEBLO,PUEBLO,CO,81003,(719) 584-4000,Acute Care Hospitals,Voluntary non-profit - Private,1,3.0,,Y,2026-07-31 00:22:03,6,2,0.9793666666666666,959.0,126.0,Medium
060022,UCH-MEMORIAL HEALTH SYSTEM,1400 E BOULDER ST,COLORADO SPRINGS,EL PASO,CO,80909,(719) 365-5000,Acute Care Hospitals,Government - Local,1,4.0,,Y,2026-07-31 00:22:03,6,0,0.9311666666666666,1812.0,233.0,Low
060023,INTERMOUNTAIN HEALTH ST. MARY'S REGIONAL HOSPITAL,2635 N 7TH ST,GRAND JUNCTION,MESA,CO,81501,(970) 298-2260,Acute Care Hospitals,Voluntary non-profit - Church,1,4.0,,Y,2026-07-31 00:22:03,6,0,0.9098166666666666,782.0,81.0,Low
060024,UNIVERSITY OF COLORADO HOSPITAL AUTHORITY,12605 E 16TH AVE,AURORA,ADAMS,CO,80045,(720) 848-0000,Acute Care Hospitals,Government - Hospital District or Authority,1,5.0,,Y,2026-07-31 00:22:03,6,1,0.9432833333333334,1176.0,189.0,Low
060027,BOULDER COMMUNITY HEALTH,4747 ARAPAHOE AVENUE,BOULDER,BOULDER,CO,80304,(303) 440-2273,Acute Care Hospitals,Voluntary non-profit - Private,1,4.0,,Y,2026-07-31 00:22:03,6,3,0.9800999999999999,610.0,72.0,Medium
060028,SAINT JOSEPH HOSPITAL,1375 E 19TH AVE,DENVER,DENVER,CO,80218,(303) 812-2000,Acute Care Hospitals,Voluntary non-profit - Private,1,5.0,,Y,2026-07-31 00:22:03,4,1,0.98455,218.0,37.0,Low
060030,BANNER NORTH CO MEDICAL CENTER - LOVELAND CAMPUS,2000 BOISE AVE,LOVELAND,LARIMER,CO,80538,(970) 820-4640,Acute Care Hospitals,Voluntary non-profit - Private,1,3.0,,,2026-07-31 00:22:03,3,0,0.9579666666666666,85.0,11.0,Low
060031,CENTURA HEALTH-PENROSE ST FRANCIS HEALTH SERVICES,2222 N NEVADA AVE,COLORADO SPRINGS,EL PASO,CO,80907,(719) 776-5000,Acute Care Hospitals,Voluntary non-profit - Private,1,3.0,,Y,2026-07-31 00:22:03,6,3,0.9862666666666667,1833.0,198.0,Medium
060032,HCA HEALTHONE ROSE,4567 E 9TH AVE,DENVER,DENVER,CO,80220,(303) 320-2121,Acute Care Hospitals,Proprietary,1,4.0,,Y,2026-07-31 00:22:03,5,5,1.05786,334.0,65.0,High
060034,HCA-HEALTHONE DBA SWEDISH MEDICAL CENTER,501 E HAMPDEN AVE,ENGLEWOOD,ARAPAHOE,CO,80113,(303) 788-5000,Acute Care Hospitals,Proprietary,1,4.0,,Y,2026-07-31 00:22:03,6,1,0.9575666666666667,491.0,79.0,Low
060044,ST ELIZABETH HOSPITAL,1000 LINCOLN ST,FORT MORGAN,MORGAN,CO,80701,(970) 867-3391,Acute Care Hospitals,Voluntary non-profit - Other,1,4.0,,Y,2026-07-31 00:22:03,3,0,0.9759333333333333,0.0,0.0,Low
060049,UCHEALTH YAMPA VALLEY MEDICAL CENTER,1024 CENTRAL PARK DR,STEAMBOAT SPRINGS,ROUTT,CO,80487,(970) 879-1322,Acute Care Hospitals,Voluntary non-profit - Private,1,,16,Y,2026-07-31 00:22:03,1,0,0.9822,0.0,0.0,Low
060054,COMMUNITY HOSPITAL,2351 'G' RD,GRAND JUNCTION,MESA,CO,81505,(970) 644-3011,Acute Care Hospitals,Voluntary non-profit - Private,1,4.0,,Y,2026-07-31 00:22:03,3,0,0.9381666666666667,0.0,0.0,Low
060064,AdventHealth Porter,2525 S DOWNING ST,DENVER,DENVER,CO,80210,(303) 778-1955,Acute Care Hospitals,Voluntary non-profit - Private,1,4.0,,,2026-07-31 00:22:03,6,2,1.01315,265.0,40.0,Medium
060065,HCA HEALTHONE MOUNTAIN RIDGE,9191 GRANT ST,THORNTON,ADAMS,CO,80229,(303) 451-7800,Acute Care Hospitals,Voluntary non-profit - Private,1,3.0,,Y,2026-07-31 00:22:03,4,3,1.027575,158.0,37.0,Medium
060071,DELTA COUNTY MEMORIAL HOSPITAL,1501 E 3RD ST,DELTA,DELTA,CO,81416,(970) 874-7681,Acute Care Hospitals,Government - Local,1,3.0,,Y,2026-07-31 00:22:03,2,1,0.9875,0.0,0.0,Low
060075,VALLEY VIEW HOSPITAL ASSOCIATION,1906 BLAKE AVE,GLENWOOD SPRINGS,GARFIELD,CO,81601,(970) 945-6535,Acute Care Hospitals,Voluntary non-profit - Private,1,4.0,,Y,2026-07-31 00:22:03,5,0,0.9393800000000001,89.0,14.0,Low
060076,STERLING REGIONAL MEDCENTER,615 FAIRHURST ST,STERLING,LOGAN,CO,80751,(970) 522-0122,Acute Care Hospitals,Voluntary non-profit - Private,1,3.0,,Y,2026-07-31 00:22:03,2,2,1.0123,0.0,0.0,Medium
060096,VAIL HEALTH HOSPITAL,181 W MEADOW DR,VAIL,EAGLE,CO,81657,(970) 476-2451,Acute Care Hospitals,Voluntary non-profit - Other,1,5.0,,Y,2026-07-31 00:22:03,4,1,0.95045,0.0,0.0,Low
060100,THE MEDICAL CENTER OF AURORA & SOUTH HOSPITAL,1501 S POTOMAC ST,AURORA,ARAPAHOE,CO,80012,(303) 873-5511,Acute Care Hospitals,Proprietary,1,4.0,,Y,2026-07-31 00:22:03,6,2,0.98155,765.0,116.0,Medium
060103,ADVENTHEALTH AVISTA,100 HEALTH PARK DR,LOUISVILLE,BOULDER,CO,80027,(303) 673-1000,Acute Care Hospitals,Voluntary non-profit - Church,0,4.0,,Y,2026-07-31 00:22:03,2,0,0.97245,0.0,0.0,Low
060104,CENTURA HEALTH-ST ANTHONY NORTH HEALTH CAMPUS,14300 ORCHARD PKWY,WESTMINSTER,BROOMFIELD,CO,80023,(720) 627-0000,Acute Care Hospitals,Voluntary non-profit - Private,1,5.0,,Y,2026-07-31 00:22:03,4,1,0.9714499999999999,486.0,76.0,Low
060112,SKY RIDGE MEDICAL CENTER,10101 RIDGEGATE PKWY,LONE TREE,DOUGLAS,CO,80124,(720) 225-1000,Acute Care Hospitals,Voluntary non-profit - Other,1,3.0,,Y,2026-07-31 00:22:03,5,2,1.0651199999999998,591.0,100.0,Medium
060113,AdventHealth Littleton,7700 S BROADWAY,LITTLETON,ARAPAHOE,CO,80122,(303) 730-8900,Acute Care Hospitals,Voluntary non-profit - Church,1,4.0,,Y,2026-07-31 00:22:03,5,4,1.03654,753.0,126.0,High
060114,AdventHealth Parker,9395 CROWN CREST BLVD,PARKER,DOUGLAS,CO,80138,(303) 269-4000,Acute Care Hospitals,Voluntary non-profit - Private,1,5.0,,Y,2026-07-31 00:22:03,5,0,0.92828,401.0,55.0,Low
060116,GOOD SAMARITAN MEDICAL CENTER LLC,200 EXEMPLA CIR,LAFAYETTE,BOULDER,CO,80026,(303) 689-4000,Acute Care Hospitals,Voluntary non-profit - Private,1,4.0,,Y,2026-07-31 00:22:03,4,2,0.99675,190.0,30.0,Medium
060117,"ANIMAS SURGICAL HOSPITAL, LLC","575 RIVERGATE LN, UNIT 100",DURANGO,LA PLATA,CO,81301,(970) 247-3537,Acute Care Hospitals,Physician,1,,16,,2026-07-31 00:22:03,1,0,0.8051,0.0,0.0,Low
060119,MEDICAL CENTER OF THE ROCKIES,2500 ROCKY MOUNTAIN AVE,LOVELAND,LARIMER,CO,80538,(970) 624-2500,Acute Care Hospitals,Voluntary non-profit - Private,1,5.0,,Y,2026-07-31 00:22:03,6,1,0.9224666666666667,949.0,119.0,Low
060125,ADVENTHEALTH CASTLE ROCK,2350 MEADOWS BLVD,CASTLE ROCK,DOUGLAS,CO,80109,(720) 455-5000,Acute Care Hospitals,Voluntary non-profit - Private,1,5.0,,,2026-07-31 00:22:03,4,2,0.9876,247.0,42.0,Medium
060128,LONGS PEAK HOSPITAL,1750 E KEN PRATT BLVD,LONGMONT,BOULDER,CO,80504,(720) 718-3005,Acute Care Hospitals,Voluntary non-profit - Private,1,5.0,,Y,2026-07-31 00:22:03,4,0,0.9456249999999999,271.0,30.0,Low
060130,UCHEALTH GRANDVIEW HOSPITAL,5623 PULPIT PEAK VW,COLORADO SPRINGS,EL PASO,CO,80918,(719) 365-3300,Acute Care Hospitals,Voluntary non-profit - Private,1,,16,,2026-07-31 00:22:03,2,0,0.9237,0.0,0.0,Low
060131,UCHEALTH GREELEY HOSPITAL,6767 29TH ST,GREELEY,WELD,CO,80634,(970) 652-2000,Acute Care Hospitals,Voluntary non-profit - Private,1,4.0,,Y,2026-07-31 00:22:03,4,0,0.947175,302.0,38.0,Low
060132,UCHEALTH HIGHLANDS RANCH HOSPITAL,1500 PARK CENTRAL DR,HIGHLANDS RANCH,DOUGLAS,CO,80129,(720) 516-1000,Acute Care Hospitals,Voluntary non-profit - Private,1,5.0,,Y,2026-07-31 00:22:03,4,0,0.96665,434.0,69.0,Low
070002,ST FRANCIS HOSPITAL & MEDICAL CENTER,114 WOODLAND STREET & 500 BLUE HILLS AVENUE,HARTFORD,HARTFORD,CT,06105,(860) 714-5541,Acute Care Hospitals,Voluntary non-profit - Church,1,2.0,,Y,2026-07-31 00:22:03,6,3,0.9641000000000001,1717.0,278.0,Medium
070003,DAY KIMBALL HOSPITAL,320 POMFRET STREET,PUTNAM,WINDHAM,CT,06260,(860) 928-6541,Acute Care Hospitals,Voluntary non-profit - Private,1,2.0,,Y,2026-07-31 00:22:03,3,3,1.0732333333333333,387.0,82.0,Medium
070004,SHARON HOSPITAL,50 HOSPITAL HILL ROAD,SHARON,LITCHFIELD,CT,06069,(860) 364-4228,Acute Care Hospitals,Proprietary,1,5.0,,Y,2026-07-31 00:22:03,4,2,0.9745999999999999,281.0,44.0,Medium
070005,WATERBURY HOSPITAL,64 ROBBINS ST,WATERBURY,NEW HAVEN,CT,06721,(203) 573-6000,Acute Care Hospitals,Proprietary,1,2.0,,Y,2026-07-31 00:22:03,5,2,0.9790599999999999,965.0,185.0,Medium
070006,STAMFORD HOSPITAL,ONE HOSPITAL PLAZA,STAMFORD,FAIRFIELD,CT,06904,(203) 276-1000,Acute Care Hospitals,Voluntary non-profit - Private,1,5.0,,Y,2026-07-31 00:22:03,6,2,0.9664333333333333,1341.0,197.0,Medium
070007,LAWRENCE & MEMORIAL HOSPITAL,365 MONTAUK AVE,NEW LONDON,NEW LONDON,CT,06320,(860) 442-0711,Acute Care Hospitals,Voluntary non-profit - Private,1,3.0,,Y,2026-07-31 00:22:03,4,0,0.961975,1219.0,199.0,Low
070008,JOHNSON MEMORIAL HOSPITAL,201 CHESTNUT HILL ROAD,STAFFORD SPRINGS,TOLLAND,CT,06076,(860) 684-4251,Acute Care Hospitals,Voluntary non-profit - Private,1,3.0,,,2026-07-31 00:22:03,3,2,1.0045666666666666,75.0,15.0,Medium
070010,BRIDGEPORT HOSPITAL,267 GRANT STREET,BRIDGEPORT,FAIRFIELD,CT,06610,(203) 384-3000,Acute Care Hospitals,Voluntary non-profit - Private,1,4.0,,Y,2026-07-31 00:22:03,6,2,1.00025,1937.0,367.0,Medium
070011,CHARLOTTE HUNGERFORD HOSPITAL,540 LITCHFIELD ST,TORRINGTON,LITCHFIELD,CT,06790,(860) 496-6666,Acute Care Hospitals,Voluntary non-profit - Private,1,3.0,,Y,2026-07-31 00:22:03,3,3,1.0577333333333334,754.0,153.0,Medium
070016,SAINT MARY'S HOSPITAL,56 FRANKLIN STREET,WATERBURY,NEW HAVEN,CT,06706,(203) 709-6020,Acute Care Hospitals,Voluntary non-profit - Church,1,3.0,,Y,2026-07-31 00:22:03,4,1,0.959375,717.0,116.0,Low
070017,MIDSTATE MEDICAL CENTER,435 LEWIS AVENUE,MERIDEN,NEW HAVEN,CT,06450,(203) 694-8200,Acute Care Hospitals,Voluntary non-profit - Private,1,4.0,,Y,2026-07-31 00:22:03,4,2,1.0857999999999999,1021.0,177.0,Medium
070018,GREENWICH HOSPITAL ASSOCIATION -,5 PERRYRIDGE RD,GREENWICH,FAIRFIELD,CT,06830,(203) 863-3000,Acute Care Hospitals,Voluntary non-profit - Private,1,5.0,,Y,2026-07-31 00:22:03,5,4,1.00108,1211.0,228.0,High
070020,MIDDLESEX HOSPITAL,28 CRESCENT ST,MIDDLETOWN,MIDDLESEX,CT,06457,(860) 344-6000,Acute Care Hospitals,Voluntary non-profit - Private,1,3.0,,Y,2026-07-31 00:22:03,5,2,1.03492,1257.0,214.0,Medium
070021,WINDHAM COMMUNITY MEMORIAL HOSPITAL,112 MANSFIELD AVENUE,WILLIMANTIC,WINDHAM,CT,06226,(860) 456-9116,Acute Care Hospitals,Voluntary non-profit - Private,1,3.0,,,2026-07-31 00:22:03,3,2,1.0057333333333334,314.0,55.0,Medium
070022,YALE-NEW HAVEN HOSPITAL,20 YORK ST,NEW HAVEN,NEW HAVEN,CT,06504,(203) 688-4242,Acute Care Hospitals,Voluntary non-profit - Private,1,5.0,,Y,2026-07-31 00:22:03,6,2,0.9977499999999999,3750.0,642.0,Medium
070024,WILLIAM W BACKUS HOSPITAL,326 WASHINGTON ST,NORWICH,NEW LONDON,CT,06360,(860) 889-8331,Acute Care Hospitals,Voluntary non-profit - Other,1,4.0,,Y,2026-07-31 00:22:03,4,1,0.97305,1157.0,200.0,Low
070025,HARTFORD HOSPITAL,80 SEYMOUR STREET,HARTFORD,HARTFORD,CT,06102,(860) 545-5000,Acute Care Hospitals,Voluntary non-profit - Private,1,4.0,,Y,2026-07-31 00:22:03,6,4,1.0355666666666667,3382.0,593.0,High
070027,MANCHESTER MEMORIAL HOSPITAL,71 HAYNES ST,MANCHESTER,HARTFORD,CT,06040,(860) 647-4780,Acute Care Hospitals,Proprietary,1,4.0,,Y,2026-07-31 00:22:03,4,1,0.974875,479.0,74.0,Low
070028,ST VINCENT'S MEDICAL CENTER,2800 MAIN ST,BRIDGEPORT,FAIRFIELD,CT,06606,(203) 576-5551,Acute Care Hospitals,Voluntary non-profit - Private,1,4.0,,Y,2026-07-31 00:22:03,6,3,0.9856166666666667,904.0,147.0,Medium
070029,BRISTOL HOSPITAL,41 BREWSTER RD,BRISTOL,HARTFORD,CT,06010,(860) 585-3000,Acute Care Hospitals,Voluntary non-profit - Private,1,2.0,,Y,2026-07-31 00:22:03,3,3,1.0593666666666668,438.0,90.0,Medium
070031,GRIFFIN HOSPITAL,130 DIVISION ST,DERBY,NEW HAVEN,CT,06418,(203) 732-7500,Acute Care Hospitals,Voluntary non-profit - Other,1,4.0,,Y,2026-07-31 00:22:03,4,0,0.9183,344.0,47.0,Low
070033,DANBURY HOSPITAL,24 HOSPITAL AVE,DANBURY,FAIRFIELD,CT,06810,(203) 739-7000,Acute Care Hospitals,Voluntary non-profit - Private,1,4.0,,Y,2026-07-31 00:22:03,6,1,0.9528,2812.0,428.0,Low
070034,NORWALK HOSPITAL,24 STEVENS STREET,NORWALK,FAIRFIELD,CT,06856,(203) 852-2000,Acute Care Hospitals,Voluntary non-profit - Private,1,3.0,,Y,2026-07-31 00:22:03,4,2,1.027175,1055.0,202.0,Medium
070035,THE HOSPITAL OF CENTRAL CONNECTICUT,100 GRAND STREET,NEW BRITAIN,HARTFORD,CT,06050,(860) 224-5011,Acute Care Hospitals,Voluntary non-profit - Other,1,2.0,,Y,2026-07-31 00:22:03,4,3,1.0105,1030.0,190.0,Medium
070036,JOHN DEMPSEY HOSPITAL OF THE UNIVERSITY OF CONNECT,263 FARMINGTON AVE,FARMINGTON,HARTFORD,CT,06032,(860) 679-1145,Acute Care Hospitals,Government - Local,1,3.0,,Y,2026-07-31 00:22:03,4,2,1.00015,802.0,131.0,Medium
080001,CHRISTIANA HOSPITAL,4755 OGLETOWN-STANTON ROAD,NEWARK,NEW CASTLE,DE,19718,(302) 733-3609,Acute Care Hospitals,Voluntary non-profit - Private,1,4.0,,Y,2026-07-31 00:22:03,6,1,0.9122,6225.0,941.0,Low
080003,ST FRANCIS HOSPITAL,7TH AND CLAYTON STS,WILMINGTON,NEW CASTLE,DE,19805,(302) 421-4100,Acute Care Hospitals,Voluntary non-profit - Private,1,3.0,,Y,2026-07-31 00:22:03,4,1,0.9661,148.0,23.0,Low
080004,"BAYHEALTH MEDICAL CENTER, KENT CAMPUS",640 S STATE STREET,DOVER,KENT,DE,19901,(302) 744-7001,Acute Care Hospitals,Voluntary non-profit - Private,1,2.0,,Y,2026-07-31 00:22:03,6,5,1.04695,2048.0,361.0,High
080006,"TIDALHEALTH NANTICOKE, INC.",801 MIDDLEFORD RD,SEAFORD,SUSSEX,DE,19973,(302) 629-6611,Acute Care Hospitals,Voluntary non-profit - Private,1,3.0,,Y,2026-07-31 00:22:03,4,0,0.9427,864.0,124.0,Low
080007,BEEBE MEDICAL CENTER,424 SAVANNAH RD,LEWES,SUSSEX,DE,19958,(302) 645-3300,Acute Care Hospitals,Voluntary non-profit - Private,1,3.0,,Y,2026-07-31 00:22:03,6,2,1.0210833333333333,2265.0,323.0,Medium
080009,"BAYHEALTH HOSPITAL, SUSSEX CAMPUS",100 WELLNESS WAY,MILFORD,SUSSEX,DE,19963,(302) 422-3311,Acute Care Hospitals,Voluntary non-profit - Private,1,3.0,,Y,2026-07-31 00:22:03,5,0,0.96466,926.0,146.0,Low
090001,GEORGE WASHINGTON UNIV HOSPITAL,900 23RD ST NW,WASHINGTON,THE DISTRICT,DC,20037,(202) 716-4605,Acute Care Hospitals,Proprietary,1,2.0,,Y,2026-07-31 00:22:03,6,1,0.9796666666666667,765.0,131.0,Low
090003,HOWARD UNIVERSITY HOSPITAL CORP,2041 GEORGIA AVE NW,WASHINGTON,THE DISTRICT,DC,20060,(202) 745-6100,Acute Care Hospitals,Voluntary non-profit - Other,0,1.0,,Y,2026-07-31 00:22:03,4,3,1.058075,332.0,95.0,Medium
090004,MEDSTAR GEORGETOWN UNIVERSITY HOSPITAL,3800 RESERVOIR RD,WASHINGTON,THE DISTRICT,DC,20007,(202) 784-3000,Acute Care Hospitals,Proprietary,1,3.0,,Y,2026-07-31 00:22:03,4,1,0.9763,389.0,63.0,Low
090005,SIBLEY MEMORIAL HOSPITAL,5255 LOUGHBORO RD NW,WASHINGTON,THE DISTRICT,DC,20016,(202) 537-4680,Acute Care Hospitals,Voluntary non-profit - Other,1,5.0,,Y,2026-07-31 00:22:03,5,1,0.9800600000000002,795.0,107.0,Low
090008,UNITED MEDICAL CENTER,1310 SOUTHERN AVENUE  SE,WASHINGTON,THE DISTRICT,DC,20032,(202) 574-6000,Acute Care Hospitals,Proprietary,1,3.0,,,2026-07-31 00:22:03,3,0,0.9807666666666667,128.0,26.0,Low
090011,MEDSTAR WASHINGTON HOSPITAL CENTER,110 IRVING STREET NW,WASHINGTON,THE DISTRICT,DC,20010,(202) 877-7000,Acute Care Hospitals,Voluntary non-profit - Other,1,3.0,,Y,2026-07-31 00:22:03,6,3,0.9866833333333332,2883.0,475.0,Medium
100001,SHANDS JACKSONVILLE,655 W 8TH ST,JACKSONVILLE,DUVAL,FL,32209,(904) 244-4000,Acute Care Hospitals,Voluntary non-profit - Private,1,4.0,,Y,2026-07-31 00:22:03,5,3,1.00306,1013.0,190.0,Medium
100002,BETHESDA HOSPITAL EAST,2815 S SEACREST BLVD,BOYNTON BEACH,PALM BEACH,FL,33435,(561) 737-7733,Acute Care Hospitals,Voluntary non-profit - Private,1,2.0,,Y,2026-07-31 00:22:03,6,4,1.0403166666666668,2016.0,357.0,High
100006,ORLANDO HEALTH,52 W UNDERWOOD ST,ORLANDO,ORANGE,FL,32806,(321) 841-5111,Acute Care Hospitals,Voluntary non-profit - Private,1,4.0,,Y,2026-07-31 00:22:03,6,2,1.0073666666666667,4368.0,663.0,Medium
100007,ADVENTHEALTH ORLANDO,601 E ROLLINS ST,ORLANDO,ORANGE,FL,32803,(407) 303-1976,Acute Care Hospitals,Voluntary non-profit - Private,1,3.0,,Y,2026-07-31 00:22:03,6,6,1.1425833333333333,9480.0,1948.0,High
100008,BAPTIST HOSPITAL OF MIAMI,8900 N KENDALL DR,MIAMI,MIAMI-DADE,FL,33176,(786) 596-1960,Acute Care Hospitals,Voluntary non-profit - Private,1,5.0,,Y,2026-07-31 00:22:03,5,3,1.00216,1650.0,332.0,Medium
100012,LEE MEMORIAL HOSPITAL,2776 CLEVELAND AVE,FORT MYERS,LEE,FL,33901,(239) 343-5000,Acute Care Hospitals,Government - Hospital District or Authority,1,5.0,,Y,2026-07-31 00:22:03,6,0,0.9549333333333333,4063.0,590.0,Low
100014,ADVENTHEALTH NEW SMYRNA BEACH,401 PALMETTO ST,NEW SMYRNA BEACH,VOLUSIA,FL,32170,(386) 424-5100,Acute Care Hospitals,Voluntary non-profit - Church,1,4.0,,,2026-07-31 00:22:03,5,2,0.96706,729.0,113.0,Medium
100017,HALIFAX HEALTH MEDICAL CENTER,303 N CLYDE MORRIS BLVD,DAYTONA BEACH,VOLUSIA,FL,32114,(386) 254-4000,Acute Care Hospitals,Government - Hospital District or Authority,1,2.0,,Y,2026-07-31 00:22:03,6,5,1.02415,1112.0,208.0,High
100018,NAPLES COMMUNITY HOSPITAL,350 7TH ST N,NAPLES,COLLIER,FL,34102,(239) 624-5000,Acute Care Hospitals,Voluntary non-profit - Private,1,3.0,,Y,2026-07-31 00:22:03,6,2,1.0237666666666667,5275.0,751.0,Medium
100019,HOLMES REGIONAL MEDICAL CENTER,1350 S HICKORY ST,MELBOURNE,BREVARD,FL,32901,(321) 434-7000,Acute Care Hospitals,Voluntary non-profit - Private,1,4.0,,Y,2026-07-31 00:22:03,6,0,0.8605333333333333,2098.0,286.0,Low
100022,JACKSON HEALTH SYSTEM,1611 NW 12TH AVE,MIAMI,MIAMI-DADE,FL,33136,(305) 585-1111,Acute Care Hospitals,Government - Hospital District or Authority,1,1.0,,Y,2026-07-31 00:22:03,4,1,1.01545,1185.0,246.0,Low
100023,HCA FLORIDA CITRUS HOSPITAL,502 W HIGHLAND BLVD,INVERNESS,CITRUS,FL,34452,(352) 726-1551,Acute Care Hospitals,Government - Hospital District or Authority,1,2.0,,Y,2026-07-31 00:22:03,6,4,0.9970666666666667,1581.0,267.0,High
100025,SACRED HEART HOSPITAL,5151 N 9TH AVE,PENSACOLA,ESCAMBIA,FL,32504,(850) 416-7000,Acute Care Hospitals,Voluntary non-profit - Private,1,4.0,29,Y,2026-07-31 00:22:03,6,4,1.0208666666666668,1420.0,274.0,High
100026,ASCENSION SACRED HEART BAY,615 N BONITA AVE,PANAMA CITY,BAY,FL,32401,(850) 769-1511,Acute Care Hospitals,Voluntary non-profit - Private,1,3.0,29,,2026-07-31 00:22:03,5,3,0.99892,886.0,143.0,Medium
100028,PARRISH MEDICAL CENTER,951 N WASHINGTON AVE,TITUSVILLE,BREVARD,FL,32796,(321) 268-6111,Acute Care Hospitals,Government - Hospital District or Authority,1,2.0,,Y,2026-07-31 00:22:03,5,1,0.96784,441.0,77.0,Low
100029,NORTH SHORE MEDICAL CENTER,1100 NW 95TH ST,MIAMI,MIAMI-DADE,FL,33150,(305) 835-6000,Acute Care Hospitals,Proprietary,1,1.0,,,2026-07-31 00:22:03,5,2,1.0087,460.0,105.0,Medium
100030,ORLANDO HEALTH-HEALTH CENTRAL HOSPITAL,10000 W COLONIAL DR,OCOEE,ORANGE,FL,34761,(407) 296-1000,Acute Care Hospitals,Government - State,1,3.0,,,2026-07-31 00:22:03,5,4,1.01938,848.0,149.0,High
100032,ORLANDO HEALTH BAYFRONT HOSPITAL,701 6TH ST S,SAINT PETERSBURG,PINELLAS,FL,33701,(727) 823-1234,Acute Care Hospitals,Voluntary non-profit - Private,1,2.0,,Y,2026-07-31 00:22:03,5,4,1.02736,404.0,78.0,High
100034,"MOUNT SINAI MEDICAL CENTER OF FLORIDA, INC",4300 ALTON RD,MIAMI BEACH,MIAMI-DADE,FL,33140,(305) 674-2121,Acute Care Hospitals,Voluntary non-profit - Private,1,3.0,,Y,2026-07-31 00:22:03,6,4,1.0235,1097.0,188.0,High
100035,MANATEE MEMORIAL HOSPITAL,206 2ND ST E,BRADENTON,MANATEE,FL,34208,(941) 746-5111,Acute Care Hospitals,Proprietary,1,3.0,,Y,2026-07-31 00:22:03,6,2,1.0062166666666668,1217.0,206.0,Medium
100038,MEMORIAL REGIONAL HOSPITAL,3501 JOHNSON ST,HOLLYWOOD,BROWARD,FL,33021,(954) 987-2000,Acute Care Hospitals,Government - Hospital District or Authority,1,3.0,,Y,2026-07-31 00:22:03,6,6,1.06705,1127.0,220.0,High
100039,BROWARD HEALTH MEDICAL CENTER,1600 S ANDREWS AVE,FORT LAUDERDALE,BROWARD,FL,33316,(954) 355-4400,Acute Care Hospitals,Government - Hospital District or Authority,1,3.0,,Y,2026-07-31 00:22:03,5,2,1.00934,684.0,125.0,Medium
100040,ASCENSION ST VINCENT'S RIVERSIDE,1 SHIRCLIFF WAY,JACKSONVILLE,DUVAL,FL,32204,(904) 308-7300,Acute Care Hospitals,Voluntary non-profit - Private,1,3.0,29,,2026-07-31 00:22:03,6,4,1.0357166666666666,1481.0,257.0,High
100043,MEASE DUNEDIN HOSPITAL,601 MAIN ST,DUNEDIN,PINELLAS,FL,34698,(727) 733-1111,Acute Care Hospitals,Voluntary non-profit - Private,1,4.0,,,2026-07-31 00:22:03,4,3,1.0294249999999998,401.0,75.0,Medium
100044,CLEVELAND CLINIC MARTIN NORTH HOSPITAL,200 SE HOSPITAL AVE,STUART,MARTIN,FL,34994,(772) 287-5200,Acute Care Hospitals,Voluntary non-profit - Private,1,3.0,,Y,2026-07-31 00:22:03,6,5,1.0773,4171.0,750.0,High
100045,ADVENTHEALTH DELAND,701 W PLYMOUTH AVE,DELAND,VOLUSIA,FL,32720,(386) 943-4522,Acute Care Hospitals,Voluntary non-profit - Church,1,4.0,,,2026-07-31 00:22:03,4,4,1.021575,837.0,158.0,High
100046,Adventhealth Zephyrhills,7050 GALL BLVD,ZEPHYRHILLS,PASCO,FL,33541,(813) 615-7219,Acute Care Hospitals,Voluntary non-profit - Church,1,4.0,,Y,2026-07-31 00:22:03,4,2,0.9869,933.0,175.0,Medium
100049,HCA FLORIDA HIGHLANDS HOSPITAL,3600 S HIGHLANDS AVE,SEBRING,HIGHLANDS,FL,33870,(863) 385-6101,Acute Care Hospitals,Proprietary,1,3.0,,,2026-07-31 00:22:03,4,3,1.019225,459.0,95.0,Medium
100050,LARKIN COMMUNITY HOSPITAL PALM SPRINGS CAMPUS,1475 W 49TH ST,HIALEAH,MIAMI-DADE,FL,33012,(305) 558-2500,Acute Care Hospitals,Voluntary non-profit - Private,1,4.0,,,2026-07-31 00:22:03,3,0,0.9848,233.0,39.0,Low
100051,ORLANDO HEALTH SOUTH LAKE HOSPITAL,1900 DON WICKHAM DR,CLERMONT,LAKE,FL,34711,(352) 394-4071,Acute Care Hospitals,Government - Hospital District or Authority,1,3.0,,Y,2026-07-31 00:22:03,5,2,1.08182,1600.0,258.0,Medium
100052,WINTER HAVEN HOSPITAL,200 AVE F NE,WINTER HAVEN,POLK,FL,33881,(863) 293-1121,Acute Care Hospitals,Voluntary non-profit - Private,1,3.0,,Y,2026-07-31 00:22:03,5,4,1.0547799999999998,1459.0,279.0,High
100053,HIALEAH HOSPITAL,651 E 25TH ST,HIALEAH,MIAMI-DADE,FL,33013,(305) 693-6100,Acute Care Hospitals,Proprietary,1,3.0,,,2026-07-31 00:22:03,4,3,1.048275,229.0,63.0,Medium
100054,HCA FLORIDA TWIN CITIES HOSPITAL,2190 HWY 85 N,NICEVILLE,OKALOOSA,FL,32578,(850) 678-4131,Acute Care Hospitals,Proprietary,1,5.0,,,2026-07-31 00:22:03,3,3,1.0793333333333333,361.0,86.0,Medium
100055,ADVENTHEALTH NORTH PINELLAS,1395 S PINELLAS AVE,TARPON SPRINGS,PINELLAS,FL,34689,(813) 615-7219,Acute Care Hospitals,Voluntary non-profit - Other,1,4.0,,,2026-07-31 00:22:03,4,3,1.0487,600.0,128.0,Medium
100057,ADVENTHEALTH WATERMAN,1000 WATERMAN WAY,TAVARES,LAKE,FL,32778,(352) 253-3368,Acute Care Hospitals,Voluntary non-profit - Church,0,4.0,,Y,2026-07-31 00:22:03,6,3,1.0225,2290.0,411.0,Medium
100062,ADVENTHEALTH OCALA,1500 SW 1ST AVE,OCALA,MARION,FL,34474,(352) 351-7200,Acute Care Hospitals,Government - Hospital District or Authority,1,4.0,,Y,2026-07-31 00:22:03,6,2,1.00525,1948.0,353.0,Medium
100063,MORTON PLANT NORTH BAY HOSPITAL,6600 MADISON STREET,NEW PORT RICHEY,PASCO,FL,34652,(727) 842-8468,Acute Care Hospitals,Voluntary non-profit - Private,1,3.0,,,2026-07-31 00:22:03,4,3,1.030925,817.0,157.0,Medium
100067,ST ANTHONYS HOSPITAL,1200 SEVENTH AVE N,SAINT PETERSBURG,PINELLAS,FL,33705,(727) 825-1100,Acute Care Hospitals,Voluntary non-profit - Church,1,3.0,,,2026-07-31 00:22:03,4,2,1.012425,1604.0,295.0,Medium
100068,ADVENTHEALTH DAYTONA BEACH,301 MEMORIAL MEDICAL PARKWAY,DAYTONA BEACH,VOLUSIA,FL,32117,(386) 231-6000,Acute Care Hospitals,Voluntary non-profit - Church,1,5.0,,Y,2026-07-31 00:22:03,6,1,0.9779,2201.0,371.0,Low
100069,AdventHealth Carrollwood,7171 N DALE MABRY HWY,TAMPA,HILLSBOROUGH,FL,33614,(813) 615-7219,Acute Care Hospitals,Voluntary non-profit - Church,1,3.0,,,2026-07-31 00:22:03,5,3,1.03676,331.0,59.0,Medium
100071,TAMPA GENERAL HOSPITAL BROOKSVILLE,17240 CORTEZ BLVD,BROOKSVILLE,HERNANDO,FL,34601,(352) 796-5111,Acute Care Hospitals,Voluntary non-profit - Church,1,1.0,,Y,2026-07-31 00:22:03,4,2,1.0515750000000001,719.0,138.0,Medium
100072,ADVENTHEALTH FISH MEMORIAL,1055 SAXON BLVD,ORANGE CITY,VOLUSIA,FL,32763,(386) 917-5000,Acute Care Hospitals,Voluntary non-profit - Church,1,5.0,,Y,2026-07-31 00:22:03,4,2,1.022575,1113.0,219.0,Medium
100073,HOLY CROSS HOSPITAL,4725 N FEDERAL HWY,FT LAUDERDALE,BROWARD,FL,33308,(954) 771-8000,Acute Care Hospitals,Voluntary non-profit - Church,1,4.0,,,2026-07-31 00:22:03,6,2,0.9673333333333334,1601.0,278.0,Medium
100075,ST JOSEPHS HOSPITAL,3001 W MARTIN LUTHER KING JR BLVD,TAMPA,HILLSBOROUGH,FL,33607,(813) 870-4398,Acute Care Hospitals,Voluntary non-profit - Church,1,4.0,,Y,2026-07-31 00:22:03,5,2,0.9839,3434.0,646.0,Medium
100077,Adventhealth Port Charlotte,2500 HARBOR BLVD,PORT CHARLOTTE,CHARLOTTE,FL,33952,(941) 766-4122,Acute Care Hospitals,Proprietary,1,1.0,,Y,2026-07-31 00:22:03,5,5,1.0937999999999999,1240.0,263.0,High
100080,HCA FLORIDA JFK HOSPITAL,5301 S CONGRESS AVE,ATLANTIS,PALM BEACH,FL,33462,(561) 965-7300,Acute Care Hospitals,Proprietary,1,2.0,,,2026-07-31 00:22:03,6,5,1.0765166666666668,2273.0,403.0,High
100084,UF HEALTH LEESBURG HOSPITAL,600 E DIXIE AVE,LEESBURG,LAKE,FL,34748,(352) 323-5762,Acute Care Hospitals,Voluntary non-profit - Private,1,3.0,,Y,2026-07-31 00:22:03,6,2,0.9935166666666667,2196.0,358.0,Medium
100086,BROWARD HEALTH NORTH,201 E SAMPLE RD,DEERFIELD BEACH,BROWARD,FL,33064,(954) 786-6400,Acute Care Hospitals,Government - Hospital District or Authority,1,3.0,,,2026-07-31 00:22:03,5,4,1.115,543.0,130.0,High
100087,SARASOTA MEMORIAL HOSPITAL,1700 S TAMIAMI TRL,SARASOTA,SARASOTA,FL,34239,(941) 917-9000,Acute Care Hospitals,Government - Hospital District or Authority,1,5.0,,Y,2026-07-31 00:22:03,6,1,0.9344333333333333,6638.0,941.0,Low
100088,BAPTIST HEALTH MEDICAL CENTER - JACKSONVILLE,800 PRUDENTIAL DR,JACKSONVILLE,DUVAL,FL,32207,(904) 202-2000,Acute Care Hospitals,Voluntary non-profit - Private,1,4.0,,Y,2026-07-31 00:22:03,6,3,1.0438333333333334,4570.0,752.0,Medium
100090,FLAGLER HOSPITAL,400 HEALTH PARK BLVD,SAINT AUGUSTINE,ST. JOHNS,FL,32086,(904) 819-5155,Acute Care Hospitals,Voluntary non-profit - Private,1,3.0,,Y,2026-07-31 00:22:03,6,3,0.9873666666666666,1589.0,279.0,Medium
100093,BAPTIST HOSPITAL,123 BAPTIST WAY,PENSACOLA,ESCAMBIA,FL,32503,(850) 434-4011,Acute Care Hospitals,Voluntary non-profit - Private,1,4.0,,Y,2026-07-31 00:22:03,6,3,1.0035833333333335,1892.0,289.0,Medium
100099,ADVENTHEALTH LAKE WALES,410 S 11TH ST,LAKE WALES,POLK,FL,33853,(863) 676-1433,Acute Care Hospitals,Proprietary,1,2.0,,,2026-07-31 00:22:03,3,2,1.0528333333333333,198.0,46.0,Medium
100105,CLEVELAND CLINIC INDIAN RIVER HOSPITAL,1000 36TH ST,VERO BEACH,INDIAN RIVER,FL,32960,(772) 567-4311,Acute Care Hospitals,Voluntary non-profit - Private,1,4.0,,Y,2026-07-31 00:22:03,6,2,0.94705,2328.0,368.0,Medium
100107,HCA FLORIDA LEHIGH HOSPITAL,1500 LEE BLVD,LEHIGH ACRES,LEE,FL,33936,(239) 369-2101,Acute Care Hospitals,Proprietary,1,2.0,,,2026-07-31 00:22:03,3,2,1.0493333333333335,112.0,30.0,Medium
100109,ADVENTHEALTH SEBRING,4200 SUN N LAKE BLVD,SEBRING,HIGHLANDS,FL,33872,(863) 314-4466,Acute Care Hospitals,Voluntary non-profit - Private,1,3.0,,Y,2026-07-31 00:22:03,5,2,0.98926,1825.0,336.0,Medium
100110,HCA FLORIDA OSCEOLA HOSPITAL,700 WEST OAK STREET,KISSIMMEE,OSCEOLA,FL,34741,(407) 846-2266,Acute Care Hospitals,Proprietary,1,2.0,,Y,2026-07-31 00:22:03,5,4,1.05268,513.0,118.0,High
100113,UF HEALTH SHANDS HOSPITAL,1600 SW ARCHER RD,GAINESVILLE,ALACHUA,FL,32610,(352) 265-8000,Acute Care Hospitals,Voluntary non-profit - Private,1,5.0,,Y,2026-07-31 00:22:03,6,2,0.9893833333333334,2290.0,412.0,Medium
100117,BAPTIST MEDICAL CENTER  BEACHES,1350 13TH AVE S,JACKSONVILLE BEACH,DUVAL,FL,32250,(904) 247-2900,Acute Care Hospitals,Voluntary non-profit - Private,1,4.0,,Y,2026-07-31 00:22:03,5,2,0.97198,957.0,160.0,Medium
100118,AdventHealth Palm Coast,60 MEMORIAL MEDICAL PKWY,PALM COAST,FLAGLER,FL,32164,(386) 586-2000,Acute Care Hospitals,Voluntary non-profit - Church,1,5.0,,,2026-07-31 00:22:03,5,3,1.00712,1198.0,230.0,Medium
100121,BARTOW REGIONAL MEDICAL CENTER,2200 OSPREY BLVD,BARTOW,POLK,FL,33830,(863) 533-8111,Acute Care Hospitals,Proprietary,1,3.0,,,2026-07-31 00:22:03,4,3,1.013875,200.0,33.0,Medium
100122,NORTH OKALOOSA MEDICAL CENTER,151 REDSTONE AVE SE,CRESTVIEW,OKALOOSA,FL,32539,(850) 689-8100,Acute Care Hospitals,Voluntary non-profit - Private,1,3.0,,Y,2026-07-31 00:22:03,4,3,1.001425,826.0,156.0,Medium
100124,SANTA ROSA MEDICAL CENTER,6002 BERRYHILL RD,MILTON,SANTA ROSA,FL,32570,(850) 626-7762,Acute Care Hospitals,Proprietary,1,4.0,,Y,2026-07-31 00:22:03,4,2,1.0038,470.0,86.0,Medium
100125,HOMESTEAD HOSPITAL,975 BAPTIST WAY,HOMESTEAD,MIAMI-DADE,FL,33033,(786) 243-8000,Acute Care Hospitals,Voluntary non-profit - Private,1,4.0,,Y,2026-07-31 00:22:03,3,1,0.9780000000000001,231.0,38.0,Low
100126,HCA FLORIDA PASADENA HOSPITAL A PART OF HCA FLORID,1501 PASADENA AVE S,SAINT PETERSBURG,PINELLAS,FL,33707,(727) 381-1000,Acute Care Hospitals,Proprietary,1,4.0,,,2026-07-31 00:22:03,5,4,1.07884,374.0,62.0,High
100127,MORTON PLANT HOSPITAL,300 PINELLAS ST,CLEARWATER,PINELLAS,FL,33756,(727) 462-7000,Acute Care Hospitals,Voluntary non-profit - Private,1,4.0,,Y,2026-07-31 00:22:03,6,3,0.9614833333333334,2355.0,421.0,Medium
100128,TAMPA GENERAL HOSPITAL,1 TAMPA GENERAL CIR,TAMPA,HILLSBOROUGH,FL,33606,(813) 844-7000,Acute Care Hospitals,Voluntary non-profit - Private,1,3.0,,Y,2026-07-31 00:22:03,6,4,1.0523166666666668,1854.0,346.0,High
100131,HCA FLORIDA AVENTURA HOSPITAL,20900 BISCAYNE BLVD,AVENTURA,MIAMI-DADE,FL,33180,(305) 682-7000,Acute Care Hospitals,Voluntary non-profit - Private,1,3.0,,,2026-07-31 00:22:03,5,2,1.02104,1089.0,211.0,Medium
100132,SOUTH FLORIDA BAPTIST HOSPITAL,301 N ALEXANDER ST,PLANT CITY,HILLSBOROUGH,FL,33563,(813) 757-1200,Acute Care Hospitals,Voluntary non-profit - Private,1,3.0,,Y,2026-07-31 00:22:03,4,0,0.93825,293.0,40.0,Low
100134,ED FRASER MEMORIAL HOSPITAL,159 N 3RD ST,MACCLENNY,BAKER,FL,32063,(904) 259-3151,Acute Care Hospitals,Voluntary non-profit - Private,1,1.0,,,2026-07-31 00:22:03,2,0,0.9963,0.0,0.0,Low
100135,TALLAHASSEE MEMORIAL HEALTHCARE,1300 MICCOSUKEE RD,TALLAHASSEE,LEON,FL,32308,(850) 431-1155,Acute Care Hospitals,Voluntary non-profit - Private,1,3.0,,Y,2026-07-31 00:22:03,6,2,0.9878333333333335,1642.0,241.0,Medium
100137,ADVENTHEALTH HEART OF FLORIDA,40100 HWY 27,DAVENPORT,POLK,FL,33837,(863) 422-4971,Acute Care Hospitals,Proprietary,1,3.0,,Y,2026-07-31 00:22:03,5,3,1.0625399999999998,379.0,91.0,Medium
100140,BAPTIST MEDICAL CENTER - NASSAU,1250 S 18TH ST,FERNANDINA BEACH,NASSAU,FL,32034,(904) 321-3500,Acute Care Hospitals,Voluntary non-profit - Private,1,4.0,,,2026-07-31 00:22:03,3,1,0.9892333333333333,529.0,86.0,Low
100142,JACKSON HOSPITAL,4250 HOSPITAL DR,MARIANNA,JACKSON,FL,32446,(850) 526-2200,Acute Care Hospitals,Government - Hospital District or Authority,1,1.0,,Y,2026-07-31 00:22:03,4,3,1.017375,374.0,67.0,Medium
100150,LOWER KEYS MEDICAL CENTER,5900 COLLEGE ROAD,KEY WEST,MONROE,FL,33040,(305) 294-5531,Acute Care Hospitals,Proprietary,1,4.0,,Y,2026-07-31 00:22:03,4,1,0.963875,329.0,50.0,Low
100151,MAYO CLINIC,4500 SAN PABLO RD,JACKSONVILLE,DUVAL,FL,32224,(904) 953-2000,Acute Care Hospitals,Voluntary non-profit - Private,1,5.0,,,2026-07-31 00:22:03,6,3,0.99015,2310.0,430.0,Medium
100154,SOUTH MIAMI HOSPITAL,6200 SW 73RD ST,MIAMI,MIAMI-DADE,FL,33143,(786) 662-4000,Acute Care Hospitals,Voluntary non-profit - Private,1,4.0,,Y,2026-07-31 00:22:03,5,2,0.9938800000000001,959.0,171.0,Medium
100156,HCA FLORIDA LAKE CITY HOSPITAL,340 NW COMMERCE DR,LAKE CITY,COLUMBIA,FL,32055,(386) 719-9000,Acute Care Hospitals,Proprietary,1,3.0,,,2026-07-31 00:22:03,4,4,1.067075,1102.0,238.0,High
100157,LAKELAND REGIONAL MEDICAL CENTER,1324 LAKELAND HILLS BLVD,LAKELAND,POLK,FL,33805,(863) 687-1100,Acute Care Hospitals,Voluntary non-profit - Private,1,1.0,,Y,2026-07-31 00:22:03,6,4,1.0404,2775.0,549.0,High
100161,CENTRAL FLORIDA LAKE MONROE HOSPITAL,1401 W SEMINOLE BLVD,SANFORD,SEMINOLE,FL,32771,(407) 321-4500,Acute Care Hospitals,Proprietary,1,2.0,,,2026-07-31 00:22:03,6,4,1.0258333333333334,499.0,96.0,High
100166,HCA FLORIDA SARASOTA DOCTORS HOSPITAL,5731 BEE RIDGE RD,SARASOTA,SARASOTA,FL,34233,(941) 342-1100,Acute Care Hospitals,Proprietary,1,4.0,,,2026-07-31 00:22:03,5,2,1.02302,1407.0,197.0,Medium
100167,HCA FLORIDA MERCY HOSPITAL,401 NW 42ND AVE,PLANTATION,BROWARD,FL,33317,(954) 587-5010,Acute Care Hospitals,Voluntary non-profit - Private,1,2.0,,Y,2026-07-31 00:22:03,5,3,1.06428,405.0,80.0,Medium
100168,BOCA RATON REGIONAL HOSPITAL,800 MEADOWS RD,BOCA RATON,PALM BEACH,FL,33486,(561) 955-4200,Acute Care Hospitals,Voluntary non-profit - Private,1,2.0,,Y,2026-07-31 00:22:03,6,4,1.0514,3053.0,499.0,High
100173,ADVENTHEALTH TAMPA,3100 E FLETCHER AVE,TAMPA,HILLSBOROUGH,FL,33613,(813) 615-7200,Acute Care Hospitals,Voluntary non-profit - Private,1,3.0,,Y,2026-07-31 00:22:03,6,4,1.0156,1412.0,249.0,High
100175,DESOTO MEMORIAL HOSPITAL,900 N ROBERT AVE,ARCADIA,DE SOTO,FL,34266,(863) 494-3535,Acute Care Hospitals,Voluntary non-profit - Private,1,2.0,,,2026-07-31 00:22:03,3,2,0.9979666666666667,79.0,13.0,Medium
100176,PALM BEACH GARDENS MEDICAL CENTER,3360 BURNS RD,PALM BEACH GARDENS,PALM BEACH,FL,33410,(561) 622-1411,Acute Care Hospitals,Proprietary,1,2.0,,,2026-07-31 00:22:03,6,4,1.05165,1368.0,257.0,High
100177,CAPE CANAVERAL HOSPITAL,701 W COCOA BEACH CAUSEWAY,COCOA BEACH,BREVARD,FL,32931,(321) 799-7111,Acute Care Hospitals,Voluntary non-profit - Private,1,3.0,,,2026-07-31 00:22:03,5,1,0.9506600000000001,644.0,89.0,Low
100179,HCA FLORIDA MEMORIAL HOSPITAL,3625 UNIVERSITY BLVD S,JACKSONVILLE,DUVAL,FL,32216,(904) 702-6111,Acute Care Hospitals,Proprietary,1,2.0,,Y,2026-07-31 00:22:03,6,4,1.01225,823.0,155.0,High
100180,HCA FLORIDA ST PETERSBURG HOSPITAL,6500 38TH AVE N,SAINT PETERSBURG,PINELLAS,FL,33710,(727) 384-1414,Acute Care Hospitals,Proprietary,1,2.0,,Y,2026-07-31 00:22:03,3,2,1.0237999999999998,226.0,50.0,Medium
100181,LARKIN COMMUNITY HOSPITAL,7031 SW 62ND AVE,SOUTH MIAMI,MIAMI-DADE,FL,33143,(305) 284-7500,Acute Care Hospitals,Proprietary,1,1.0,,,2026-07-31 00:22:03,2,2,1.0164,108.0,26.0,Medium
100183,CORAL GABLES HOSPITAL,3100 DOUGLAS RD,CORAL GABLES,MIAMI-DADE,FL,33134,(305) 445-8461,Acute Care Hospitals,Proprietary,1,3.0,,,2026-07-31 00:22:03,3,1,0.9930333333333333,217.0,43.0,Low
100187,PALMETTO GENERAL HOSPITAL,2001 W 68TH ST,HIALEAH,MIAMI-DADE,FL,33016,(305) 823-5000,Acute Care Hospitals,Proprietary,1,2.0,,Y,2026-07-31 00:22:03,5,1,0.97628,484.0,83.0,Low
100189,HCA FLORIDA NORTHWEST HOSPITAL,2801 N STATE RD 7,MARGATE,BROWARD,FL,33063,(954) 974-0400,Acute Care Hospitals,Proprietary,1,2.0,,Y,2026-07-31 00:22:03,4,4,1.0495,711.0,145.0,High
100191,HCA FLORIDA TRINITY HOSPITAL,9330 SR 54,TRINITY,PASCO,FL,34655,(727) 834-4900,Acute Care Hospitals,Proprietary,1,2.0,,Y,2026-07-31 00:22:03,5,5,1.1332,757.0,162.0,High
100200,BROWARD HEALTH IMPERIAL POINT,6401 N FEDERAL HWY,FORT LAUDERDALE,BROWARD,FL,33308,(954) 776-8500,Acute Care Hospitals,Government - Hospital District or Authority,0,3.0,,,2026-07-31 00:22:03,3,1,1.0085,256.0,44.0,Low
100204,HCA FLORIDA NORTH FLORIDA HOSPITAL,6500 W NEWBERRY RD,GAINESVILLE,ALACHUA,FL,32605,(352) 333-4100,Acute Care Hospitals,Proprietary,1,3.0,,Y,2026-07-31 00:22:03,6,3,0.9925833333333333,3095.0,512.0,Medium
100206,HCA FLORIDA SOUTH TAMPA HOSPITAL,2901 W SWANN AVE,TAMPA,HILLSBOROUGH,FL,33609,(813) 873-6400,Acute Care Hospitals,Proprietary,1,5.0,,,2026-07-31 00:22:03,4,3,1.036625,303.0,71.0,Medium
100209,HCA FLORIDA KENDALL HOSPITAL,11750 BIRD RD,MIAMI,MIAMI-DADE,FL,33175,(305) 223-3000,Acute Care Hospitals,Proprietary,1,4.0,,Y,2026-07-31 00:22:03,4,1,1.01535,541.0,109.0,Low
100211,ADVENTHEALTH DADE CITY,13100 FT KING RD,DADE CITY,PASCO,FL,33525,(352) 568-1100,Acute Care Hospitals,Proprietary,0,4.0,,,2026-07-31 00:22:03,4,2,0.9805999999999999,192.0,51.0,Medium
100212,MARION COMMUNTIY HOSPITAL,1431 SW 1ST AVE,OCALA,MARION,FL,34471,(352) 401-1000,Acute Care Hospitals,Proprietary,1,1.0,,,2026-07-31 00:22:03,6,5,1.0749000000000002,3848.0,670.0,High
100213,HCA FLORIDA BLAKE HOSPITAL,2020 59TH ST W,BRADENTON,MANATEE,FL,34209,(941) 798-6110,Acute Care Hospitals,Proprietary,1,2.0,,,2026-07-31 00:22:03,6,3,1.0293333333333334,984.0,186.0,Medium
100217,ORLANDO HEALTH SEBASTIAN RIVER HOSPITAL,13695 US HWY 1,SEBASTIAN,INDIAN RIVER,FL,32958,(772) 589-3187,Acute Care Hospitals,Voluntary non-profit - Private,1,4.0,,,2026-07-31 00:22:03,4,0,0.952,531.0,83.0,Low
100220,GULF COAST MEDICAL CENTER LEE HEALTH,13681 DOCTORS WAY,FORT MYERS,LEE,FL,33912,(239) 343-1000,Acute Care Hospitals,Government - Hospital District or Authority,1,4.0,,,2026-07-31 00:22:03,5,2,0.9777999999999999,2780.0,484.0,Medium
100223,HCA FLORIDA FORT WALTON-DESTIN HOSPITAL,1000 MAR-WALT DR,FORT WALTON BEACH,OKALOOSA,FL,32547,(850) 862-1111,Acute Care Hospitals,Proprietary,1,3.0,,Y,2026-07-31 00:22:03,6,5,1.0853666666666666,1612.0,324.0,High
100224,UNIVERSITY HOSPITAL AND MEDICAL CENTER,7201 N UNIVERSITY DR,TAMARAC,BROWARD,FL,33321,(954) 721-2200,Acute Care Hospitals,Proprietary,1,2.0,,,2026-07-31 00:22:03,4,3,1.072875,357.0,95.0,Medium
100226,HCA FLORIDA ORANGE PARK HOSPITAL,2001 KINGSLEY AVE,ORANGE PARK,CLAY,FL,32073,(904) 276-8500,Acute Care Hospitals,Voluntary non-profit - Other,1,3.0,,Y,2026-07-31 00:22:03,6,3,1.04315,1216.0,224.0,Medium
100228,WESTSIDE REGIONAL MEDICAL CENTER,8201 W BROWARD BLVD,PLANTATION,BROWARD,FL,33324,(954) 473-6600,Acute Care Hospitals,Proprietary,0,2.0,,,2026-07-31 00:22:03,5,3,1.01524,742.0,146.0,Medium
100230,MEMORIAL HOSPITAL PEMBROKE,7800 SHERIDAN ST,PEMBROKE PINES,BROWARD,FL,33024,(954) 962-9650,Acute Care Hospitals,Government - Hospital District or Authority,1,4.0,,,2026-07-31 00:22:03,3,2,1.0113333333333332,254.0,47.0,Medium
100231,HCA FLORIDA WEST HOSPITAL,8383 N DAVIS HWY,PENSACOLA,ESCAMBIA,FL,32514,(850) 494-4000,Acute Care Hospitals,Proprietary,1,3.0,,Y,2026-07-31 00:22:03,6,5,1.04305,1556.0,284.0,High
100232,HCA FLORIDA PUTNAM HOSPITAL,611 ZEAGLER DR,PALATKA,PUTNAM,FL,32177,(386) 328-5711,Acute Care Hospitals,Proprietary,1,2.0,,,2026-07-31 00:22:03,5,4,1.0545000000000002,795.0,159.0,High
100236,HCA FLORIDA FAWCETT HOSPITAL,21298 OLEAN BLVD,PORT CHARLOTTE,CHARLOTTE,FL,33952,(941) 629-1181,Acute Care Hospitals,Proprietary,1,1.0,,,2026-07-31 00:22:03,6,4,1.04745,1493.0,305.0,High
100238,HCA FLORIDA NORTHSIDE HOSPITAL,6000 49TH ST N,SAINT PETERSBURG,PINELLAS,FL,33709,(727) 521-5121,Acute Care Hospitals,Proprietary,1,1.0,,,2026-07-31 00:22:03,6,6,1.1359833333333333,713.0,184.0,High
100242,HCA FLORIDA GULF COAST HOSPITAL,449 W 23RD ST,PANAMA CITY,BAY,FL,32405,(850) 747-7926,Acute Care Hospitals,Proprietary,1,2.0,,Y,2026-07-31 00:22:03,5,3,1.04852,1286.0,229.0,Medium
100243,HCA FLORIDA BRANDON HOSPITAL,119 OAKFIELD DR,BRANDON,HILLSBOROUGH,FL,33511,(813) 916-0600,Acute Care Hospitals,Proprietary,1,3.0,,Y,2026-07-31 00:22:03,6,4,1.0309166666666665,1084.0,209.0,High
100244,CAPE CORAL HOSPITAL,636 DEL PRADO BLVD,CAPE CORAL,LEE,FL,33990,(239) 424-2000,Acute Care Hospitals,Government - Hospital District or Authority,1,3.0,,Y,2026-07-31 00:22:03,4,2,1.03995,1714.0,308.0,Medium
100246,HCA FLORIDA LAWNWOOD HOSPITAL,1700 S 23RD ST,FORT PIERCE,ST. LUCIE,FL,34950,(772) 461-4000,Acute Care Hospitals,Proprietary,1,1.0,,Y,2026-07-31 00:22:03,5,5,1.09472,1307.0,259.0,High
100248,HCA FLORIDA LARGO HOSPITAL,201 14TH ST SW,LARGO,PINELLAS,FL,33770,(727) 588-5200,Acute Care Hospitals,Proprietary,1,2.0,,,2026-07-31 00:22:03,5,2,1.01782,977.0,207.0,Medium
100249,TAMPA GENERAL HOSPITAL CRYSTAL RIVER,6201 N SUNCOAST BLVD,CRYSTAL RIVER,CITRUS,FL,34428,(352) 795-6560,Acute Care Hospitals,Voluntary non-profit - Private,0,2.0,,,2026-07-31 00:22:03,5,3,0.98948,898.0,166.0,Medium
100252,HCA FLORIDA RAULERSON HOSPITAL,1796 HWY 441 NORTH,OKEECHOBEE,OKEECHOBEE,FL,34972,(863) 763-2151,Acute Care Hospitals,Proprietary,0,3.0,,,2026-07-31 00:22:03,4,3,1.038825,447.0,99.0,Medium
100253,JUPITER MEDICAL CENTER,1210 S OLD DIXIE HWY,JUPITER,PALM BEACH,FL,33458,(561) 747-2234,Acute Care Hospitals,Voluntary non-profit - Private,1,4.0,,Y,2026-07-31 00:22:03,6,5,1.0604333333333333,2425.0,394.0,High
100254,HCA FLORIDA CAPITAL HOSPITAL,2626 CAPITAL MEDICAL BLVD,TALLAHASSEE,LEON,FL,32308,(850) 656-5000,Acute Care Hospitals,Proprietary,1,2.0,,Y,2026-07-31 00:22:03,6,4,1.0365666666666666,679.0,133.0,High
100256,HCA FLORIDA BAYONET POINT HOSPITAL,14000 FIVAY RD,HUDSON,PASCO,FL,34667,(727) 819-2929,Acute Care Hospitals,Proprietary,1,2.0,,,2026-07-31 00:22:03,6,3,1.0798333333333334,1088.0,243.0,Medium
100258,DELRAY MEDICAL CENTER,5352 LINTON BLVD,DELRAY BEACH,PALM BEACH,FL,33484,(561) 498-4440,Acute Care Hospitals,Proprietary,1,1.0,,,2026-07-31 00:22:03,6,4,1.0725166666666668,2557.0,459.0,High
100259,HCA FLORIDA SOUTH SHORE HOSPITAL,4016 SUN CITY CENTER BLVD,SUN CITY CENTER,HILLSBOROUGH,FL,33573,(813) 634-3301,Acute Care Hospitals,Proprietary,1,2.0,,,2026-07-31 00:22:03,5,5,1.08704,837.0,167.0,High
100260,ST LUCIE MEDICAL CENTER,1800 SE TIFFANY AVE,PORT SAINT LUCIE,ST. LUCIE,FL,34952,(772) 335-4000,Acute Care Hospitals,Proprietary,1,1.0,,Y,2026-07-31 00:22:03,5,5,1.20138,1990.0,337.0,High
100264,HCA FLORIDA OAK HILL HOSPITAL,11375 CORTEZ BLVD,BROOKSVILLE,HERNANDO,FL,34613,(352) 596-6632,Acute Care Hospitals,Proprietary,1,1.0,,Y,2026-07-31 00:22:03,6,4,1.1120166666666667,1876.0,346.0,High
100265,MEASE COUNTRYSIDE HOSPITAL,3231 MCMULLEN BOOTH RD,SAFETY HARBOR,PINELLAS,FL,34695,(727) 734-6950,Acute Care Hospitals,Voluntary non-profit - Private,1,4.0,,Y,2026-07-31 00:22:03,4,1,0.963025,1860.0,323.0,Low
100266,GULF BREEZE HOSPITAL,1110 GULF BREEZE PKWY,GULF BREEZE,SANTA ROSA,FL,32561,(850) 934-2000,Acute Care Hospitals,Voluntary non-profit - Other,1,4.0,,,2026-07-31 00:22:03,4,2,0.9937,532.0,93.0,Medium
100267,HCA FLORIDA ENGLEWOOD HOSPITAL,700 MEDICAL BLVD,ENGLEWOOD,SARASOTA,FL,34223,(941) 475-6571,Acute Care Hospitals,Proprietary,1,3.0,,,2026-07-31 00:22:03,5,3,1.02072,637.0,120.0,Medium
100268,WEST BOCA MEDICAL CENTER,21644 STATE RD 7,BOCA RATON,PALM BEACH,FL,33428,(561) 488-8100,Acute Care Hospitals,Proprietary,1,3.0,,Y,2026-07-31 00:22:03,3,2,1.0124666666666666,485.0,94.0,Medium
100269,HCA FLORIDA PALMS WEST HOSPITAL,13001 SOUTHERN BLVD,LOXAHATCHEE,PALM BEACH,FL,33470,(561) 798-3300,Acute Care Hospitals,Proprietary,1,2.0,,Y,2026-07-31 00:22:03,4,4,1.05495,464.0,97.0,High
100275,WELLINGTON REGIONAL MEDICAL CENTER,10101 FOREST HILL BLVD,WELLINGTON,PALM BEACH,FL,33414,(561) 798-8500,Acute Care Hospitals,Proprietary,1,2.0,,Y,2026-07-31 00:22:03,5,3,1.03484,812.0,162.0,Medium
100276,BROWARD HEALTH CORAL SPRINGS,3000 CORAL HILLS DR,CORAL SPRINGS,BROWARD,FL,33065,(954) 344-3121,Acute Care Hospitals,Government - Hospital District or Authority,1,4.0,,Y,2026-07-31 00:22:03,4,4,1.064625,636.0,134.0,High
100281,MEMORIAL HOSPITAL WEST,703 N FLAMINGO RD,PEMBROKE PINES,BROWARD,FL,33028,(954) 436-5000,Acute Care Hospitals,Government - Hospital District or Authority,1,3.0,,Y,2026-07-31 00:22:03,5,5,1.0917999999999999,1018.0,218.0,High
100284,KERALTY HOSPITAL,2500 SW 75TH AVE,MIAMI,MIAMI-DADE,FL,33155,(305) 263-9270,Acute Care Hospitals,Proprietary,1,2.0,,,2026-07-31 00:22:03,2,2,1.07645,197.0,51.0,Medium
100285,MEMORIAL HOSPITAL MIRAMAR,1901 SW 172ND AVE,MIRAMAR,BROWARD,FL,33029,(954) 538-5000,Acute Care Hospitals,Government - Hospital District or Authority,1,5.0,,Y,2026-07-31 00:22:03,3,1,0.9846666666666667,231.0,41.0,Low
100286,PHYSICIANS REGIONAL MEDICAL CENTER - PINE RIDGE,6101 PINE RIDGE ROAD,NAPLES,COLLIER,FL,34119,(239) 304-5145,Acute Care Hospitals,Proprietary,1,2.0,,,2026-07-31 00:22:03,6,4,1.03325,2476.0,407.0,High
100287,GOOD SAMARITAN MEDICAL CENTER,1309 N FLAGLER DR,WEST PALM BEACH,PALM BEACH,FL,33401,(561) 655-5511,Acute Care Hospitals,Proprietary,1,2.0,,Y,2026-07-31 00:22:03,5,5,1.1538,860.0,170.0,High
100288,ST MARY'S MEDICAL CENTER,901 45TH ST,WEST PALM BEACH,PALM BEACH,FL,33407,(561) 840-6202,Acute Care Hospitals,Proprietary,1,1.0,,Y,2026-07-31 00:22:03,2,1,0.99515,95.0,14.0,Low
100289,CLEVELAND CLINIC HOSPITAL,3100 WESTON RD,WESTON,BROWARD,FL,33331,(954) 689-5000,Acute Care Hospitals,Voluntary non-profit - Private,1,5.0,,,2026-07-31 00:22:03,6,2,0.9574666666666666,990.0,173.0,Medium
100290,"VILLAGES REGIONAL HOSPITAL, THE",1451 EL CAMINO REAL,THE VILLAGES,LAKE,FL,32159,(352) 751-8000,Acute Care Hospitals,Voluntary non-profit - Private,1,4.0,,,2026-07-31 00:22:03,5,3,1.00436,2371.0,419.0,Medium
100291,ORLANDO HEALTH MELBOURNE HOSPITAL,250 NORTH WICKHAM ROAD,MELBOURNE,BREVARD,FL,32935,(321) 752-1200,Acute Care Hospitals,Voluntary non-profit - Private,1,3.0,,,2026-07-31 00:22:03,5,4,1.0112999999999999,431.0,50.0,High
100292,SACRED HEART HOSPITAL ON THE EMERALD COAST,7800 US HWY 98 W,MIRAMAR BEACH,WALTON,FL,32550,(850) 278-3600,Acute Care Hospitals,Voluntary non-profit - Other,1,3.0,29,Y,2026-07-31 00:22:03,4,1,0.983325,413.0,69.0,Low
100296,DOCTORS HOSPITAL,5000 UNIVERSITY DR,CORAL GABLES,MIAMI-DADE,FL,33146,(786) 308-3000,Acute Care Hospitals,Voluntary non-profit - Other,1,5.0,,,2026-07-31 00:22:03,4,3,0.997425,334.0,67.0,Medium
100299,LAKEWOOD RANCH MEDICAL CENTER,8330 LAKEWOOD RANCH BLVD,BRADENTON,MANATEE,FL,34202,(941) 782-2100,Acute Care Hospitals,Proprietary,1,4.0,,Y,2026-07-31 00:22:03,5,1,1.0032599999999998,895.0,133.0,Low
100302,ORLANDO HEALTH ST CLOUD HOSPITAL,2906 17TH STREET,SAINT CLOUD,OSCEOLA,FL,34769,(407) 892-2135,Acute Care Hospitals,Proprietary,1,2.0,,,2026-07-31 00:22:03,4,4,1.042625,390.0,82.0,High
100307,ASCENSION ST VINCENT'S SOUTHSIDE,4201 BELFORT RD,JACKSONVILLE,DUVAL,FL,32216,(904) 296-3700,Acute Care Hospitals,Voluntary non-profit - Private,1,4.0,29,Y,2026-07-31 00:22:03,5,4,1.0015399999999999,498.0,99.0,High
100313,ASCENSION SACRED HEART GULF,3801 E HWY 98,PORT SAINT JOE,GULF,FL,32456,(850) 229-5600,Acute Care Hospitals,Voluntary non-profit - Private,1,3.0,29,,2026-07-31 00:22:03,2,1,1.0122,0.0,0.0,Low
100314,WEST KENDALL BAPTIST HOSPITAL,9555 SW 162 AVE,MIAMI,MIAMI-DADE,FL,33196,(786) 467-2000,Acute Care Hospitals,Voluntary non-profit - Private,1,5.0,,Y,2026-07-31 00:22:03,3,1,0.9972,447.0,80.0,Low
100315,VIERA HOSPITAL,8745 N WICKHAM RD,MELBOURNE,BREVARD,FL,32940,(321) 434-9000,Acute Care Hospitals,Voluntary non-profit - Private,1,5.0,,Y,2026-07-31 00:22:03,4,0,0.8956500000000001,574.0,69.0,Low
100316,PALM BAY HOSPITAL,"1425 MALABAR RD, NE",PALM BAY,BREVARD,FL,32907,(321) 434-8000,Acute Care Hospitals,Proprietary,1,3.0,,,2026-07-31 00:22:03,5,0,0.90718,668.0,97.0,Low
100319,ADVENTHEALTH WESLEY CHAPEL,2600 BRUCE B DOWNS BLVD,WESLEY CHAPEL,PASCO,FL,33544,(813) 929-5000,Acute Care Hospitals,Voluntary non-profit - Private,1,5.0,,Y,2026-07-31 00:22:03,5,2,1.034,1048.0,192.0,Medium
100320,HCA FLORIDA POINCIANA HOSPITAL,325 CYPRESS PKWY,KISSIMMEE,OSCEOLA,FL,34758,(407) 530-2000,Acute Care Hospitals,Proprietary,1,2.0,,,2026-07-31 00:22:03,4,3,1.04695,226.0,56.0,Medium
100321,ASCENSION ST VINCENT'S CLAY COUNTY,1670 ST VINCENTS WAY,MIDDLEBURG,CLAY,FL,32068,(904) 602-1000,Acute Care Hospitals,Voluntary non-profit - Private,1,3.0,29,Y,2026-07-31 00:22:03,5,3,1.03486,922.0,184.0,Medium
100329,OVIEDO MEDICAL CENTER,8300 RED BUG LAKE RD,OVIEDO,SEMINOLE,FL,32765,(615) 850-6055,Acute Care Hospitals,Proprietary,1,3.0,,Y,2026-07-31 00:22:03,4,2,1.0266250000000001,268.0,58.0,Medium
100330,HALIFAX HEALTH /UF HEALTH MEDICAL CENTER OF DELTON,3300 HALIFAX CROSSINGS BLVD,DELTONA,VOLUSIA,FL,32725,(386) 425-4806,Acute Care Hospitals,Government - Local,1,,16,,2026-07-31 00:22:03,1,0,0.9784,0.0,0.0,Low
100350,UCF LAKE NONA HOSPITAL,6700 LAKE NONA BLVD,ORLANDO,ORANGE,FL,32827,(850) 523-2115,Acute Care Hospitals,Proprietary,1,3.0,,Y,2026-07-31 00:22:03,2,2,1.0245000000000002,117.0,23.0,Medium
100359,SARASOTA MEMORIAL HOSPITAL - VENICE,2600 LAUREL ROAD EAST,NORTH VENICE,SARASOTA,FL,34275,(941) 917-7299,Acute Care Hospitals,Government - Hospital District or Authority,1,5.0,,Y,2026-07-31 00:22:03,5,1,0.9491200000000001,1673.0,264.0,Low
100360,HCA FLORIDA UNIVERSITY HOSPITAL,3476 S UNIVERSITY DR.,DAVIE,BROWARD,FL,33328,(954) 475-4400,Acute Care Hospitals,Proprietary,1,3.0,,Y,2026-07-31 00:22:03,2,1,0.985,0.0,0.0,Low
100361,ASCENSION ST VINCENT'S ST JOHNS COUNTY,205 TRINITY WAY,ST. JOHNS,ST. JOHNS,FL,32259,(904) 450-6020,Acute Care Hospitals,Voluntary non-profit - Private,1,4.0,29,,2026-07-31 00:22:03,2,2,1.03285,68.0,11.0,Medium
100362,BAYCARE HOSPITAL WESLEY CHAPEL,4501 BRUCE B DOWNS BLVD,WESLEY CHAPEL,PASCO,FL,33544,(813) 914-1000,Acute Care Hospitals,Proprietary,1,,16,,2026-07-31 00:22:03,1,0,0.9844,0.0,0.0,Low
100363,ADVENTHEALTH PALM COAST PARKWAY,1 ADVENTHEALTH WAY,PALM COAST,FLAGLER,FL,32137,(386) 302-1800,Acute Care Hospitals,Voluntary non-profit - Private,1,4.0,,,2026-07-31 00:22:03,2,1,1.00375,165.0,33.0,Low
110001,HAMILTON MEDICAL CENTER,1200 MEMORIAL DRIVE,DALTON,WHITFIELD,GA,30720,(706) 272-6105,Acute Care Hospitals,Voluntary non-profit - Private,0,3.0,,Y,2026-07-31 00:22:03,5,3,1.03026,1087.0,188.0,Medium
110002,UPSON REGIONAL MEDICAL CENTER,801 W GORDON STREET,THOMASTON,UPSON,GA,30286,(706) 647-8111,Acute Care Hospitals,Voluntary non-profit - Other,1,1.0,,Y,2026-07-31 00:22:03,4,4,1.0612,187.0,37.0,High
110003,Memorial Satilla Health,1900 TEBEAU STREET,WAYCROSS,WARE,GA,31501,(912) 287-2500,Acute Care Hospitals,Voluntary non-profit - Private,1,3.0,,,2026-07-31 00:22:03,4,4,1.044475,591.0,111.0,High
110005,NORTHSIDE HOSPITAL FORSYTH,1200 NORTHSIDE FORSYTH DRIVE,CUMMING,FORSYTH,GA,30041,(770) 844-3200,Acute Care Hospitals,Voluntary non-profit - Private,1,4.0,,Y,2026-07-31 00:22:03,5,1,0.9430200000000001,1425.0,228.0,Low
110006,ST MARY'S HOSPITAL,1230 BAXTER STREET,ATHENS,CLARKE,GA,30606,(706) 389-3000,Acute Care Hospitals,Voluntary non-profit - Private,1,1.0,,Y,2026-07-31 00:22:03,5,5,1.12386,701.0,115.0,High
110007,PHOEBE PUTNEY MEMORIAL HOSPITAL,417 THIRD AVENUE,ALBANY,DOUGHERTY,GA,31703,(229) 312-4068,Acute Care Hospitals,Government - Hospital District or Authority,1,2.0,,Y,2026-07-31 00:22:03,6,5,1.0386499999999999,1063.0,187.0,High
110008,NORTHSIDE HOSPITAL CHEROKEE,450 NORTHSIDE CHEROKEE BOULEVARD,CANTON,CHEROKEE,GA,30115,(770) 244-1000,Acute Care Hospitals,Voluntary non-profit - Other,1,4.0,,Y,2026-07-31 00:22:03,5,2,0.95856,1489.0,251.0,Medium
110010,EMORY UNIVERSITY HOSPITAL,"1364 CLIFTON ROAD, NE",ATLANTA,DE KALB,GA,30322,(404) 686-8500,Acute Care Hospitals,Voluntary non-profit - Private,1,4.0,,,2026-07-31 00:22:03,6,4,0.9969666666666667,972.0,175.0,High
110011,TANNER MEDICAL CENTER - CARROLLTON,705 DIXIE STREET,CARROLLTON,CARROLL,GA,30117,(770) 836-9580,Acute Care Hospitals,Government - Hospital District or Authority,0,2.0,,Y,2026-07-31 00:22:03,4,3,1.038775,933.0,170.0,Medium
110015,TANNER MEDICAL CENTER VILLA RICA,601 DALLAS HIGHWAY,VILLA RICA,CARROLL,GA,30180,(770) 456-3101,Acute Care Hospitals,Government - Hospital District or Authority,1,3.0,,Y,2026-07-31 00:22:03,4,4,1.0828,326.0,80.0,High
110016,WELLSTAR WEST GEORGIA MEDICAL CENTER,1514 VERNON ROAD,LAGRANGE,TROUP,GA,30240,(706) 882-1411,Acute Care Hospitals,Voluntary non-profit - Private,1,5.0,,Y,2026-07-31 00:22:03,4,2,1.001425,656.0,116.0,Medium
110018,PIEDMONT NEWTON HOSPITAL,5126 HOSPITAL DRIVE NE,COVINGTON,NEWTON,GA,30014,(770) 786-7053,Acute Care Hospitals,Voluntary non-profit - Private,1,3.0,,Y,2026-07-31 00:22:03,5,2,1.00106,338.0,64.0,Medium
110023,ADVENTHEALTH GORDON,1035 RED BUD ROAD,CALHOUN,GORDON,GA,30701,(706) 629-2895,Acute Care Hospitals,Voluntary non-profit - Church,0,3.0,,Y,2026-07-31 00:22:03,4,0,0.957225,388.0,62.0,Low
110024,CANDLER HOSPITAL,5353 REYNOLDS STREET,SAVANNAH,CHATHAM,GA,31405,(912) 819-5290,Acute Care Hospitals,Voluntary non-profit - Other,1,2.0,,Y,2026-07-31 00:22:03,3,0,0.9795666666666666,504.0,79.0,Low
110025,SOUTHEAST GEORGIA HEALTH SYSTEM- BRUNSWICK CAMPUS,2415 PARKWOOD DRIVE,BRUNSWICK,GLYNN,GA,31520,(912) 466-7000,Acute Care Hospitals,Government - Hospital District or Authority,0,2.0,,,2026-07-31 00:22:03,5,3,1.01854,1328.0,250.0,Medium
110027,"TY COBB REGIONAL MEDICAL CENTER, LLC",367 CLEAR CREEK PARKWAY,LAVONIA,FRANKLIN,GA,30553,(706) 356-7800,Acute Care Hospitals,Voluntary non-profit - Private,1,3.0,,Y,2026-07-31 00:22:03,3,1,0.9945333333333334,205.0,32.0,Low
110028,PIEDMONT AUGUSTA HOSPITAL,1350 WALTON WAY,AUGUSTA,RICHMOND,GA,30901,(706) 722-9011,Acute Care Hospitals,Government - Hospital District or Authority,1,2.0,,Y,2026-07-31 00:22:03,6,3,1.0056333333333332,2072.0,352.0,Medium
110029,"NORTHEAST GEORGIA MEDICAL CENTER, INC",743 SPRING STREET,GAINESVILLE,HALL,GA,30501,(770) 535-3553,Acute Care Hospitals,Government - Local,1,3.0,,Y,2026-07-31 00:22:03,6,2,0.9833833333333333,4045.0,631.0,Medium
110030,PIEDMONT CARTERSVILLE MEDICAL CENTER,960 JOE FRANK HARRIS PARKWAY,CARTERSVILLE,BARTOW,GA,30120,(470) 490-1000,Acute Care Hospitals,Voluntary non-profit - Private,1,3.0,,Y,2026-07-31 00:22:03,4,2,1.0038,724.0,133.0,Medium
110031,WELLSTAR SPALDING MEDICAL CENTER,601 SOUTH 8TH STREET,GRIFFIN,SPALDING,GA,30223,(770) 228-2721,Acute Care Hospitals,Proprietary,1,2.0,,Y,2026-07-31 00:22:03,4,2,1.0149,520.0,92.0,Medium
110032,STEPHENS COUNTY HOSPITAL,163 HOSPITAL DRIVE,TOCCOA,STEPHENS,GA,30577,(706) 282-4250,Acute Care Hospitals,Government - Hospital District or Authority,1,2.0,,,2026-07-31 00:22:03,3,2,0.9870666666666666,76.0,12.0,Medium
110034,"WELLSTAR MCG HEALTH, AFFILIATED WITH MED COL",1120 15TH STREET,AUGUSTA,RICHMOND,GA,30912,(706) 721-6569,Acute Care Hospitals,Voluntary non-profit - Other,1,1.0,,Y,2026-07-31 00:22:03,5,4,1.03112,568.0,116.0,High
110035,WELLSTAR KENNESTONE REGIONAL MEDICAL CENTER,677 CHURCH STREET,MARIETTA,COBB,GA,30060,(770) 793-5000,Acute Care Hospitals,Government - Hospital District or Authority,1,4.0,,Y,2026-07-31 00:22:03,6,3,0.9888166666666667,3087.0,489.0,Medium
110036,SAVANNAH HEALTH SERVICES LLC DBA MEMORIAL HEALTH UNIVERSITY MEDICAL CENTER,4700 WATERS AVENUE,SAVANNAH,CHATHAM,GA,31404,(912) 350-3691,Acute Care Hospitals,Voluntary non-profit - Other,1,1.0,,Y,2026-07-31 00:22:03,6,5,1.10545,1357.0,249.0,High
110038,ARCHBOLD MEMORIAL HOSPITAL,915 GORDON AVENUE & MIMOSA DRIVE,THOMASVILLE,THOMAS,GA,31792,(229) 228-2880,Acute Care Hospitals,Voluntary non-profit - Private,1,2.0,,Y,2026-07-31 00:22:03,5,2,0.9957,672.0,96.0,Medium
110041,NORTHEAST GEORGIA MEDICAL CENTER HABERSHAM,541 HISTORIC HIGHWAY 441-NORTH,DEMOREST,HABERSHAM,GA,30535,(706) 754-2161,Acute Care Hospitals,Government - Hospital District or Authority,1,3.0,,Y,2026-07-31 00:22:03,3,1,1.0004666666666668,105.0,16.0,Low
110042,WELLSTAR PAULDING MEDICAL CENTER,2518 JIMMY LEE SMITH PARKWAY,HIRAM,PAULDING,GA,30141,(470) 644-7000,Acute Care Hospitals,Voluntary non-profit - Other,0,4.0,,,2026-07-31 00:22:03,4,3,1.03755,1322.0,260.0,Medium
110043,ST JOSEPH'S HOSPITAL - SAVANNAH,11705 MERCY BOULEVARD,SAVANNAH,CHATHAM,GA,31419,(912) 819-4100,Acute Care Hospitals,Voluntary non-profit - Private,1,2.0,,,2026-07-31 00:22:03,6,3,0.9806833333333334,920.0,148.0,Medium
110044,PHOEBE SUMTER MEDICAL CENTER,126 HIGHWAY 280 W,AMERICUS,SUMTER,GA,31719,(229) 931-1280,Acute Care Hospitals,Government - Hospital District or Authority,1,3.0,,Y,2026-07-31 00:22:03,3,3,1.0468666666666666,221.0,48.0,Medium
110045,"NGMC BARROW, LLC",316 NORTH BROAD STREET,WINDER,BARROW,GA,30680,(770) 848-8611,Acute Care Hospitals,Proprietary,1,4.0,,,2026-07-31 00:22:03,3,1,0.9901,0.0,0.0,Low
110046,PIEDMONT WALTON HOSPITAL,2151 W SPRING STREET,MONROE,WALTON,GA,30655,(770) 267-8461,Acute Care Hospitals,Proprietary,1,4.0,,Y,2026-07-31 00:22:03,3,1,0.9963666666666665,366.0,65.0,Low
110050,ADVENTHEALTH MURRAY,"707 OLD DALTON ELLIJAY ROAD, PO BOX 1406",CHATSWORTH,MURRAY,GA,30705,(706) 517-2031,Acute Care Hospitals,Voluntary non-profit - Private,0,5.0,,,2026-07-31 00:22:03,2,0,0.97505,95.0,12.0,Low
110051,UNION GENERAL HOSPITAL,35 HOSPITAL ROAD,BLAIRSVILLE,UNION,GA,30512,(706) 745-2111,Acute Care Hospitals,Government - Local,0,3.0,,Y,2026-07-31 00:22:03,4,2,0.99295,518.0,85.0,Medium
110054,ATRIUM HEALTH FLOYD MEDICAL CENTER,304 TURNER MCCALL BOULEVARD,ROME,FLOYD,GA,30162,(706) 509-6900,Acute Care Hospitals,Government - Hospital District or Authority,0,2.0,,Y,2026-07-31 00:22:03,5,5,1.04984,1141.0,233.0,High
110064,PIEDMONT COLUMBUS REGIONAL MIDTOWN,710 CENTER STREET,COLUMBUS,MUSCOGEE,GA,31901,(706) 571-1000,Acute Care Hospitals,Voluntary non-profit - Other,1,2.0,,Y,2026-07-31 00:22:03,4,2,1.012875,571.0,117.0,Medium
110069,EMORY HOUSTON HOSPITAL WARNER ROBINS,1601 WATSON BOULEVARD,WARNER ROBINS,HOUSTON,GA,31093,(478) 922-4281,Acute Care Hospitals,Voluntary non-profit - Private,1,2.0,,Y,2026-07-31 00:22:03,5,4,1.0219,1369.0,243.0,High
110071,APPLING HEALTHCARE,163 E TOLLISON STREET,BAXLEY,APPLING,GA,31513,(912) 367-9841,Acute Care Hospitals,Government - Hospital District or Authority,1,,16,,2026-07-31 00:22:03,1,1,1.0142,0.0,0.0,Low
110073,DORMINY MEDICAL CENTER,"200 PERRY HOUSE ROAD, BOX 1447",FITZGERALD,BEN HILL,GA,31750,(229) 424-7100,Acute Care Hospitals,Government - Local,1,,16,,2026-07-31 00:22:03,2,1,1.00075,0.0,0.0,Low
110074,PIEDMONT ATHENS REGIONAL MEDICAL CENTER,1199 PRINCE AVENUE,ATHENS,CLARKE,GA,30606,(706) 475-7000,Acute Care Hospitals,Voluntary non-profit - Other,0,4.0,,Y,2026-07-31 00:22:03,5,4,1.0206,2200.0,403.0,High
110075,EAST GEORGIA REGIONAL MEDICAL CENTER,1499 FAIR ROAD,STATESBORO,BULLOCH,GA,30458,(912) 486-1500,Acute Care Hospitals,Proprietary,1,3.0,,Y,2026-07-31 00:22:03,5,3,1.00652,645.0,119.0,Medium
110076,EMORY DECATUR HOSPITAL,2701 N DECATUR ROAD,DECATUR,DE KALB,GA,30033,(404) 501-1000,Acute Care Hospitals,Voluntary non-profit - Private,0,2.0,,Y,2026-07-31 00:22:03,5,4,1.06246,556.0,102.0,High
110078,EMORY UNIVERSITY HOSPITAL MIDTOWN,"550 PEACHTREE STREET,  NE",ATLANTA,FULTON,GA,30308,(404) 686-2450,Acute Care Hospitals,Voluntary non-profit - Private,1,2.0,,Y,2026-07-31 00:22:03,5,3,1.0116,581.0,127.0,Medium
110079,GRADY MEMORIAL HOSPITAL,"80 JESSE HILL, JR DRIVE SE",ATLANTA,FULTON,GA,30303,(404) 616-1000,Acute Care Hospitals,Voluntary non-profit - Private,1,2.0,,Y,2026-07-31 00:22:03,4,3,1.039325,313.0,66.0,Medium
110082,"SAINT JOSEPH'S HOSPITAL OF ATLANTA, INC",5665 PEACHTREE DUNWOODY ROAD,ATLANTA,FULTON,GA,30342,(678) 843-7001,Acute Care Hospitals,Voluntary non-profit - Private,1,3.0,,,2026-07-31 00:22:03,5,5,1.0443799999999999,1610.0,274.0,High
110083,"PIEDMONT HOSPITAL, INC",1968 PEACHTREE RD NW,ATLANTA,FULTON,GA,30309,(404) 605-5000,Acute Care Hospitals,Government - Federal,0,4.0,,Y,2026-07-31 00:22:03,6,4,1.0131666666666665,1932.0,329.0,High
110086,WASHINGTON COUNTY REGIONAL MEDICAL CENTER,610 SPARTA ROAD,SANDERSVILLE,WASHINGTON,GA,31082,(478) 240-2100,Acute Care Hospitals,Government - Hospital District or Authority,0,,16,,2026-07-31 00:22:03,1,0,0.9921,0.0,0.0,Low
110087,NORTHSIDE HOSPITAL GWINNETT,1000 MEDICAL CENTER BOULEVARD,LAWRENCEVILLE,GWINNETT,GA,30045,(678) 312-4310,Acute Care Hospitals,Government - Hospital District or Authority,1,3.0,,Y,2026-07-31 00:22:03,6,2,0.9638333333333332,1757.0,307.0,Medium
110089,"COFFEE REGIONAL MEDICAL CENTER, INC",1101 OCILLA ROAD,DOUGLAS,ATKINSON,GA,31642,(912) 384-1900,Acute Care Hospitals,Government - Hospital District or Authority,1,3.0,,Y,2026-07-31 00:22:03,4,3,1.015775,362.0,60.0,Medium
110091,PIEDMONT ROCKDALE HOSPITAL,"1412 MILSTEAD AVENUE, NE",CONYERS,ROCKDALE,GA,30012,(770) 918-3000,Acute Care Hospitals,Proprietary,0,3.0,,Y,2026-07-31 00:22:03,4,2,1.01165,469.0,93.0,Medium
110092,DODGE COUNTY HOSPITAL,901 GRIFFIN AVE,EASTMAN,DODGE,GA,31023,(478) 448-4067,Acute Care Hospitals,Government - Hospital District or Authority,1,,16,,2026-07-31 00:22:03,1,0,0.9812,0.0,0.0,Low
110095,TIFT REGIONAL MEDICAL CENTER,901 E 18TH STREET,TIFTON,TIFT,GA,31794,(229) 382-7120,Acute Care Hospitals,Government - Hospital District or Authority,0,3.0,,Y,2026-07-31 00:22:03,4,3,1.016875,542.0,104.0,Medium
110100,JEFFERSON HOSPITAL,1067 PEACHTREE ST,LOUISVILLE,JEFFERSON,GA,30434,(478) 625-7000,Acute Care Hospitals,Government - Hospital District or Authority,1,,16,,2026-07-31 00:22:03,1,0,0.9775,0.0,0.0,Low
110104,CRISP REGIONAL HOSPITAL,902 7TH STREET NORTH,CORDELE,CRISP,GA,31015,(229) 276-3100,Acute Care Hospitals,Proprietary,1,2.0,,Y,2026-07-31 00:22:03,3,2,1.0345666666666666,116.0,27.0,Medium
110105,COLQUITT REGIONAL MEDICAL CENTER,3131 SOUTH MAIN STREET,MOULTRIE,COLQUITT,GA,31768,(229) 985-3420,Acute Care Hospitals,Government - Hospital District or Authority,0,4.0,,Y,2026-07-31 00:22:03,4,3,1.07155,424.0,102.0,Medium
110107,ATRIUM HEALTH NAVICENT THE MEDICAL CENTER,777 HEMLOCK STREET,MACON,BIBB,GA,31201,(478) 633-1000,Acute Care Hospitals,Government - Hospital District or Authority,1,2.0,,Y,2026-07-31 00:22:03,6,2,0.9725166666666666,1476.0,235.0,Medium
110109,EMANUEL MEDICAL CENTER,117 KITE ROAD,SWAINSBORO,EMANUEL,GA,30401,(478) 289-1304,Acute Care Hospitals,Government - Hospital District or Authority,1,4.0,,,2026-07-31 00:22:03,3,0,0.9765666666666667,61.0,11.0,Low
110111,UNIVERSITY MCDUFFIE COUNTY REGIONAL MEDICAL CENTER,2460 WASHINGTON ROAD,THOMSON,MC DUFFIE,GA,30824,(706) 595-1411,Acute Care Hospitals,Government - Hospital District or Authority,1,,16,,2026-07-31 00:22:03,2,1,1.0310000000000001,50.0,11.0,Low
110121,GRADY GENERAL HOSPITAL,"1155 5TH STREET, SE",CAIRO,GRADY,GA,39828,(229) 377-0251,Acute Care Hospitals,Voluntary non-profit - Private,0,,16,Y,2026-07-31 00:22:03,1,0,0.9745,0.0,0.0,Low
110122,SGMC HEALTH,"2501 NORTH PATTERSON STREET, PO BOX 1727",VALDOSTA,LOWNDES,GA,31602,(229) 333-1020,Acute Care Hospitals,Government - Hospital District or Authority,1,2.0,,Y,2026-07-31 00:22:03,5,4,1.0144,1365.0,271.0,High
110124,WAYNE MEMORIAL HOSPITAL,865 SOUTH FIRST STREET,JESUP,WAYNE,GA,31545,(912) 427-6811,Acute Care Hospitals,Government - Hospital District or Authority,1,3.0,,Y,2026-07-31 00:22:03,3,2,1.0128333333333333,126.0,21.0,Medium
110125,FAIRVIEW PARK HOSPITAL,200 INDUSTRIAL BOULEVARD,DUBLIN,LAURENS,GA,31021,(478) 274-3100,Acute Care Hospitals,Proprietary,1,4.0,,Y,2026-07-31 00:22:03,4,2,1.0191249999999998,610.0,119.0,Medium
110128,MEMORIAL HEALTH MEADOWS HOSPITAL,ONE MEADOWS PARKWAY,VIDALIA,TOOMBS,GA,30474,(912) 535-5828,Acute Care Hospitals,Proprietary,1,5.0,,,2026-07-31 00:22:03,4,2,1.005025,309.0,51.0,Medium
110129,ST FRANCIS HOSPITAL- EMORY HEALTHCARE,2122 MANCHESTER EXPRESSWAY,COLUMBUS,MUSCOGEE,GA,31995,(706) 596-4020,Acute Care Hospitals,Voluntary non-profit - Private,0,3.0,,Y,2026-07-31 00:22:03,5,3,1.00094,1012.0,160.0,Medium
110132,MEMORIAL HOSPITAL AND MANOR,1500 E SHOTWELL STREET,BAINBRIDGE,DECATUR,GA,39819,(229) 246-3500,Acute Care Hospitals,Government - Hospital District or Authority,1,1.0,,Y,2026-07-31 00:22:03,2,2,1.04705,78.0,14.0,Medium
110142,EVANS MEMORIAL HOSPITAL,200 N RIVER STREET,CLAXTON,EVANS,GA,30417,(912) 739-5105,Acute Care Hospitals,Government - Hospital District or Authority,1,,16,,2026-07-31 00:22:03,1,0,0.9957,0.0,0.0,Low
110143,WELLSTAR COBB MEDICAL CENTER,3950 AUSTELL RD,AUSTELL,COBB,GA,30106,(770) 732-4000,Acute Care Hospitals,Voluntary non-profit - Other,0,3.0,,Y,2026-07-31 00:22:03,4,1,0.9998750000000001,929.0,170.0,Low
110146,SOUTHEAST GEORGIA HEALTH SYSTEM -- CAMDEN CAMPUS,2000 DAN PROCTOR DRIVE,SAINT MARYS,CAMDEN,GA,31558,(912) 576-6401,Acute Care Hospitals,Government - Hospital District or Authority,1,4.0,,,2026-07-31 00:22:03,2,1,0.9663,0.0,0.0,Low
110150,NAVICENT HEALTH BALDWIN,821 NORTH COBB STREET,MILLEDGEVILLE,BALDWIN,GA,31061,(478) 454-3550,Acute Care Hospitals,Proprietary,1,2.0,,Y,2026-07-31 00:22:03,3,0,0.9582,107.0,14.0,Low
110161,NORTHSIDE HOSPITAL,"1000 JOHNSON FERRY ROAD, NE",ATLANTA,FULTON,GA,30342,(404) 851-8000,Acute Care Hospitals,Voluntary non-profit - Private,1,3.0,,Y,2026-07-31 00:22:03,5,3,1.0368600000000001,881.0,168.0,Medium
110164,"COLISEUM MEDICAL CENTERS, LLC, DBA",350 HOSPITAL DRIVE,MACON,BIBB,GA,31217,(478) 765-7000,Acute Care Hospitals,Voluntary non-profit - Private,1,3.0,,Y,2026-07-31 00:22:03,5,4,1.00892,690.0,122.0,High
110165,SOUTHERN REGIONAL MEDICAL CENTER,"11 UPPER RIVERDALE ROAD, SW",RIVERDALE,CLAYTON,GA,30274,(770) 991-8160,Acute Care Hospitals,Voluntary non-profit - Private,1,1.0,,,2026-07-31 00:22:03,2,2,1.0509499999999998,140.0,32.0,Medium
110168,ADVENTHEALTH REDMOND,501 REDMOND ROAD NW,ROME,FLOYD,GA,30165,(706) 802-3012,Acute Care Hospitals,Proprietary,0,4.0,,,2026-07-31 00:22:03,6,3,1.00495,1643.0,301.0,Medium
110177,DOCTORS HOSPITAL,3651 WHEELER ROAD,AUGUSTA,RICHMOND,GA,30909,(706) 651-6008,Acute Care Hospitals,Proprietary,1,3.0,,Y,2026-07-31 00:22:03,5,3,0.99146,582.0,102.0,Medium
110184,WELLSTAR DOUGLAS MEDICAL CENTER,8954 HOSPITAL DRIVE,DOUGLASVILLE,DOUGLAS,GA,30134,(770) 949-1500,Acute Care Hospitals,Voluntary non-profit - Private,1,3.0,,Y,2026-07-31 00:22:03,4,1,0.972775,468.0,77.0,Low
110191,PIEDMONT HENRY HOSPITAL,1133 EAGLE'S LANDING PARKWAY,STOCKBRIDGE,HENRY,GA,30281,(678) 604-1000,Acute Care Hospitals,Government - Hospital District or Authority,0,2.0,,Y,2026-07-31 00:22:03,5,2,0.99864,935.0,185.0,Medium
110192,PIEDMONT EASTSIDE MEDICAL CENTER,1700 MEDICAL WAY,SNELLVILLE,GWINNETT,GA,30078,(770) 979-0200,Acute Care Hospitals,Proprietary,1,2.0,,Y,2026-07-31 00:22:03,5,3,1.04026,638.0,114.0,Medium
110194,DONALSONVILLE HOSPITAL INC,102 HOSPITAL CIR,DONALSONVILLE,SEMINOLE,GA,39845,(229) 524-5217,Acute Care Hospitals,Voluntary non-profit - Private,0,,16,,2026-07-31 00:22:03,1,0,0.9855,0.0,0.0,Low
110198,WELLSTAR NORTH FULTON MEDICAL CENTER,3000 HOSPITAL BOULEVARD,ROSWELL,FULTON,GA,30076,(770) 751-2500,Acute Care Hospitals,Proprietary,0,2.0,,Y,2026-07-31 00:22:03,4,2,0.97475,712.0,94.0,Medium
110200,PIEDMONT COLUMBUS REGIONAL NORTHSIDE,100 FRIST COURT,COLUMBUS,MUSCOGEE,GA,31909,(706) 494-2101,Acute Care Hospitals,Proprietary,0,5.0,,,2026-07-31 00:22:03,4,0,0.982225,520.0,83.0,Low
110201,PIEDMONT MACON NORTH HOSPITAL,400 CHARTER BOULEVARD,MACON,BIBB,GA,31210,(478) 757-5990,Acute Care Hospitals,Proprietary,1,4.0,,,2026-07-31 00:22:03,2,1,1.0154,197.0,33.0,Low
110215,PIEDMONT FAYETTE HOSPITAL,1255 HIGHWAY 54 WEST,FAYETTEVILLE,FAYETTE,GA,30214,(770) 719-7000,Acute Care Hospitals,Voluntary non-profit - Private,1,3.0,,Y,2026-07-31 00:22:03,5,4,1.02876,1424.0,261.0,High
110225,PIEDMONT MOUNTAINSIDE HOSPITAL INC,1266 HIGHWAY 515 SOUTH,JASPER,PICKENS,GA,30143,(706) 692-2441,Acute Care Hospitals,Voluntary non-profit - Other,0,4.0,,Y,2026-07-31 00:22:03,3,2,0.9882333333333334,579.0,98.0,Medium
110226,EMORY HILLANDALE HOSPITAL,2801 DEKALB MEDICAL PARKWAY,LITHONIA,DE KALB,GA,30058,(404) 501-8040,Acute Care Hospitals,Government - Hospital District or Authority,1,1.0,,,2026-07-31 00:22:03,2,2,1.0682,77.0,23.0,Medium
110229,"PIEDMONT NEWNAN HOSPITAL, INC",745 POPLAR ROAD,NEWNAN,COWETA,GA,30265,(770) 400-2300,Acute Care Hospitals,Voluntary non-profit - Private,1,4.0,,Y,2026-07-31 00:22:03,5,2,0.9841,954.0,147.0,Medium
110230,EMORY JOHNS CREEK HOSPITAL,6325 HOSPITAL PARKWAY,JOHNS CREEK,GWINNETT,GA,30097,(678) 474-7000,Acute Care Hospitals,Proprietary,1,4.0,,Y,2026-07-31 00:22:03,5,1,0.9815400000000001,740.0,127.0,Low
110236,CHI MEMORIAL HOSPITAL- GEORGIA,4710 BATTLEFIELD PARKWAY,RINGGOLD,CATOOSA,GA,30736,(770) 874-5400,Acute Care Hospitals,Voluntary non-profit - Private,1,3.0,,,2026-07-31 00:22:03,2,0,0.9916499999999999,0.0,0.0,Low
110237,NORTHEAST GEORGIA MEDICAL CENTER LUMPKIN,227 MOUNTAIN DRIVE,DAHLONEGA,LUMPKIN,GA,30533,(770) 219-7146,Acute Care Hospitals,Voluntary non-profit - Other,1,5.0,,,2026-07-31 00:22:03,3,0,0.9911,0.0,0.0,Low
110252,NORTHSIDE HOSPITAL DULUTH,3620 HOWELL FERRY ROAD,DULUTH,GWINNETT,GA,30096,(678) 312-1000,Acute Care Hospitals,Voluntary non-profit - Private,1,4.0,,Y,2026-07-31 00:22:03,3,2,1.0279999999999998,371.0,72.0,Medium
120001,THE QUEENS MEDICAL CENTER,1301 PUNCHBOWL ST,HONOLULU,HONOLULU,HI,96813,(808) 538-9011,Acute Care Hospitals,Voluntary non-profit - Private,1,3.0,,Y,2026-07-31 00:22:03,6,4,1.0175666666666665,1843.0,294.0,High
120002,MAUI MEMORIAL MEDICAL CENTER,221 MAHALANI STREET,WAILUKU,MAUI,HI,96793,(808) 244-9056,Acute Care Hospitals,Government - State,0,2.0,,Y,2026-07-31 00:22:03,4,1,0.96375,440.0,55.0,Low
120005,HILO BENIOFF MEDICAL CENTER,1190 WAIANUENUE AVENUE,HILO,HAWAII,HI,96720,(808) 932-3000,Acute Care Hospitals,Government - State,1,3.0,,Y,2026-07-31 00:22:03,4,2,0.998775,741.0,102.0,Medium
120006,ADVENTIST HEALTH CASTLE,640 ULUKAHIKI ST,KAILUA,HONOLULU,HI,96734,(808) 263-5015,Acute Care Hospitals,Voluntary non-profit - Church,1,4.0,,Y,2026-07-31 00:22:03,5,2,0.98438,444.0,66.0,Medium
120007,KUAKINI MEDICAL CENTER,347 NORTH KUAKINI STREET,HONOLULU,HONOLULU,HI,96817,(808) 536-2236,Acute Care Hospitals,Voluntary non-profit - Private,1,4.0,,,2026-07-31 00:22:03,4,2,0.9248,309.0,44.0,Medium
120011,KAISER FOUNDATION HOSPITAL,3288 MOANALUA RD,HONOLULU,HONOLULU,HI,96819,(808) 432-0000,Acute Care Hospitals,Voluntary non-profit - Private,1,4.0,,Y,2026-07-31 00:22:03,2,1,1.0228,0.0,0.0,Low
120014,WILCOX MEMORIAL HOSPITAL,3-3420 KUHIO HIGHWAY,LIHUE,KAUAI,HI,96766,(808) 245-1100,Acute Care Hospitals,Government - Federal,1,2.0,,Y,2026-07-31 00:22:03,2,1,1.03695,126.0,36.0,Low
120019,KONA COMMUNITY HOSPITAL,79-1019 HAUKAPILA STREET,KEALAKEKUA,HAWAII,HI,96750,(808) 322-9311,Acute Care Hospitals,Government - State,1,2.0,,Y,2026-07-31 00:22:03,3,2,1.0021666666666667,165.0,24.0,Medium
120022,STRAUB CLINIC AND HOSPITAL,888 S KING STREET,HONOLULU,HONOLULU,HI,96813,(808) 522-4000,Acute Care Hospitals,Proprietary,1,4.0,,,2026-07-31 00:22:03,6,2,0.9624,678.0,90.0,Medium
120026,PALI MOMI MEDICAL CENTER,98-1079 MOANALUA ROAD,AIEA,HONOLULU,HI,96701,(808) 486-6000,Acute Care Hospitals,Proprietary,1,4.0,,,2026-07-31 00:22:03,4,1,0.98985,767.0,114.0,Low
120028,"NORTH HAWAII COMMUNITY HOSPITAL, INC",67 1125 MAMALAHOA HIGHWAY,KAMUELA,HAWAII,HI,96743,(808) 885-4444,Acute Care Hospitals,Voluntary non-profit - Private,1,3.0,,Y,2026-07-31 00:22:03,2,0,0.9401999999999999,0.0,0.0,Low
130002,ST LUKES MAGIC VALLEY MEDICAL CENTER,801 POLE LINE ROAD WEST,TWIN FALLS,TWIN FALLS,ID,83301,(208) 814-1000,Acute Care Hospitals,Voluntary non-profit - Private,1,4.0,,Y,2026-07-31 00:22:03,4,0,0.8893500000000001,823.0,84.0,Low
130003,ST JOSEPH REGIONAL MEDICAL CENTER,415 SIXTH STREET,LEWISTON,NEZ PERCE,ID,83501,(208) 799-5300,Acute Care Hospitals,Voluntary non-profit - Private,1,2.0,,Y,2026-07-31 00:22:03,4,0,0.919075,540.0,63.0,Low
130006,ST LUKE'S REGIONAL MEDICAL CENTER,190 EAST BANNOCK STREET,BOISE,ADA,ID,83712,(208) 381-2222,Acute Care Hospitals,Voluntary non-profit - Private,1,5.0,,Y,2026-07-31 00:22:03,6,0,0.89575,1562.0,159.0,Low
130007,SAINT ALPHONSUS REGIONAL MEDICAL CENTER,1055 NORTH CURTIS ROAD,BOISE,ADA,ID,83706,(208) 367-2121,Acute Care Hospitals,Voluntary non-profit - Church,1,3.0,,Y,2026-07-31 00:22:03,6,2,0.96665,727.0,88.0,Medium
130013,SAINT ALPHONSUS MEDICAL CENTER - NAMPA,4300 E FLAMINGO AVE,NAMPA,CANYON,ID,83687,(208) 463-5000,Acute Care Hospitals,Voluntary non-profit - Church,1,3.0,,Y,2026-07-31 00:22:03,5,3,0.9957799999999999,254.0,37.0,Medium
130014,WEST VALLEY MEDICAL CENTER,1717 ARLINGTON STREET,CALDWELL,CANYON,ID,83605,(208) 459-4641,Acute Care Hospitals,Proprietary,1,5.0,,,2026-07-31 00:22:03,2,0,0.97325,194.0,26.0,Low
130018,EASTERN IDAHO REGIONAL MEDICAL CENTER,3100 CHANNING WAY,IDAHO FALLS,BONNEVILLE,ID,83404,(208) 529-6111,Acute Care Hospitals,Proprietary,1,3.0,,Y,2026-07-31 00:22:03,6,2,0.9672833333333334,735.0,71.0,Medium
130025,MADISON MEMORIAL HOSPITAL,450 EAST MAIN STREET,REXBURG,MADISON,ID,83440,(208) 359-6488,Acute Care Hospitals,Government - Local,1,,16,,2026-07-31 00:22:03,2,1,1.00115,0.0,0.0,Low
130028,PORTNEUF MEDICAL CENTER,777 HOSPITAL WAY,POCATELLO,BANNOCK,ID,83201,(208) 239-1000,Acute Care Hospitals,Proprietary,1,4.0,,Y,2026-07-31 00:22:03,6,2,0.9685333333333334,591.0,80.0,Medium
130049,KOOTENAI HEALTH,2003 KOOTENAI HEALTH WAY,COEUR D'ALENE,KOOTENAI,ID,83814,(208) 625-4000,Acute Care Hospitals,Government - Hospital District or Authority,1,4.0,,Y,2026-07-31 00:22:03,6,0,0.9005666666666666,1460.0,163.0,Low
130065,MOUNTAIN VIEW HOSPITAL,2325 CORONADO STREET,IDAHO FALLS,BONNEVILLE,ID,83404,(208) 557-2700,Acute Care Hospitals,Physician,1,3.0,,Y,2026-07-31 00:22:03,1,0,0.8908,0.0,0.0,Low
130066,NORTHWEST SPECIALTY HOSPITAL,1593 EAST POLSTON AVENUE,POST FALLS,KOOTENAI,ID,83854,(208) 262-2300,Acute Care Hospitals,Proprietary,0,,16,,2026-07-31 00:22:03,1,0,0.8697,0.0,0.0,Low
130071,ST LUKE'S NAMPA MEDICAL CENTER,9850 WEST ST LUKES DRIVE,NAMPA,CANYON,ID,83687,(208) 505-2000,Acute Care Hospitals,Voluntary non-profit - Private,1,5.0,,Y,2026-07-31 00:22:03,3,1,0.9569666666666667,293.0,36.0,Low
130074,"IDAHO FALLS COMMUNITY HOSPITAL, LLC",2327 CORONADO ST,IDAHO FALLS,BONNEVILLE,ID,83404,(208) 528-1000,Acute Care Hospitals,Proprietary,1,4.0,,,2026-07-31 00:22:03,4,0,0.95865,134.0,15.0,Low
140001,GRAHAM HOSPITAL ASSOCIATION,210 WEST WALNUT STREET,CANTON,FULTON,IL,61520,(309) 647-5240,Acute Care Hospitals,Voluntary non-profit - Private,1,3.0,,Y,2026-07-31 00:22:03,4,1,0.957825,192.0,30.0,Low
140002,ALTON MEMORIAL HOSPITAL,ONE MEMORIAL DRIVE,ALTON,MADISON,IL,62002,(314) 286-2227,Acute Care Hospitals,Voluntary non-profit - Private,1,4.0,,Y,2026-07-31 00:22:03,5,4,1.06956,765.0,168.0,High
140007,SAINT JOSEPH MEDICAL CENTER,333 N MADISON ST,JOLIET,WILL,IL,60435,(815) 725-7133,Acute Care Hospitals,Voluntary non-profit - Church,1,1.0,29,Y,2026-07-31 00:22:03,6,5,1.0242166666666666,1620.0,317.0,High
140008,LOYOLA GOTTLIEB MEMORIAL HOSPITAL,701 WEST NORTH AVE,MELROSE PARK,COOK,IL,60160,(708) 681-3200,Acute Care Hospitals,Voluntary non-profit - Private,1,3.0,,,2026-07-31 00:22:03,4,3,1.057275,735.0,153.0,Medium
140010,NORTHSHORE UNIVERSITY HEALTHSYSTEM - EVANSTON HOSPITAL,2650 RIDGE AVE,EVANSTON,COOK,IL,60201,(847) 570-2000,Acute Care Hospitals,Voluntary non-profit - Other,1,5.0,,Y,2026-07-31 00:22:03,6,2,0.9858166666666666,6426.0,997.0,Medium
140011,HERRIN HOSPITAL,201 S 14TH ST,HERRIN,WILLIAMSON,IL,62948,(618) 942-2171,Acute Care Hospitals,Voluntary non-profit - Private,1,1.0,,,2026-07-31 00:22:03,4,4,1.119525,919.0,172.0,High
140012,OSF SAINT KATHARINE MEDICAL CENTER,403 E 1ST ST,DIXON,LEE,IL,61021,(815) 288-5531,Acute Care Hospitals,Voluntary non-profit - Private,1,2.0,,Y,2026-07-31 00:22:03,4,1,0.987575,362.0,62.0,Low
140013,CARLE HEALTH PROCTOR HOSPITAL,5409 N KNOXVILLE AVE,PEORIA,LA SALLE,IL,61354,(309) 691-1000,Acute Care Hospitals,Voluntary non-profit - Private,1,3.0,,,2026-07-31 00:22:03,4,0,0.971125,392.0,58.0,Low
140015,BLESSING HOSPITAL,1005 BROADWAY ST,QUINCY,ADAMS,IL,62301,(217) 223-1200,Acute Care Hospitals,Voluntary non-profit - Private,1,4.0,,Y,2026-07-31 00:22:03,6,1,0.9859,2068.0,326.0,Low
140018,MT SINAI HOSPITAL MEDICAL CENTER,15TH STREET AT CALIFORNIA,CHICAGO,COOK,IL,60608,(773) 542-2000,Acute Care Hospitals,Voluntary non-profit - Private,1,1.0,,Y,2026-07-31 00:22:03,4,2,1.00645,140.0,34.0,Medium
140029,COPLEY MEMORIAL HOSPITAL,2000 OGDEN AVENUE,AURORA,KANE,IL,60504,(630) 978-6200,Acute Care Hospitals,Voluntary non-profit - Private,1,4.0,,Y,2026-07-31 00:22:03,6,2,0.9786166666666668,1289.0,209.0,Medium
140030,ADVOCATE SHERMAN HOSPITAL,1425 NORTH RANDALL ROAD,ELGIN,KANE,IL,60123,(847) 742-9800,Acute Care Hospitals,Voluntary non-profit - Private,1,4.0,,Y,2026-07-31 00:22:03,5,4,1.0567199999999999,1632.0,301.0,High
140032,ST ANTHONYS MEMORIAL HOSPITAL,503 N MAPLE STREET,EFFINGHAM,EFFINGHAM,IL,62401,(217) 342-2121,Acute Care Hospitals,Voluntary non-profit - Church,1,3.0,,Y,2026-07-31 00:22:03,3,2,0.9978333333333333,610.0,115.0,Medium
140034,SSM HEALTH ST MARY'S HOSPITAL -CENTRALIA,400 NORTH PLEASANT AVENUE,CENTRALIA,MARION,IL,62801,(618) 436-8000,Acute Care Hospitals,Voluntary non-profit - Church,1,3.0,,,2026-07-31 00:22:03,3,2,1.0476333333333334,570.0,111.0,Medium
140043,CGH MEDICAL CENTER,100 EAST LEFEVRE ROAD,STERLING,WHITESIDE,IL,61081,(815) 625-0400,Acute Care Hospitals,Government - Local,1,1.0,,Y,2026-07-31 00:22:03,5,3,1.04392,672.0,124.0,Medium
140046,GOOD SAMARITAN REGIONAL HLTH CENTER,1 GOOD SAMARITAN WAY,MOUNT VERNON,JEFFERSON,IL,62864,(618) 899-2201,Acute Care Hospitals,Voluntary non-profit - Private,1,4.0,,Y,2026-07-31 00:22:03,5,2,1.0039200000000001,1427.0,205.0,Medium
140048,ADVOCATE TRINITY HOSPITAL,2320 E 93RD ST,CHICAGO,COOK,IL,60617,(773) 967-5002,Acute Care Hospitals,Voluntary non-profit - Church,1,2.0,,Y,2026-07-31 00:22:03,5,4,1.05468,1186.0,264.0,High
140049,WEST SUBURBAN MEDICAL CENTER,3 ERIE COURT,OAK PARK,COOK,IL,60302,(708) 383-6200,Acute Care Hospitals,Voluntary non-profit - Other,0,1.0,,Y,2026-07-31 00:22:03,3,3,1.0366333333333333,210.0,52.0,Medium
140052,OSF SAINT ANTHONY'S HEALTH CENTER,ST ANTHONY'S WAY,ALTON,MADISON,IL,62002,(618) 465-2571,Acute Care Hospitals,Voluntary non-profit - Church,0,4.0,,,2026-07-31 00:22:03,4,2,0.982225,284.0,43.0,Medium
140053,ST JOHNS HOSPITAL,800 E CARPENTER ST,SPRINGFIELD,SANGAMON,IL,62769,(217) 544-6464,Acute Care Hospitals,Voluntary non-profit - Church,1,2.0,,Y,2026-07-31 00:22:03,5,0,0.94686,2428.0,379.0,Low
140054,MACNEAL  HOSPITAL,3249 SOUTH OAK PARK AVENUE,BERWYN,COOK,IL,60402,(708) 783-9100,Acute Care Hospitals,Proprietary,1,3.0,,Y,2026-07-31 00:22:03,4,4,1.062625,689.0,147.0,High
140059,JERSEY COMMUNITY HOSPITAL,400 MAPLE SUMMIT ROAD,JERSEYVILLE,JERSEY,IL,62052,(618) 498-6402,Acute Care Hospitals,Government - Local,1,3.0,,,2026-07-31 00:22:03,4,2,1.004075,182.0,29.0,Medium
140062,PALOS COMMUNITY HOSPITAL,12251 SOUTH 80TH AVENUE,PALOS HEIGHTS,COOK,IL,60463,(708) 923-4000,Acute Care Hospitals,Voluntary non-profit - Private,1,4.0,,Y,2026-07-31 00:22:03,6,5,1.0843333333333334,3873.0,743.0,High
140063,RUSH OAK PARK HOSPITAL,520 S MAPLE AVE,OAK PARK,COOK,IL,60304,(708) 383-9300,Acute Care Hospitals,Voluntary non-profit - Church,1,4.0,,,2026-07-31 00:22:03,4,3,1.0084,489.0,95.0,Medium
140064,ST MARY MEDICAL CENTER,3333 NORTH SEMINARY,GALESBURG,KNOX,IL,61401,(309) 344-3161,Acute Care Hospitals,Voluntary non-profit - Church,1,2.0,,Y,2026-07-31 00:22:03,3,2,1.0198333333333334,641.0,108.0,Medium
140065,UCHICAGO MEDICINE ADVENTHEALTH LA GRANGE,5101 S WILLOW SPRINGS RD,LA GRANGE,COOK,IL,60525,(708) 352-1200,Acute Care Hospitals,Voluntary non-profit - Church,1,5.0,,,2026-07-31 00:22:03,5,1,0.98648,1314.0,193.0,Low
140067,SAINT FRANCIS MEDICAL CENTER,530 NE GLEN OAK AVE,PEORIA,PEORIA,IL,61637,(309) 655-2000,Acute Care Hospitals,Voluntary non-profit - Private,1,2.0,,Y,2026-07-31 00:22:03,6,2,1.0075333333333332,2792.0,447.0,Medium
140068,ROSELAND COMMUNITY HOSPITAL,45 W 111TH STREET,CHICAGO,COOK,IL,60628,(773) 995-3000,Acute Care Hospitals,Voluntary non-profit - Private,1,1.0,,Y,2026-07-31 00:22:03,3,3,1.0129666666666666,53.0,13.0,Medium
140080,SAINT FRANCIS HOSPITAL-EVANSTON,355 RIDGE AVE,EVANSTON,COOK,IL,60202,(847) 316-4000,Acute Care Hospitals,Voluntary non-profit - Church,1,2.0,29,,2026-07-31 00:22:03,5,4,1.0463999999999998,467.0,104.0,High
140082,LOUIS A WEISS MEMORIAL HOSPITAL,4646 N MARINE DRIVE,CHICAGO,COOK,IL,60640,(773) 878-8700,Acute Care Hospitals,Proprietary,1,1.0,,,2026-07-31 00:22:03,5,4,1.10118,422.0,90.0,High
140083,LORETTO HOSPITAL,645 SOUTH CENTRAL AVE,CHICAGO,COOK,IL,60644,(773) 626-4300,Acute Care Hospitals,Voluntary non-profit - Other,1,,16,,2026-07-31 00:22:03,1,1,1.0206,0.0,0.0,Low
140084,VISTA MEDICAL CENTER EAST,1324 NORTH SHERIDAN ROAD,WAUKEGAN,LAKE,IL,60085,(847) 360-3000,Acute Care Hospitals,Proprietary,1,2.0,,,2026-07-31 00:22:03,4,2,0.9836499999999999,524.0,96.0,Medium
140088,THE UNIVERSITY OF CHICAGO MEDICAL CENTER,5841 SOUTH MARYLAND,CHICAGO,COOK,IL,60637,(773) 702-9785,Acute Care Hospitals,Voluntary non-profit - Private,1,4.0,,Y,2026-07-31 00:22:03,5,4,1.01936,1588.0,321.0,High
140089,MC DONOUGH DISTRICT HOSPITAL,525 EAST GRANT STREET,MACOMB,MC DONOUGH,IL,61455,(309) 833-4101,Acute Care Hospitals,Government - Hospital District or Authority,1,3.0,,Y,2026-07-31 00:22:03,3,1,1.0532666666666668,145.0,38.0,Low
140091,CARLE FOUNDATION HOSPITAL,611 WEST PARK STREET,URBANA,CHAMPAIGN,IL,61801,(217) 383-3311,Acute Care Hospitals,Voluntary non-profit - Private,1,2.0,,Y,2026-07-31 00:22:03,6,5,1.0607499999999999,1986.0,419.0,High
140093,OSF SACRED HEART MEDICAL CENTER,812 N LOGAN AVE,DANVILLE,VERMILION,IL,61832,(217) 443-5000,Acute Care Hospitals,Voluntary non-profit - Church,1,2.0,,Y,2026-07-31 00:22:03,4,3,1.0504,522.0,112.0,Medium
140095,SAINT ANTHONY HOSPITAL,2875 WEST 19TH STREET,CHICAGO,COOK,IL,60623,(773) 521-1710,Acute Care Hospitals,Voluntary non-profit - Private,1,2.0,,Y,2026-07-31 00:22:03,1,1,1.0233,0.0,0.0,Low
140101,MORRIS HOSPITAL & HEALTHCARE CENTERS,150 W HIGH ST,MORRIS,GRUNDY,IL,60450,(815) 942-2932,Acute Care Hospitals,Voluntary non-profit - Private,1,4.0,,Y,2026-07-31 00:22:03,5,3,1.01052,661.0,128.0,Medium
140103,ST BERNARD HOSPITAL,326 W 64TH ST,CHICAGO,COOK,IL,60621,(773) 962-3900,Acute Care Hospitals,Voluntary non-profit - Church,1,1.0,,,2026-07-31 00:22:03,3,2,1.0437333333333332,68.0,30.0,Medium
140110,OSF SAINT ELIZABETH MDL CTR,925 WEST STREET,PERU,LA SALLE,IL,61354,(815) 433-3100,Acute Care Hospitals,Voluntary non-profit - Private,1,3.0,,Y,2026-07-31 00:22:03,3,0,0.9614666666666668,491.0,77.0,Low
140113,OSF HEART OF MARY MEDICAL CENTER,1400 WEST PARK AVENUE,URBANA,CHAMPAIGN,IL,61801,(217) 337-2000,Acute Care Hospitals,Voluntary non-profit - Church,1,3.0,,,2026-07-31 00:22:03,5,4,1.02686,364.0,59.0,High
140114,SWEDISH HOSPITAL,5145 N CALIFORNIA AVE,CHICAGO,COOK,IL,60625,(773) 878-8200,Acute Care Hospitals,Voluntary non-profit - Church,1,3.0,,Y,2026-07-31 00:22:03,4,2,0.990875,917.0,157.0,Medium
140115,THOREK MEMORIAL HOSPITAL,850 W IRVING PARK RD,CHICAGO,COOK,IL,60613,(773) 975-6867,Acute Care Hospitals,Voluntary non-profit - Private,1,,16,,2026-07-31 00:22:03,1,1,1.0175,0.0,0.0,Low
140116,NORTHWESTERN MEDICINE MCHENRY,4201 MEDICAL CENTER DRIVE,MCHENRY,MC HENRY,IL,60050,(815) 344-5000,Acute Care Hospitals,Voluntary non-profit - Other,1,5.0,,Y,2026-07-31 00:22:03,6,4,1.04335,3694.0,628.0,High
140117,AMITA HEALTH RESURRECTION MEDICAL CENTER,7435 W TALCOTT AVENUE,CHICAGO,COOK,IL,60631,(773) 774-8000,Acute Care Hospitals,Voluntary non-profit - Church,1,3.0,29,Y,2026-07-31 00:22:03,6,3,0.9972,1334.0,220.0,Medium
140119,RUSH UNIVERSITY MEDICAL CENTER,1653 WEST CONGRESS PARKWAY,CHICAGO,COOK,IL,60612,(312) 942-5000,Acute Care Hospitals,Voluntary non-profit - Private,1,5.0,,Y,2026-07-31 00:22:03,6,2,0.9724666666666666,1586.0,275.0,Medium
140120,CARLE HEALTH PEKIN HOSPITAL,600 SOUTH 13TH STREET,PEKIN,TAZEWELL,IL,61554,(309) 347-1151,Acute Care Hospitals,Voluntary non-profit - Private,1,3.0,,,2026-07-31 00:22:03,3,1,0.9765333333333333,267.0,41.0,Low
140122,UCHICAGO MEDICINE ADVENTHEALTH HINSDALE,120 NORTH OAK ST,HINSDALE,DU PAGE,IL,60521,(630) 856-9000,Acute Care Hospitals,Voluntary non-profit - Private,1,5.0,,Y,2026-07-31 00:22:03,5,1,0.96594,1032.0,161.0,Low
140124,JOHN H STROGER JR HOSPITAL,1901 W HARRISON ST,CHICAGO,COOK,IL,60612,(312) 864-6000,Acute Care Hospitals,Government - Local,1,2.0,,Y,2026-07-31 00:22:03,4,2,1.00285,276.0,55.0,Medium
140125,GATEWAY REGIONAL MEDICAL CENTER,2100 MADISON AVENUE,GRANITE CITY,MADISON,IL,62040,(618) 798-3000,Acute Care Hospitals,Voluntary non-profit - Other,1,2.0,,,2026-07-31 00:22:03,3,2,0.9974666666666666,79.0,12.0,Medium
140127,CARLE BROMENN MEDICAL CENTER,1304 FRANKLIN AVENUE,NORMAL,MC LEAN,IL,61761,(309) 454-1400,Acute Care Hospitals,Voluntary non-profit - Church,1,3.0,,Y,2026-07-31 00:22:03,6,5,1.14395,1137.0,181.0,High
140130,NORTHWESTERN LAKE FOREST HOSPITAL,1000 N WESTMORELAND ROAD,LAKE FOREST,LAKE,IL,60045,(847) 234-5600,Acute Care Hospitals,Voluntary non-profit - Other,1,5.0,,Y,2026-07-31 00:22:03,5,2,0.9508600000000001,1322.0,221.0,Medium
140133,HOLY CROSS HOSPITAL,2701 W 68TH STREET,CHICAGO,COOK,IL,60629,(773) 884-9000,Acute Care Hospitals,Voluntary non-profit - Private,1,2.0,,,2026-07-31 00:22:03,3,1,1.0180666666666667,272.0,62.0,Low
140135,DECATUR MEMORIAL HOSPITAL,2300 NORTH EDWARD STREET,DECATUR,MACON,IL,62526,(217) 876-8121,Acute Care Hospitals,Voluntary non-profit - Other,1,3.0,,Y,2026-07-31 00:22:03,4,1,0.947375,1057.0,176.0,Low
140137,HSHS HOLY FAMILY HOSPITAL INC,200 HEALTH CARE DR,GREENVILLE,BOND,IL,62246,(618) 664-1230,Acute Care Hospitals,Voluntary non-profit - Church,1,3.0,,,2026-07-31 00:22:03,2,0,0.9734,0.0,0.0,Low
140145,ST JOSEPHS HOSPITAL,9515 HOLY CROSS LN,BREESE,CLINTON,IL,62230,(618) 526-4511,Acute Care Hospitals,Voluntary non-profit - Church,1,4.0,,Y,2026-07-31 00:22:03,3,0,0.9842,262.0,39.0,Low
140148,MEMORIAL MEDICAL CENTER,701 N FIRST ST,SPRINGFIELD,SANGAMON,IL,62702,(217) 788-3000,Acute Care Hospitals,Voluntary non-profit - Private,1,3.0,,Y,2026-07-31 00:22:03,5,2,0.99284,2160.0,352.0,Medium
140150,UNIVERSITY OF ILLINOIS HOSPITAL AND CLINICS,1740 WEST TAYLOR ST SUITE 1400,CHICAGO,COOK,IL,60612,(312) 996-3900,Acute Care Hospitals,Government - State,1,4.0,,Y,2026-07-31 00:22:03,5,3,1.02804,268.0,58.0,Medium
140155,PRESENCE ST MARYS HOSPITAL,500 W COURT ST,KANKAKEE,KANKAKEE,IL,60901,(815) 937-2490,Acute Care Hospitals,Voluntary non-profit - Church,1,4.0,29,Y,2026-07-31 00:22:03,5,0,0.9070600000000001,407.0,55.0,Low
140158,INSIGHT HOSPITAL AND MEDICAL CENTER CHICAGO,2525 S MICHIGAN AVE,CHICAGO,COOK,IL,60616,(312) 567-2000,Acute Care Hospitals,Voluntary non-profit - Private,1,1.0,,,2026-07-31 00:22:03,2,2,1.0213,57.0,11.0,Medium
140160,FHN MEMORIAL HOSPITAL,1045 WEST STEPHENSON STREET,FREEPORT,STEPHENSON,IL,61032,(815) 599-6000,Acute Care Hospitals,Voluntary non-profit - Private,1,3.0,,Y,2026-07-31 00:22:03,4,1,0.9484750000000001,337.0,35.0,Low
140161,SAINT JAMES HOSPITAL,2500 WEST REYNOLDS STREET,PONTIAC,LIVINGSTON,IL,61764,(815) 842-2828,Acute Care Hospitals,Voluntary non-profit - Church,0,4.0,,,2026-07-31 00:22:03,4,2,1.01445,242.0,38.0,Medium
140162,ST JOSEPH MEDICAL CENTER,2200 E WASHINGTON,BLOOMINGTON,MC LEAN,IL,61701,(309) 662-3311,Acute Care Hospitals,Voluntary non-profit - Church,1,2.0,,Y,2026-07-31 00:22:03,6,5,1.0264666666666666,953.0,160.0,High
140164,MEMORIAL HOSPITAL OF CARBONDALE,405 W JACKSON,CARBONDALE,JACKSON,IL,62901,(618) 549-0721,Acute Care Hospitals,Voluntary non-profit - Private,1,1.0,,Y,2026-07-31 00:22:03,5,3,1.02854,985.0,187.0,Medium
140166,ST MARYS HOSPITAL,1800 E LAKE SHORE DR,DECATUR,MACON,IL,62521,(217) 464-2966,Acute Care Hospitals,Voluntary non-profit - Private,1,1.0,,,2026-07-31 00:22:03,4,4,1.057625,875.0,186.0,High
140172,FRANCISCAN HEALTH OLYMPIA & CHICAGO HEIGHTS,20201 S CRAWFORD AVENUE,OLYMPIA FIELDS,COOK,IL,60461,(708) 747-4000,Acute Care Hospitals,Voluntary non-profit - Church,1,3.0,,Y,2026-07-31 00:22:03,5,5,1.03166,1028.0,215.0,High
140174,PRESENCE MERCY MEDICAL CENTER,1325 N HIGHLAND AVENUE,AURORA,KANE,IL,60506,(630) 859-2222,Acute Care Hospitals,Voluntary non-profit - Private,1,3.0,29,Y,2026-07-31 00:22:03,4,3,1.05795,500.0,108.0,Medium
140177,JACKSON PARK HOSPITAL,7531 S STONY ISLAND AVE,CHICAGO,COOK,IL,60649,(773) 947-7500,Acute Care Hospitals,Voluntary non-profit - Private,1,1.0,,,2026-07-31 00:22:03,2,2,1.041,69.0,25.0,Medium
140179,OSF LITTLE COMPANY OF MARY MEDICAL CENTER,2800 W 95TH ST,EVERGREEN PARK,COOK,IL,60805,(708) 422-6200,Acute Care Hospitals,Voluntary non-profit - Other,1,2.0,,Y,2026-07-31 00:22:03,4,4,1.098175,1158.0,268.0,High
140180,PRESENCE SAINTS MARY AND ELIZABETH MEDICAL CENTER,2233 W DIVISION ST,CHICAGO,COOK,IL,60622,(312) 770-2000,Acute Care Hospitals,Voluntary non-profit - Church,1,3.0,29,Y,2026-07-31 00:22:03,4,3,1.04605,370.0,88.0,Medium
140181,SOUTH SHORE HOSPITAL,8012 SOUTH CRANDON AVENUE,CHICAGO,COOK,IL,60617,(773) 356-5000,Acute Care Hospitals,Voluntary non-profit - Private,1,,16,,2026-07-31 00:22:03,1,1,1.0569,0.0,0.0,Low
140182,ADVOCATE ILLINOIS MASONIC MEDICAL CENTER,836 WEST WELLINGTON AVENUE,CHICAGO,COOK,IL,60657,(773) 975-1600,Acute Care Hospitals,Voluntary non-profit - Private,1,3.0,,Y,2026-07-31 00:22:03,4,2,1.037275,492.0,111.0,Medium
140184,HEARTLAND REGIONAL MEDICAL CENTER,3333 W DEYOUNG,MARION,WILLIAMSON,IL,62959,(618) 998-7000,Acute Care Hospitals,Proprietary,1,2.0,,,2026-07-31 00:22:03,4,3,1.04345,318.0,77.0,Medium
140185,MEMORIAL HOSPITAL,4500 MEMORIAL DRIVE,BELLEVILLE,ST. CLAIR,IL,62226,(618) 233-7750,Acute Care Hospitals,Voluntary non-profit - Private,1,5.0,,Y,2026-07-31 00:22:03,6,4,1.0245833333333334,1709.0,321.0,High
140186,RIVERSIDE MEDICAL CENTER,350 N WALL ST,KANKAKEE,KANKAKEE,IL,60901,(815) 933-1671,Acute Care Hospitals,Voluntary non-profit - Private,1,4.0,,Y,2026-07-31 00:22:03,5,2,0.99814,1186.0,203.0,Medium
140187,HSHS ST ELIZABETH'S HOSPITAL,ONE ST ELIZABETH BOULEVARD,O FALLON,ST. CLAIR,IL,62269,(618) 234-2120,Acute Care Hospitals,Voluntary non-profit - Church,1,4.0,,Y,2026-07-31 00:22:03,6,4,1.0113666666666667,1233.0,215.0,High
140189,SARAH BUSH LINCOLN HEALTH CENTER,1000 HEALTH CENTER DRIVE P O BOX 372,MATTOON,COLES,IL,61938,(217) 258-2513,Acute Care Hospitals,Voluntary non-profit - Private,1,3.0,,Y,2026-07-31 00:22:03,5,1,1.01354,1488.0,221.0,Low
140191,INGALLS MEMORIAL HOSPITAL,1 INGALLS DRIVE,HARVEY,COOK,IL,60426,(708) 333-2300,Acute Care Hospitals,Physician,1,2.0,,Y,2026-07-31 00:22:03,5,5,1.05312,761.0,176.0,High
140200,ELMHURST MEMORIAL HOSPITAL,155 EAST BRUSH HILL ROAD,ELMHURST,DU PAGE,IL,60126,(331) 221-1000,Acute Care Hospitals,Proprietary,1,3.0,,Y,2026-07-31 00:22:03,6,5,1.0556833333333333,3375.0,516.0,High
140202,ADVOCATE CONDELL MEDICAL CENTER,801 S MILWAUKEE AVE,LIBERTYVILLE,LAKE,IL,60048,(847) 362-2900,Acute Care Hospitals,Voluntary non-profit - Private,1,4.0,,Y,2026-07-31 00:22:03,6,2,0.9702000000000001,2298.0,419.0,Medium
140206,HUMBOLDT PARK HEALTH,1044 N FRANCISCO AVE,CHICAGO,COOK,IL,60622,(773) 292-8200,Acute Care Hospitals,Voluntary non-profit - Private,1,1.0,,Y,2026-07-31 00:22:03,3,3,1.0399,118.0,29.0,Medium
140208,ADVOCATE CHRIST HOSPITAL & MEDICAL CENTER,4440 W 95TH STREET,OAK LAWN,COOK,IL,60453,(708) 684-8000,Acute Care Hospitals,Voluntary non-profit - Church,1,3.0,,Y,2026-07-31 00:22:03,6,5,1.1201333333333332,2708.0,531.0,High
140209,CARLE HEALTH METHODIST HOSPITAL,221 N E GLEN OAK AVE,PEORIA,PEORIA,IL,61636,(309) 672-5522,Acute Care Hospitals,Voluntary non-profit - Private,1,2.0,,Y,2026-07-31 00:22:03,5,4,1.02792,996.0,190.0,High
140210,HARRISBURG MEDICAL CENTER,100 DOCTOR WARREN TUTTLE DR,HARRISBURG,SALINE,IL,62946,(618) 253-7671,Acute Care Hospitals,Voluntary non-profit - Other,1,2.0,,,2026-07-31 00:22:03,3,1,0.9808,0.0,0.0,Low
140211,NORTHWESTERN MEDICINE DELNOR COMMUNITY HOSPITAL,300 RANDALL RD,GENEVA,KANE,IL,60134,(630) 208-3000,Acute Care Hospitals,Voluntary non-profit - Private,1,5.0,,Y,2026-07-31 00:22:03,5,4,1.00458,1299.0,205.0,High
140213,SILVER CROSS HOSPITAL  AND MEDICAL CENTERS,1900 SILVER CROSS BLVD,NEW LENOX,WILL,IL,60451,(815) 300-1100,Acute Care Hospitals,Voluntary non-profit - Private,1,5.0,,Y,2026-07-31 00:22:03,6,3,0.9935333333333333,3180.0,586.0,Medium
140217,SAINT JOSEPH HOSPITAL-ELGIN,77 N AIRLITE STREET,ELGIN,KANE,IL,60123,(847) 695-3200,Acute Care Hospitals,Voluntary non-profit - Church,1,4.0,29,,2026-07-31 00:22:03,5,2,0.9897600000000001,329.0,51.0,Medium
140223,ADVOCATE LUTHERAN GENERAL HOSPITAL,1775 DEMPSTER ST,PARK RIDGE,COOK,IL,60068,(847) 723-2210,Acute Care Hospitals,Voluntary non-profit - Church,1,4.0,,Y,2026-07-31 00:22:03,6,4,1.0337333333333334,2893.0,518.0,High
140224,PRESENCE SAINT JOSEPH HOSPITAL - CHICAGO,2900 NORTH LAKE SHORE DRIVE,CHICAGO,COOK,IL,60657,(773) 665-3000,Acute Care Hospitals,Voluntary non-profit - Church,1,4.0,29,Y,2026-07-31 00:22:03,5,1,0.9797,291.0,53.0,Low
140228,UW HEALTH,1401 EAST STATE STREET,ROCKFORD,WINNEBAGO,IL,61104,(815) 968-4400,Acute Care Hospitals,Voluntary non-profit - Private,1,3.0,,Y,2026-07-31 00:22:03,5,5,1.08566,1312.0,262.0,High
140231,EDWARD HOSPITAL,801 SOUTH WASHINGTON,NAPERVILLE,DU PAGE,IL,60540,(630) 527-3000,Acute Care Hospitals,Voluntary non-profit - Private,1,3.0,,Y,2026-07-31 00:22:03,6,5,1.0712,2893.0,494.0,High
140233,SAINT ANTHONY MEDICAL CENTER,5666 EAST STATE STREET,ROCKFORD,WINNEBAGO,IL,61108,(815) 226-2000,Acute Care Hospitals,Voluntary non-profit - Church,1,2.0,,Y,2026-07-31 00:22:03,6,5,1.1090666666666666,1532.0,268.0,High
140239,JAVON BEA HOSPITAL,2400 NORTH ROCKTON AVENUE,ROCKFORD,WINNEBAGO,IL,61103,(815) 968-6861,Acute Care Hospitals,Voluntary non-profit - Private,1,3.0,,Y,2026-07-31 00:22:03,5,0,0.97082,651.0,105.0,Low
140242,NORTHWESTERN MEDICINE CENTRAL DUPAGE HOSPITAL,25 NORTH WINFIELD ROAD,WINFIELD,DU PAGE,IL,60190,(630) 682-1600,Acute Care Hospitals,Voluntary non-profit - Private,1,5.0,,Y,2026-07-31 00:22:03,6,2,0.9687666666666667,2291.0,383.0,Medium
140251,COMMUNITY FIRST MEDICAL CENTER,5645 W ADDISON STREET,CHICAGO,COOK,IL,60634,(773) 282-7000,Acute Care Hospitals,Proprietary,1,2.0,,,2026-07-31 00:22:03,4,1,1.000075,408.0,80.0,Low
140252,NORTHWEST COMMUNITY HOSPITAL 1,800 W CENTRAL ROAD,ARLINGTON HEIGHTS,COOK,IL,60005,(847) 618-1000,Acute Care Hospitals,Voluntary non-profit - Private,1,4.0,,Y,2026-07-31 00:22:03,6,3,1.0179166666666666,3581.0,496.0,Medium
140258,ALEXIAN BROTHERS MEDICAL CENTER 1,800 BIESTERFIELD RD,ELK GROVE VILLAGE,COOK,IL,60007,(847) 437-5500,Acute Care Hospitals,Voluntary non-profit - Private,1,3.0,29,Y,2026-07-31 00:22:03,6,5,1.0237166666666666,1977.0,339.0,High
140275,GENESIS HLTH SYSTEM DBA GENESIS MDL CTR-ILLINI,801 ILLINI DR,SILVIS,ROCK ISLAND,IL,61282,(309) 281-4000,Acute Care Hospitals,Government - Local,1,2.0,,Y,2026-07-31 00:22:03,5,0,0.94766,205.0,28.0,Low
140276,LOYOLA UNIVERSITY MEDICAL CENTER,2160 S 1ST AVENUE,MAYWOOD,COOK,IL,60153,(708) 216-9000,Acute Care Hospitals,Voluntary non-profit - Private,1,2.0,,Y,2026-07-31 00:22:03,6,5,1.0458166666666668,1154.0,227.0,High
140280,TRINITY ROCK ISLAND,2701 17TH ST,ROCK ISLAND,ROCK ISLAND,IL,61201,(309) 779-5000,Acute Care Hospitals,Voluntary non-profit - Private,1,3.0,,Y,2026-07-31 00:22:03,6,4,1.0283166666666668,1177.0,198.0,High
140281,NORTHWESTERN MEMORIAL HOSPITAL,251 E HURON ST,CHICAGO,COOK,IL,60611,(312) 926-2000,Acute Care Hospitals,Voluntary non-profit - Private,1,5.0,,Y,2026-07-31 00:22:03,6,3,1.01065,3003.0,519.0,Medium
140286,NORTHWESTERN MEDICINE KISHWAUKEE HOSPITAL,ONE  KISH HOSPITAL DRIVE,DEKALB,DE KALB,IL,60115,(815) 756-1521,Acute Care Hospitals,Voluntary non-profit - Private,1,5.0,,Y,2026-07-31 00:22:03,4,1,0.978125,886.0,138.0,Low
140288,ADVOCATE GOOD SAMARITAN HOSPITAL,3815 HIGHLAND AVENUE,DOWNERS GROVE,DU PAGE,IL,60515,(630) 275-5900,Acute Care Hospitals,Voluntary non-profit - Private,1,4.0,,Y,2026-07-31 00:22:03,6,3,1.0174833333333333,2068.0,365.0,Medium
140289,ANDERSON HOSPITAL,6800 STATE ROUTE 162,MARYVILLE,MADISON,IL,62062,(618) 288-5711,Acute Care Hospitals,Voluntary non-profit - Private,1,3.0,,Y,2026-07-31 00:22:03,5,4,1.0323,731.0,138.0,High
140290,ST ALEXIUS MEDICAL CENTER,1555 N BARRINGTON RD,HOFFMAN ESTATES,COOK,IL,60169,(847) 843-2000,Acute Care Hospitals,Voluntary non-profit - Church,1,5.0,29,Y,2026-07-31 00:22:03,5,1,0.9721399999999999,1284.0,212.0,Low
140291,ADVOCATE GOOD SHEPHERD HOSPITAL,450 WEST HIGHWAY 22,BARRINGTON,LAKE,IL,60010,(847) 381-9600,Acute Care Hospitals,Voluntary non-profit - Private,1,5.0,,Y,2026-07-31 00:22:03,6,4,1.0598833333333333,1867.0,338.0,High
140292,UCHICAGO MEDICINE ADVENTHEALTH GLENOAKS,701 WINTHROP AVENUE,GLENDALE HEIGHTS,DU PAGE,IL,60139,(630) 545-8000,Acute Care Hospitals,Voluntary non-profit - Other,1,3.0,,,2026-07-31 00:22:03,4,4,1.024175,275.0,56.0,High
140294,DEACONESS ILLINOIS CROSSROADS,8 DOCTORS PARK RD,MOUNT VERNON,JEFFERSON,IL,62864,(618) 244-5500,Acute Care Hospitals,Proprietary,1,,16,,2026-07-31 00:22:03,2,1,1.0145,58.0,11.0,Low
140304,UCHICAGO MEDICINE ADVENTHEALTH BOLINGBROOK,500 REMINGTON BOULEVARD,BOLINGBROOK,WILL,IL,60440,(630) 312-5000,Acute Care Hospitals,Voluntary non-profit - Private,1,3.0,,Y,2026-07-31 00:22:03,4,3,1.017275,467.0,96.0,Medium
150001,JOHNSON MEMORIAL HOSPITAL,1125 W JEFFERSON ST,FRANKLIN,JOHNSON,IN,46131,(317) 736-3300,Acute Care Hospitals,Government - Local,1,5.0,,Y,2026-07-31 00:22:03,3,1,0.9807333333333333,240.0,34.0,Low
150002,METHODIST HOSPITALS INC,600 GRANT ST,GARY,LAKE,IN,46402,(219) 886-4000,Acute Care Hospitals,Voluntary non-profit - Private,1,1.0,,Y,2026-07-31 00:22:03,4,4,1.08535,943.0,210.0,High
150005,HENDRICKS REGIONAL HEALTH,1000 E MAIN ST,DANVILLE,HENDRICKS,IN,46122,(317) 745-4451,Acute Care Hospitals,Government - Local,1,5.0,,Y,2026-07-31 00:22:03,5,2,0.9744399999999999,655.0,99.0,Medium
150006,NORTHWEST HEALTH-LA PORTE,1007 LINCOLNWAY,LA PORTE,LA PORTE,IN,46350,(219) 326-1234,Acute Care Hospitals,Voluntary non-profit - Private,1,3.0,,Y,2026-07-31 00:22:03,4,3,1.0569250000000001,674.0,143.0,Medium
150007,COMMUNITY HOWARD REGIONAL HEALTH INC.,3500 S LAFOUNTAIN ST,KOKOMO,HOWARD,IN,46902,(765) 776-8000,Acute Care Hospitals,Voluntary non-profit - Private,1,4.0,,Y,2026-07-31 00:22:03,5,0,0.94862,470.0,74.0,Low
150008,ST CATHERINE HOSPITAL INC,4321 FIR STREET,EAST CHICAGO,LAKE,IN,46312,(219) 392-7004,Acute Care Hospitals,Voluntary non-profit - Private,1,4.0,,Y,2026-07-31 00:22:03,3,1,1.0067333333333333,286.0,58.0,Low
150009,NORTON CLARK HOSPITAL,1220 MISSOURI AVE,JEFFERSONVILLE,CLARK,IN,47130,(812) 283-2147,Acute Care Hospitals,Voluntary non-profit - Other,1,3.0,,Y,2026-07-31 00:22:03,4,1,0.9695,939.0,148.0,Low
150010,ASCENSION ST VINCENT KOKOMO,1907 W SYCAMORE ST,KOKOMO,HOWARD,IN,46904,(765) 452-5611,Acute Care Hospitals,Voluntary non-profit - Church,1,4.0,29,Y,2026-07-31 00:22:03,4,2,1.008775,379.0,63.0,Medium
150011,MARION GENERAL HOSPITAL,441 N WABASH AVE,MARION,GRANT,IN,46952,(765) 660-6000,Acute Care Hospitals,Voluntary non-profit - Private,1,3.0,,Y,2026-07-31 00:22:03,4,2,1.0041499999999999,535.0,90.0,Medium
150012,SAINT JOSEPH REGIONAL MEDICAL CENTER,5215 HOLY CROSS PKWY,MISHAWAKA,ST. JOSEPH,IN,46545,(574) 335-5000,Acute Care Hospitals,Voluntary non-profit - Private,1,2.0,,Y,2026-07-31 00:22:03,5,2,1.00122,1136.0,188.0,Medium
150015,FRANCISCAN HEALTH MICHIGAN CITY,3500 FRANCISCAN WAY,MICHIGAN CITY,LA PORTE,IN,46360,(219) 879-8511,Acute Care Hospitals,Voluntary non-profit - Church,1,3.0,,Y,2026-07-31 00:22:03,5,5,1.08554,913.0,183.0,High
150017,LUTHERAN HOSPITAL OF INDIANA,7950 W JEFFERSON BLVD,FORT WAYNE,ALLEN,IN,46804,(260) 435-7001,Acute Care Hospitals,Proprietary,1,3.0,,Y,2026-07-31 00:22:03,5,1,0.9926999999999999,1319.0,227.0,Low
150018,ELKHART GENERAL HOSPITAL,600 E BLVD,ELKHART,ELKHART,IN,46514,(574) 294-2621,Acute Care Hospitals,Government - Local,1,4.0,,Y,2026-07-31 00:22:03,6,3,0.9759000000000001,1074.0,152.0,Medium
150021,PARKVIEW REGIONAL MEDICAL CENTER,11109 PARKVIEW PLAZA DRIVE,FORT WAYNE,ALLEN,IN,46845,(260) 266-1195,Acute Care Hospitals,Voluntary non-profit - Private,1,3.0,,Y,2026-07-31 00:22:03,5,3,0.9926400000000001,2415.0,372.0,Medium
150022,FRANCISCAN HEALTH CRAWFORDSVILLE,1710 LAFAYETTE RD,CRAWFORDSVILLE,MONTGOMERY,IN,47933,(765) 362-2800,Acute Care Hospitals,Voluntary non-profit - Church,1,5.0,,,2026-07-31 00:22:03,3,1,0.9884,192.0,33.0,Low
150023,UNION HOSPITAL INC,1606 N SEVENTH ST,TERRE HAUTE,VIGO,IN,47804,(812) 238-7606,Acute Care Hospitals,Voluntary non-profit - Private,1,3.0,,Y,2026-07-31 00:22:03,6,3,1.0685,2214.0,446.0,Medium
150024,ESKENAZI HEALTH,720 ESKENAZI AVENUE,INDIANAPOLIS,MARION,IN,46202,(317) 880-4818,Acute Care Hospitals,Government - Local,1,3.0,,Y,2026-07-31 00:22:03,4,4,1.033975,349.0,79.0,High
150026,GOSHEN HOSPITAL,200 HIGH PARK AVE,GOSHEN,ELKHART,IN,46526,(574) 364-1000,Acute Care Hospitals,Voluntary non-profit - Private,1,3.0,,Y,2026-07-31 00:22:03,4,1,0.978525,488.0,65.0,Low
150030,HENRY COUNTY MEMORIAL HOSPITAL,1000 N 16TH ST,NEW CASTLE,HENRY,IN,47362,(765) 521-0890,Acute Care Hospitals,Government - Local,1,4.0,,Y,2026-07-31 00:22:03,4,2,0.954575,342.0,60.0,Medium
150034,ST MARY MEDICAL CENTER INC,1500 S LAKE PARK AVE,HOBART,LAKE,IN,46342,(219) 947-6196,Acute Care Hospitals,Voluntary non-profit - Private,1,3.0,,Y,2026-07-31 00:22:03,6,3,1.0131166666666667,1409.0,223.0,Medium
150035,NORTHWEST HEALTH - PORTER,85 EAST US HWY 6,VALPARAISO,PORTER,IN,46383,(219) 983-8300,Acute Care Hospitals,Proprietary,1,2.0,,Y,2026-07-31 00:22:03,6,2,1.0302,1669.0,306.0,Medium
150037,HANCOCK REGIONAL HOSPITAL,801 N STATE ST,GREENFIELD,HANCOCK,IN,46140,(317) 462-5544,Acute Care Hospitals,Government - Local,1,4.0,,Y,2026-07-31 00:22:03,4,2,0.9998750000000001,356.0,63.0,Medium
150042,GOOD SAMARITAN HOSPITAL,520 S 7TH ST,VINCENNES,KNOX,IN,47591,(812) 882-5220,Acute Care Hospitals,Voluntary non-profit - Other,1,2.0,,Y,2026-07-31 00:22:03,5,2,1.01634,903.0,155.0,Medium
150044,BAPTIST HEALTH FLOYD,1850 STATE ST,NEW ALBANY,FLOYD,IN,47150,(812) 944-7701,Acute Care Hospitals,Voluntary non-profit - Private,1,3.0,,Y,2026-07-31 00:22:03,6,2,0.9879166666666667,2141.0,407.0,Medium
150045,PARKVIEW DEKALB HOSPITAL,1316 E SEVENTH ST,AUBURN,DE KALB,IN,46706,(260) 925-4600,Acute Care Hospitals,Voluntary non-profit - Private,1,3.0,,,2026-07-31 00:22:03,3,3,1.0316,62.0,15.0,Medium
150046,TERRE HAUTE REGIONAL HOSPITAL,3901 S SEVENTH ST,TERRE HAUTE,VIGO,IN,47802,(812) 232-0021,Acute Care Hospitals,Proprietary,1,2.0,,Y,2026-07-31 00:22:03,5,5,1.06708,581.0,125.0,High
150047,"ST JOSEPH HEALTH SYSTEM, LLC",702 VAN BUREN ST.,FORT WAYNE,ALLEN,IN,46802,(260) 425-3000,Acute Care Hospitals,Proprietary,1,4.0,,,2026-07-31 00:22:03,2,1,1.00165,0.0,0.0,Low
150048,REID HEALTH,1100 REID PKWY,RICHMOND,WAYNE,IN,47374,(765) 983-3000,Acute Care Hospitals,Voluntary non-profit - Private,1,2.0,,Y,2026-07-31 00:22:03,6,3,1.0485333333333333,1886.0,338.0,Medium
150051,INDIANA UNIVERSITY HEALTH BLOOMINGTON HOSPITAL,601 W SECOND ST,BLOOMINGTON,MONROE,IN,47403,(812) 353-9554,Acute Care Hospitals,Voluntary non-profit - Private,1,3.0,,Y,2026-07-31 00:22:03,6,0,0.9296666666666668,1314.0,177.0,Low
150056,INDIANA UNIVERSITY HEALTH,1701 N SENATE BLVD,INDIANAPOLIS,MARION,IN,46202,(317) 962-2000,Acute Care Hospitals,Voluntary non-profit - Private,1,3.0,,Y,2026-07-31 00:22:03,6,1,0.9892333333333333,1353.0,233.0,Low
150057,FRANCISCAN HEALTH MOORESVILLE,1201 HADLEY RD,MOORESVILLE,MORGAN,IN,46158,(317) 831-1160,Acute Care Hospitals,Voluntary non-profit - Church,1,5.0,,Y,2026-07-31 00:22:03,4,2,0.96175,284.0,48.0,Medium
150058,MEMORIAL HOSPITAL OF SOUTH BEND,615 N MICHIGAN ST,SOUTH BEND,ST. JOSEPH,IN,46601,(574) 647-1000,Acute Care Hospitals,Voluntary non-profit - Private,1,2.0,,Y,2026-07-31 00:22:03,6,1,0.9749,1184.0,183.0,Low
150059,RIVERVIEW HEALTH,395 WESTFIELD RD,NOBLESVILLE,HAMILTON,IN,46060,(317) 773-0760,Acute Care Hospitals,Government - Local,1,4.0,,Y,2026-07-31 00:22:03,4,2,0.99475,442.0,74.0,Medium
150061,DAVIESS COMMUNITY HOSPITAL,1314 E WALNUT ST,WASHINGTON,DAVIESS,IN,47501,(812) 254-2760,Acute Care Hospitals,Government - Local,1,3.0,,Y,2026-07-31 00:22:03,3,0,0.9620666666666667,0.0,0.0,Low
150065,SCHNECK MEDICAL CENTER,411 W TIPTON ST,SEYMOUR,JACKSON,IN,47274,(812) 522-2349,Acute Care Hospitals,Government - Local,1,4.0,,Y,2026-07-31 00:22:03,3,0,0.9295666666666667,0.0,0.0,Low
150069,NORTON-KING'S DAUGHTERS' HEALTH,1373 EAST SR 62,MADISON,JEFFERSON,IN,47250,(812) 801-0800,Acute Care Hospitals,Voluntary non-profit - Private,1,2.0,,Y,2026-07-31 00:22:03,3,2,0.9931333333333333,366.0,56.0,Medium
150072,MEMORIAL HOSPITAL,1101 MICHIGAN AVE,LOGANSPORT,CASS,IN,46947,(574) 753-7541,Acute Care Hospitals,Government - Local,1,4.0,,Y,2026-07-31 00:22:03,3,0,0.9426666666666667,0.0,0.0,Low
150074,COMMUNITY HOSPITAL EAST,1500 N RITTER AVE,INDIANAPOLIS,MARION,IN,46219,(317) 355-5411,Acute Care Hospitals,Voluntary non-profit - Private,1,3.0,,Y,2026-07-31 00:22:03,6,3,1.0262666666666667,1391.0,246.0,Medium
150075,BLUFFTON REGIONAL MEDICAL CENTER,303 S MAIN ST,BLUFFTON,WELLS,IN,46714,(260) 824-3210,Acute Care Hospitals,Proprietary,1,4.0,,Y,2026-07-31 00:22:03,3,1,0.9855333333333333,0.0,0.0,Low
150076,SAINT JOSEPH REGIONAL MEDICAL CENTER - PLYMOUTH,1915 LAKE AVE,PLYMOUTH,MARSHALL,IN,46563,(574) 948-4000,Acute Care Hospitals,Voluntary non-profit - Church,1,4.0,,,2026-07-31 00:22:03,3,1,0.9607,127.0,18.0,Low
150082,DEACONESS HOSPITAL INC,600 MARY ST,EVANSVILLE,VANDERBURGH,IN,47747,(812) 450-5000,Acute Care Hospitals,Voluntary non-profit - Private,1,2.0,,,2026-07-31 00:22:03,6,3,1.04565,3766.0,631.0,Medium
150084,ASCENSION ST VINCENT HOSPITAL,2001 W 86TH ST,INDIANAPOLIS,MARION,IN,46260,(317) 338-7000,Acute Care Hospitals,Voluntary non-profit - Church,1,2.0,29,Y,2026-07-31 00:22:03,6,4,1.0159166666666668,1166.0,218.0,High
150086,ST ELIZABETH DEARBORN HOSPITAL,600 WILSON CREEK RD,LAWRENCEBURG,DEARBORN,IN,47025,(812) 537-1010,Acute Care Hospitals,Government - Local,1,5.0,,,2026-07-31 00:22:03,4,2,0.99115,425.0,86.0,Medium
150088,ASCENSION ST VINCENT ANDERSON,2015 JACKSON ST,ANDERSON,MADISON,IN,46016,(765) 649-2511,Acute Care Hospitals,Voluntary non-profit - Private,1,2.0,29,Y,2026-07-31 00:22:03,4,3,1.01765,369.0,78.0,Medium
150089,INDIANA UNIVERSITY HEALTH BALL MEMORIAL HOSPITAL,2401 UNIVERSITY AVE,MUNCIE,DELAWARE,IN,47303,(765) 747-3111,Acute Care Hospitals,Voluntary non-profit - Private,1,3.0,,Y,2026-07-31 00:22:03,6,2,0.9906833333333332,2172.0,360.0,Medium
150090,FRANCISCAN HEALTH DYER,24 JOLIET ST,DYER,LAKE,IN,46311,(219) 865-2141,Acute Care Hospitals,Voluntary non-profit - Church,1,2.0,,Y,2026-07-31 00:22:03,4,3,1.0231,761.0,160.0,Medium
150091,PARKVIEW HUNTINGTON HOSPITAL,2001 STULTS RD,HUNTINGTON,HUNTINGTON,IN,46750,(260) 355-3300,Acute Care Hospitals,Voluntary non-profit - Private,1,4.0,,Y,2026-07-31 00:22:03,3,1,1.0114333333333334,73.0,18.0,Low
150097,MAJOR HOSPITAL,2451 INTELLIPLEX DR,SHELBYVILLE,SHELBY,IN,46176,(317) 392-3211,Acute Care Hospitals,Government - Local,1,4.0,,Y,2026-07-31 00:22:03,3,2,1.0153666666666668,337.0,67.0,Medium
150100,ASCENSION ST VINCENT EVANSVILLE,3700 WASHINGTON AVE,EVANSVILLE,VANDERBURGH,IN,47750,(812) 485-4000,Acute Care Hospitals,Voluntary non-profit - Private,1,4.0,29,Y,2026-07-31 00:22:03,6,2,0.9160166666666667,1548.0,159.0,Medium
150101,PARKVIEW WHITLEY HOSPITAL,1260 E SR 205,COLUMBIA CITY,WHITLEY,IN,46725,(260) 248-9301,Acute Care Hospitals,Voluntary non-profit - Private,1,4.0,,Y,2026-07-31 00:22:03,2,1,0.95635,80.0,14.0,Low
150102,NORTHWEST HEALTH - STARKE,102 E CULVER RD,KNOX,STARKE,IN,46534,(574) 772-6231,Acute Care Hospitals,Proprietary,1,1.0,,Y,2026-07-31 00:22:03,3,3,1.0398333333333334,31.0,11.0,Medium
150104,WITHAM HEALTH SERVICES,2605 N LEBANON ST,LEBANON,BOONE,IN,46052,(765) 485-8000,Acute Care Hospitals,Government - Local,1,4.0,,Y,2026-07-31 00:22:03,5,3,1.02532,234.0,41.0,Medium
150109,FRANCISCAN HEALTH LAFAYETTE,1701 S CREASY LN,LAFAYETTE,TIPPECANOE,IN,47905,(765) 502-4334,Acute Care Hospitals,Voluntary non-profit - Church,1,3.0,,Y,2026-07-31 00:22:03,6,2,0.9894666666666666,1105.0,190.0,Medium
150112,COLUMBUS REGIONAL HOSPITAL,2400 E 17TH ST,COLUMBUS,BARTHOLOMEW,IN,47201,(812) 379-4441,Acute Care Hospitals,Government - Local,1,4.0,,Y,2026-07-31 00:22:03,6,4,1.02305,1310.0,235.0,High
150113,COMMUNITY HOSPITAL OF ANDERSON AND MADISON COUNTY,1515 N MADISON AVE,ANDERSON,MADISON,IN,46011,(765) 298-4242,Acute Care Hospitals,Voluntary non-profit - Private,1,3.0,,Y,2026-07-31 00:22:03,5,1,0.9395199999999999,538.0,76.0,Low
150115,MEMORIAL HOSPITAL AND HEALTH CARE CENTER,800 W 9TH ST,JASPER,DUBOIS,IN,47546,(812) 996-2345,Acute Care Hospitals,Voluntary non-profit - Private,1,4.0,,Y,2026-07-31 00:22:03,5,1,0.9289799999999999,887.0,117.0,Low
150125,COMMUNITY HOSPITAL,901 MACARTHUR BLVD,MUNSTER,LAKE,IN,46321,(219) 836-1600,Acute Care Hospitals,Voluntary non-profit - Private,1,3.0,,Y,2026-07-31 00:22:03,6,4,1.0485499999999999,2408.0,510.0,High
150126,FRANCISCAN HEALTH CROWN POINT,1201 S MAIN ST,CROWN POINT,LAKE,IN,46307,(219) 757-6100,Acute Care Hospitals,Voluntary non-profit - Church,1,3.0,,Y,2026-07-31 00:22:03,6,3,1.0135166666666666,1393.0,236.0,Medium
150128,"COMMUNITY HOSPITAL SOUTH, INC.",1402 E COUNTY LINE RD S,INDIANAPOLIS,MARION,IN,46227,(317) 887-7000,Acute Care Hospitals,Voluntary non-profit - Private,1,3.0,,Y,2026-07-31 00:22:03,5,2,0.99936,929.0,167.0,Medium
150133,KOSCIUSKO COMMUNITY HOSPITAL,2101 E DUBOIS DR,WARSAW,KOSCIUSKO,IN,46580,(574) 267-3200,Acute Care Hospitals,Proprietary,1,4.0,,Y,2026-07-31 00:22:03,3,2,1.0119333333333334,374.0,66.0,Medium
150146,PARKVIEW NOBLE HOSPITAL,401 SAWYER RD,KENDALLVILLE,NOBLE,IN,46755,(260) 347-8700,Acute Care Hospitals,Voluntary non-profit - Private,1,3.0,,Y,2026-07-31 00:22:03,3,2,1.0257666666666667,170.0,36.0,Medium
150150,DUPONT HOSPITAL LLC,2520 E DUPONT RD,FORT WAYNE,ALLEN,IN,46825,(260) 416-3000,Acute Care Hospitals,Proprietary,1,4.0,,Y,2026-07-31 00:22:03,3,1,1.0200333333333333,70.0,18.0,Low
150153,ST VINCENT HEART CENTER,10580 N MERIDIAN ST,CARMEL,HAMILTON,IN,46290,(317) 583-5000,Acute Care Hospitals,Proprietary,1,5.0,29,,2026-07-31 00:22:03,3,0,0.9097333333333334,1109.0,121.0,Low
150157,ASCENSION ST VINCENT CARMEL,13500 N MERIDIAN ST,CARMEL,HAMILTON,IN,46032,(317) 582-7000,Acute Care Hospitals,Voluntary non-profit - Private,1,3.0,29,Y,2026-07-31 00:22:03,3,1,0.9851333333333333,207.0,31.0,Low
150158,IU HEALTH WEST HOSPITAL,1111 N RONALD REAGAN PKWY,AVON,HENDRICKS,IN,46123,(317) 217-3000,Acute Care Hospitals,Proprietary,1,4.0,,Y,2026-07-31 00:22:03,5,1,1.01732,954.0,159.0,Low
150160,ORTHOINDY HOSPITAL,8400 NORTHWEST BLVD,INDIANAPOLIS,MARION,IN,46278,(317) 956-1000,Acute Care Hospitals,Physician,0,,16,,2026-07-31 00:22:03,1,0,0.6642,578.0,13.0,Low
150161,INDIANA UNIVERSITY HEALTH NORTH HOSPITAL,11700 N MERIDIAN ST,CARMEL,HAMILTON,IN,46032,(317) 688-2000,Acute Care Hospitals,Voluntary non-profit - Private,1,4.0,,Y,2026-07-31 00:22:03,4,3,0.975275,541.0,77.0,Medium
150162,FRANCISCAN HEALTH INDIANAPOLIS,8111 S EMERSON AVE,INDIANAPOLIS,MARION,IN,46237,(317) 528-5000,Acute Care Hospitals,Voluntary non-profit - Church,1,4.0,,Y,2026-07-31 00:22:03,5,4,1.01462,2382.0,412.0,High
150165,FRANCISCAN HEALTH MUNSTER,701 SUPERIOR AVE,MUNSTER,LAKE,IN,46321,(219) 922-4200,Acute Care Hospitals,Voluntary non-profit - Private,1,3.0,,,2026-07-31 00:22:03,5,4,1.04292,466.0,105.0,High
150166,PINNACLE HOSPITAL,9301 CONNECTICUT DR,CROWN POINT,LAKE,IN,46307,(219) 756-2100,Acute Care Hospitals,Physician,0,,16,,2026-07-31 00:22:03,1,0,0.8787,0.0,0.0,Low
150168,THE ORTHOPAEDIC HOSPITAL OF LUTHERAN HEALTH NETWOR,7952 W JEFFERSON BLVD,FT WAYNE,ALLEN,IN,46804,(260) 435-2999,Acute Care Hospitals,Proprietary,0,,16,,2026-07-31 00:22:03,1,0,0.9093,0.0,0.0,Low
150169,COMMUNITY HOSPITAL NORTH,7150 CLEARVISTA DR,INDIANAPOLIS,MARION,IN,46256,(317) 621-5335,Acute Care Hospitals,Voluntary non-profit - Private,1,3.0,,Y,2026-07-31 00:22:03,4,1,0.944175,724.0,124.0,Low
150173,INDIANA UNIVERSITY HEALTH ARNETT HOSPITAL,5165 MCCARTY LN,LAFAYETTE,TIPPECANOE,IN,47905,(765) 448-8000,Acute Care Hospitals,Voluntary non-profit - Private,1,4.0,,Y,2026-07-31 00:22:03,6,2,0.9852,1391.0,226.0,Medium
150177,UNITY PHYSICIANS HOSPITAL,4455 EDISON LAKES PKWY,MISHAWAKA,ST. JOSEPH,IN,46545,(574) 231-6800,Acute Care Hospitals,Physician,0,,16,,2026-07-31 00:22:03,1,0,0.9531,0.0,0.0,Low
150181,ASCENSION ST VINCENT FISHERS,13861 OLIO ROAD,FISHERS,HAMILTON,IN,46037,(317) 415-9000,Acute Care Hospitals,Voluntary non-profit - Private,1,4.0,29,Y,2026-07-31 00:22:03,3,1,0.9737,0.0,0.0,Low
150183,MONROE HOSPITAL,4011 S MONROE MEDICAL PARK BLVD,BLOOMINGTON,MONROE,IN,47403,(812) 825-1111,Acute Care Hospitals,Proprietary,1,4.0,,,2026-07-31 00:22:03,3,0,0.9779333333333334,206.0,27.0,Low
160001,UNITYPOINT HEALTH - MARSHALLTOWN,55 UNITYPOINT WAY,MARSHALLTOWN,MARSHALL,IA,50158,(641) 754-5151,Acute Care Hospitals,Voluntary non-profit - Private,1,3.0,,,2026-07-31 00:22:03,3,1,0.9824999999999999,213.0,29.0,Low
160013,TRINITY MUSCATINE,1518 MULBERRY AVENUE,MUSCATINE,MUSCATINE,IA,52761,(563) 264-9100,Acute Care Hospitals,Voluntary non-profit - Private,1,4.0,,,2026-07-31 00:22:03,3,0,0.9618666666666668,190.0,24.0,Low
160016,TRINITY REGIONAL MEDICAL CENTER,802 KENYON RD,FORT DODGE,WEBSTER,IA,50501,(515) 573-3101,Acute Care Hospitals,Voluntary non-profit - Private,1,2.0,,Y,2026-07-31 00:22:03,4,0,0.94725,474.0,72.0,Low
160028,CHI HEALTH MERCY COUNCIL BLUFFS,800 MERCY DRIVE,COUNCIL BLUFFS,POTTAWATTAMIE,IA,51503,(712) 328-5000,Acute Care Hospitals,Voluntary non-profit - Private,1,5.0,,Y,2026-07-31 00:22:03,3,2,0.9905666666666667,262.0,45.0,Medium
160029,UNIVERSITY OF IOWA HEALTH CARE MEDICAL CENTER DOWN,500 E MARKET STREET,IOWA CITY,JOHNSON,IA,52245,(319) 339-0300,Acute Care Hospitals,Voluntary non-profit - Church,1,4.0,,Y,2026-07-31 00:22:03,5,3,0.9757199999999999,933.0,154.0,Medium
160030,MARY GREELEY MEDICAL CENTER,1111 DUFF AVENUE,AMES,STORY,IA,50010,(515) 239-2011,Acute Care Hospitals,Government - Local,1,4.0,,Y,2026-07-31 00:22:03,5,1,0.9441200000000001,1229.0,171.0,Low
160032,MERCYONE NEWTON MEDICAL CENTER,204 N 4TH AVE E,NEWTON,JASPER,IA,50208,(641) 792-1273,Acute Care Hospitals,Voluntary non-profit - Private,1,4.0,,,2026-07-31 00:22:03,2,0,0.90195,0.0,0.0,Low
160033,GENESIS MEDICAL CENTER-DAVENPORT,1227 EAST RUSHOLME STREET,DAVENPORT,SCOTT,IA,52803,(563) 421-1000,Acute Care Hospitals,Voluntary non-profit - Private,1,2.0,,Y,2026-07-31 00:22:03,6,4,1.0648833333333334,2124.0,370.0,High
160040,"SARTORI MEMORIAL HOSPITAL, INC",515 COLLEGE STREET,CEDAR FALLS,BLACK HAWK,IA,50613,(319) 268-3000,Acute Care Hospitals,Voluntary non-profit - Church,1,,16,,2026-07-31 00:22:03,1,0,0.8372,0.0,0.0,Low
160045,ST LUKES HOSPITAL,1026 A AVE NE,CEDAR RAPIDS,LINN,IA,52402,(319) 369-7211,Acute Care Hospitals,Voluntary non-profit - Private,1,4.0,,Y,2026-07-31 00:22:03,6,2,1.0063,1667.0,257.0,Medium
160047,METHODIST JENNIE EDMUNDSON,933 EAST PIERCE STREET,COUNCIL BLUFFS,POTTAWATTAMIE,IA,51503,(712) 396-6000,Acute Care Hospitals,Voluntary non-profit - Private,1,3.0,,Y,2026-07-31 00:22:03,5,1,0.9796199999999999,612.0,103.0,Low
160057,SOUTHEAST IOWA REGIONAL MEDICAL CENTER,1221 SOUTH GEAR AVENUE,WEST BURLINGTON,DES MOINES,IA,52655,(319) 768-1000,Acute Care Hospitals,Voluntary non-profit - Private,1,4.0,,Y,2026-07-31 00:22:03,5,1,0.97248,1174.0,171.0,Low
160058,UNIVERSITY OF IOWA HOSPITAL & CLINICS,200 HAWKINS DRIVE,IOWA CITY,JOHNSON,IA,52242,(319) 356-1616,Acute Care Hospitals,Government - State,1,2.0,,Y,2026-07-31 00:22:03,6,0,0.9620333333333333,1342.0,211.0,Low
160064,MERCYONE NORTH IOWA MEDICAL CENTER,1000 FOURTH STREET SW,MASON CITY,CERRO GORDO,IA,50401,(641) 428-7000,Acute Care Hospitals,Voluntary non-profit - Private,1,2.0,,Y,2026-07-31 00:22:03,6,2,1.0014666666666667,1574.0,245.0,Medium
160067,MERCYONE WATERLOO MEDICAL CENTER,3421 WEST NINTH STREET,WATERLOO,BLACK HAWK,IA,50702,(319) 272-8000,Acute Care Hospitals,Voluntary non-profit - Church,1,4.0,,Y,2026-07-31 00:22:03,5,0,0.90228,319.0,38.0,Low
160069,MERCYONE DUBUQUE MEDICAL CENTER,250 MERCY DRIVE,DUBUQUE,DUBUQUE,IA,52001,(563) 589-8000,Acute Care Hospitals,Voluntary non-profit - Church,1,3.0,,Y,2026-07-31 00:22:03,4,1,0.962825,391.0,60.0,Low
160079,MERCY MEDICAL CENTER - CEDAR RAPIDS,701 10TH STREET SE,CEDAR RAPIDS,LINN,IA,52403,(319) 398-6011,Acute Care Hospitals,Voluntary non-profit - Church,1,4.0,,Y,2026-07-31 00:22:03,6,1,0.9344,1331.0,194.0,Low
160080,MERCYONE CLINTON MEDICAL CENTER,1410 NORTH 4TH STREET,CLINTON,CLINTON,IA,52732,(563) 244-5555,Acute Care Hospitals,Voluntary non-profit - Private,1,4.0,,Y,2026-07-31 00:22:03,4,1,0.981375,586.0,100.0,Low
160082,UNITYPOINT HEALTH - DES MOINES IOWA METHODIST MEDI,1200 PLEASANT STREET,DES MOINES,POLK,IA,50309,(515) 343-1000,Acute Care Hospitals,Voluntary non-profit - Private,1,3.0,,Y,2026-07-31 00:22:03,6,1,0.9463499999999999,4063.0,450.0,Low
160083,MERCYONE DES MOINES MEDICAL CENTER,1111 6TH AVE,DES MOINES,POLK,IA,50314,(515) 247-4436,Acute Care Hospitals,Voluntary non-profit - Private,1,1.0,,Y,2026-07-31 00:22:03,6,1,0.9274166666666667,2343.0,285.0,Low
160089,OTTUMWA REGIONAL HEALTH CENTER,1001 E PENNSYLVANIA,OTTUMWA,WAPELLO,IA,52501,(641) 682-7511,Acute Care Hospitals,Proprietary,1,2.0,,Y,2026-07-31 00:22:03,3,0,0.9510333333333333,82.0,14.0,Low
160104,TRINITY - BETTENDORF,4500 UTICA RIDGE ROAD,BETTENDORF,SCOTT,IA,52722,(563) 742-5000,Acute Care Hospitals,Voluntary non-profit - Private,1,3.0,,Y,2026-07-31 00:22:03,5,2,1.00062,239.0,33.0,Medium
160110,ALLEN HOSPITAL,1825 LOGAN AVENUE,WATERLOO,BLACK HAWK,IA,50703,(319) 235-3941,Acute Care Hospitals,Voluntary non-profit - Private,1,3.0,,Y,2026-07-31 00:22:03,6,2,0.9800166666666668,1101.0,147.0,Medium
160112,SPENCER MUNICIPAL HOSPITAL,1200 1ST AVENUE EAST,SPENCER,CLAY,IA,51301,(712) 264-6198,Acute Care Hospitals,Government - Local,1,4.0,,Y,2026-07-31 00:22:03,4,2,0.9604250000000001,301.0,51.0,Medium
160117,FINLEY HOSPITAL,350 NORTH GRANDVIEW AVENUE,DUBUQUE,DUBUQUE,IA,52001,(563) 582-1881,Acute Care Hospitals,Voluntary non-profit - Private,1,3.0,,Y,2026-07-31 00:22:03,5,3,0.9933800000000002,315.0,48.0,Medium
160124,LAKES REGIONAL HEALTHCARE,2301 HIGHWAY 71,SPIRIT LAKE,DICKINSON,IA,51360,(712) 336-1230,Acute Care Hospitals,Government - Local,1,2.0,,Y,2026-07-31 00:22:03,4,3,1.06915,217.0,40.0,Medium
160146,ST LUKES REGIONAL MEDICAL CENTER,2720 STONE PARK BOULEVARD,SIOUX CITY,WOODBURY,IA,51104,(712) 279-3500,Acute Care Hospitals,Voluntary non-profit - Private,1,2.0,,Y,2026-07-31 00:22:03,4,0,0.944025,700.0,91.0,Low
160147,GRINNELL REGIONAL MEDICAL CENTER,210 FOURTH AVENUE,GRINNELL,POWESHIEK,IA,50112,(641) 236-7511,Acute Care Hospitals,Voluntary non-profit - Private,1,2.0,,Y,2026-07-31 00:22:03,3,0,0.9737333333333332,0.0,0.0,Low
160153,MERCYONE SIOUXLAND MEDICAL CENTER,801 5TH ST,SIOUX CITY,WOODBURY,IA,51101,(712) 279-2010,Acute Care Hospitals,Voluntary non-profit - Private,1,2.0,,,2026-07-31 00:22:03,6,3,0.9705166666666667,659.0,125.0,Medium
170006,"MERCY HOSPITAL PITTSBURG, INC",1 MT CARMEL WAY,PITTSBURG,CRAWFORD,KS,66762,(620) 231-6100,Acute Care Hospitals,Voluntary non-profit - Church,1,3.0,29,Y,2026-07-31 00:22:03,5,1,0.9839399999999999,213.0,31.0,Low
170009,SAINT JOHN HOSPITAL,3500 SOUTH 4TH STREET,LEAVENWORTH,LEAVENWORTH,KS,66048,(913) 680-6000,Acute Care Hospitals,Voluntary non-profit - Other,1,3.0,,,2026-07-31 00:22:03,2,1,0.99865,225.0,37.0,Low
170012,SALINA REGIONAL HEALTH CENTER,400 SOUTH SANTA FE AVENUE,SALINA,SALINE,KS,67401,(785) 452-7000,Acute Care Hospitals,Voluntary non-profit - Private,1,3.0,,Y,2026-07-31 00:22:03,6,0,0.8934833333333333,772.0,76.0,Low
170013,HAYS MEDICAL CENTER,2220 CANTERBURY DRIVE,HAYS,ELLIS,KS,67601,(785) 623-5000,Acute Care Hospitals,Voluntary non-profit - Other,1,3.0,,Y,2026-07-31 00:22:03,6,1,0.9473166666666666,1038.0,159.0,Low
170014,ADVENTHEALTH OTTAWA,1301 S MAIN STREET,OTTAWA,FRANKLIN,KS,66067,(785) 229-8200,Acute Care Hospitals,Government - Local,0,3.0,,,2026-07-31 00:22:03,3,2,1.0509000000000002,227.0,52.0,Medium
170016,UNIVERSITY OF KANSAS HEALTH SYSTEM - ST FRANCIS CAMPUS,1700 SW 7TH STREET,TOPEKA,SHAWNEE,KS,66606,(785) 295-8000,Acute Care Hospitals,Voluntary non-profit - Church,1,3.0,,Y,2026-07-31 00:22:03,6,2,0.98535,1035.0,146.0,Medium
170017,SUSAN B ALLEN MEMORIAL HOSPITAL,720 W CENTRAL ST,EL DORADO,BUTLER,KS,67042,(316) 321-3300,Acute Care Hospitals,Voluntary non-profit - Private,1,,16,Y,2026-07-31 00:22:03,1,1,1.0112,0.0,0.0,Low
170020,HUTCHINSON REGIONAL MEDICAL CENTER INC,1701 E 23RD AVENUE,HUTCHINSON,RENO,KS,67502,(620) 665-2000,Acute Care Hospitals,Voluntary non-profit - Private,1,2.0,,Y,2026-07-31 00:22:03,6,3,0.9879166666666666,1000.0,133.0,Medium
170023,ST. CATHERINE HOSPITAL - GARDEN CITY,401 EAST SPRUCE,GARDEN CITY,FINNEY,KS,67846,(620) 225-8400,Acute Care Hospitals,Voluntary non-profit - Church,1,2.0,,Y,2026-07-31 00:22:03,4,2,0.99335,235.0,40.0,Medium
170027,PRATT REGIONAL MEDICAL CENTER,200 COMMODORE ST,PRATT,PRATT,KS,67124,(620) 450-1160,Acute Care Hospitals,Proprietary,1,4.0,,Y,2026-07-31 00:22:03,4,0,0.864325,0.0,0.0,Low
170040,UNIVERSITY OF KANSAS HOSPITAL,4000 CAMBRIDGE STREET,KANSAS CITY,WYANDOTTE,KS,66160,(913) 588-5000,Acute Care Hospitals,Government - Hospital District or Authority,1,5.0,,Y,2026-07-31 00:22:03,5,2,0.9380200000000001,2204.0,393.0,Medium
170049,UNIVERSITY OF KANSAS HEALTH SYSTEM OLATHE HOSPITAL,20333 WEST 151ST STREET,OLATHE,JOHNSON,KS,66061,(913) 355-4200,Acute Care Hospitals,Voluntary non-profit - Private,1,4.0,,Y,2026-07-31 00:22:03,5,1,0.9546800000000001,1065.0,140.0,Low
170068,SOUTHWEST MEDICAL CENTER,315 WEST 15TH STREET,LIBERAL,SEWARD,KS,67901,(620) 624-1651,Acute Care Hospitals,Government - Local,1,1.0,,Y,2026-07-31 00:22:03,4,3,1.075425,129.0,24.0,Medium
170074,"STORMONT VAIL HEALTH FLINT HILLS, LLC",1102 ST MARY'S ROAD,JUNCTION CITY,GEARY,KS,66441,(785) 238-4131,Acute Care Hospitals,Voluntary non-profit - Private,1,4.0,,Y,2026-07-31 00:22:03,3,2,1.0154666666666665,70.0,15.0,Medium
170086,STORMONT VAIL HOSPITAL,1500 SW 10TH AVENUE,TOPEKA,SHAWNEE,KS,66604,(785) 354-6121,Acute Care Hospitals,Voluntary non-profit - Private,1,4.0,,Y,2026-07-31 00:22:03,6,3,0.9812333333333333,2381.0,367.0,Medium
170103,NMC HEALTH,600 MEDICAL CENTER DRIVE,NEWTON,HARVEY,KS,67114,(316) 283-2700,Acute Care Hospitals,Voluntary non-profit - Private,1,5.0,,Y,2026-07-31 00:22:03,4,1,0.94545,263.0,45.0,Low
170104,ADVENTHEALTH SHAWNEE MISSION,9100 W 74TH STREET,SHAWNEE MISSION,JOHNSON,KS,66204,(913) 676-2152,Acute Care Hospitals,Voluntary non-profit - Private,1,3.0,,Y,2026-07-31 00:22:03,6,2,1.00005,1265.0,188.0,Medium
170105,MCPHERSON HOSPITAL,1000 HOSPITAL DRIVE,MCPHERSON,MCPHERSON,KS,67460,(620) 241-2250,Acute Care Hospitals,Voluntary non-profit - Private,1,2.0,,Y,2026-07-31 00:22:03,3,0,0.9627666666666667,0.0,0.0,Low
170109,MIAMI COUNTY MEDICAL CENTER,2100 BAPTISTE DR,PAOLA,MIAMI,KS,66071,(913) 294-2327,Acute Care Hospitals,Voluntary non-profit - Private,1,,16,,2026-07-31 00:22:03,1,0,0.9701,0.0,0.0,Low
170120,LABETTE HEALTH,1902 SOUTH US HWY 59,PARSONS,LABETTE,KS,67357,(620) 421-4880,Acute Care Hospitals,Government - Local,1,3.0,,Y,2026-07-31 00:22:03,4,0,0.925525,0.0,0.0,Low
170122,"ASCENSION VIA CHRISTI HOSPITALS WICHITA, INC.",929 NORTH ST FRANCIS STREET,WICHITA,SEDGWICK,KS,67214,(316) 268-5000,Acute Care Hospitals,Voluntary non-profit - Private,1,2.0,29,Y,2026-07-31 00:22:03,6,1,0.9364666666666667,1937.0,297.0,Low
170123,WESLEY MEDICAL CENTER,550 N HILLSIDE STREET,WICHITA,SEDGWICK,KS,67214,(316) 962-2000,Acute Care Hospitals,Proprietary,1,4.0,,Y,2026-07-31 00:22:03,6,0,0.8898333333333334,2179.0,280.0,Low
170137,LMH,325 MAINE STREET,LAWRENCE,DOUGLAS,KS,66044,(785) 505-5000,Acute Care Hospitals,Government - Local,1,4.0,,Y,2026-07-31 00:22:03,5,1,0.97528,791.0,115.0,Low
170142,"ASCENSION VIA CHRISTI HOSPITAL MANHATTAN, INC",1823 COLLEGE AVENUE,MANHATTAN,RILEY,KS,66502,(785) 776-3322,Acute Care Hospitals,Voluntary non-profit - Private,1,4.0,29,Y,2026-07-31 00:22:03,5,0,0.91828,329.0,36.0,Low
170146,PROVIDENCE MEDICAL CENTER,8929 PARALLEL PARKWAY,KANSAS CITY,WYANDOTTE,KS,66112,(913) 596-4000,Acute Care Hospitals,Voluntary non-profit - Church,1,3.0,,,2026-07-31 00:22:03,5,3,1.02172,718.0,140.0,Medium
170175,CENTURA ST. CATHERINE-DODGE CITY,3001 AVENUE A,DODGE CITY,FORD,KS,67801,(620) 225-8400,Acute Care Hospitals,Proprietary,1,3.0,,Y,2026-07-31 00:22:03,4,1,0.981025,79.0,13.0,Low
170176,OVERLAND PARK REG MED CTR,10500 QUIVIRA ROAD,OVERLAND PARK,JOHNSON,KS,66215,(913) 541-5000,Acute Care Hospitals,Proprietary,1,4.0,,Y,2026-07-31 00:22:03,6,3,1.0709666666666666,640.0,123.0,Medium
170182,MENORAH MEDICAL CENTER,5721 WEST 119TH STREET,OVERLAND PARK,JOHNSON,KS,66209,(913) 498-6773,Acute Care Hospitals,Proprietary,1,3.0,,,2026-07-31 00:22:03,5,3,1.03748,1060.0,126.0,Medium
170183,KANSAS SURGERY & RECOVERY CENTER,2770 NORTH WEBB ROAD,WICHITA,SEDGWICK,KS,67226,(316) 634-0090,Acute Care Hospitals,Voluntary non-profit - Private,0,,16,,2026-07-31 00:22:03,1,0,0.7141,0.0,0.0,Low
170185,SAINT LUKE'S SOUTH HOSPITAL,12300 METCALF AVENUE,OVERLAND PARK,JOHNSON,KS,66213,(913) 317-7000,Acute Care Hospitals,Voluntary non-profit - Other,1,4.0,,,2026-07-31 00:22:03,5,2,1.06642,947.0,157.0,Medium
170186,KANSAS HEART HOSPITAL,3601 NORTH WEBB ROAD,WICHITA,SEDGWICK,KS,67226,(316) 630-5000,Acute Care Hospitals,Proprietary,0,4.0,,,2026-07-31 00:22:03,3,0,0.8666333333333333,787.0,69.0,Low
170187,SALINA SURGICAL HOSPITAL,401 SOUTH SANTA FE AVENUE,SALINA,SALINE,KS,67401,(785) 827-0610,Acute Care Hospitals,Physician,0,,16,,2026-07-31 00:22:03,1,0,0.5593,788.0,11.0,Low
170188,KANSAS CITY ORTHOPAEDIC INSTITUTE,3651 COLLEGE BLVD,LEAWOOD,JOHNSON,KS,66211,(913) 319-7633,Acute Care Hospitals,Physician,0,,16,,2026-07-31 00:22:03,1,0,0.5524,1285.0,18.0,Low
170190,MANHATTAN SURGICAL HOSPITAL LLC,1829 COLLEGE AVENUE,MANHATTAN,RILEY,KS,66502,(785) 776-5100,Acute Care Hospitals,Physician,0,,16,,2026-07-31 00:22:03,1,0,0.9916,0.0,0.0,Low
170191,UNIVERSITY  OF KS HLTH SYSTEM GREAT BEND CAMPUS,514 CLEVELAND STREET,GREAT BEND,BARTON,KS,67530,(620) 792-8830,Acute Care Hospitals,Government - Hospital District or Authority,1,4.0,,Y,2026-07-31 00:22:03,3,1,0.9689666666666668,173.0,27.0,Low
170196,"KANSAS SPINE & SPECIALTY HOSPITAL, LLC",3333 NORTH WEBB ROAD,WICHITA,SEDGWICK,KS,67226,(316) 462-5310,Acute Care Hospitals,Physician,0,,16,,2026-07-31 00:22:03,1,0,0.9199,341.0,12.0,Low
170197,KANSAS MEDICAL CENTER LLC,1124 WEST 21ST STREET,ANDOVER,BUTLER,KS,67002,(316) 300-4000,Acute Care Hospitals,Proprietary,1,2.0,,,2026-07-31 00:22:03,5,2,0.9757000000000001,564.0,68.0,Medium
170198,"SUMMIT SURGICAL, LLC",1818 EAST 23RD AVENUE,HUTCHINSON,RENO,KS,67502,(620) 663-4800,Acute Care Hospitals,Physician,0,,16,,2026-07-31 00:22:03,1,0,0.7325,0.0,0.0,Low
170200,"VIA CHRISTI HOSPITAL WICHITA ST TERESA, INC",14800 WEST TERESA ST,WICHITA,SEDGWICK,KS,67235,(316) 268-5000,Acute Care Hospitals,Voluntary non-profit - Church,1,4.0,29,,2026-07-31 00:22:03,3,0,0.9779,531.0,78.0,Low
170203,MERCY SPECIALTY HOSPITAL SOUTHEAST KANSAS,1619 K 66,GALENA,CHEROKEE,KS,66739,(620) 783-1732,Acute Care Hospitals,Voluntary non-profit - Private,0,,16,,2026-07-31 00:22:03,1,1,1.0701,0.0,0.0,Low
170204,"ROCK REGIONAL HOSPITAL, LLC",3251 NORTH ROCK ROAD,DERBY,SEDGWICK,KS,67037,(316) 425-2400,Acute Care Hospitals,Proprietary,1,4.0,,,2026-07-31 00:22:03,3,0,0.9794333333333333,109.0,12.0,Low
170208,"ADVENTHEALTH SOUTH OVERLAND PARK, INC",7820 W 165TH STREET,OVERLAND PARK,JOHNSON,KS,66223,(913) 373-2000,Acute Care Hospitals,Voluntary non-profit - Private,1,4.0,,Y,2026-07-31 00:22:03,2,2,1.02525,120.0,25.0,Medium
180001,ST ELIZABETH FT THOMAS,85 NORTH GRAND AVENUE,FORT THOMAS,CAMPBELL,KY,41075,(859) 572-3100,Acute Care Hospitals,Voluntary non-profit - Private,1,5.0,,,2026-07-31 00:22:03,3,3,1.0696666666666665,614.0,135.0,Medium
180002,WHITESBURG ARH HOSPITAL,240 HOSPITAL ROAD,WHITESBURG,LETCHER,KY,41858,(606) 633-3500,Acute Care Hospitals,Voluntary non-profit - Other,1,3.0,,Y,2026-07-31 00:22:03,3,2,1.007,313.0,63.0,Medium
180004,OWENSBORO HEALTH MUHLENBERG COMMUNITY HOSPITAL,440 HOPKINSVILLE STREET,GREENVILLE,MUHLENBERG,KY,42345,(270) 338-8000,Acute Care Hospitals,Voluntary non-profit - Private,1,4.0,,,2026-07-31 00:22:03,3,2,1.0149,170.0,31.0,Medium
180005,HIGHLANDS ARH REGIONAL MEDICAL CENTER,5000 KENTUCKY ROUTE 321,PRESTONSBURG,FLOYD,KY,41653,(606) 886-8511,Acute Care Hospitals,Proprietary,1,2.0,,Y,2026-07-31 00:22:03,4,2,1.020025,174.0,39.0,Medium
180009,KING'S DAUGHTERS' MEDICAL CENTER,2201 LEXINGTON AVENUE,ASHLAND,BOYD,KY,41101,(606) 408-4401,Acute Care Hospitals,Voluntary non-profit - Private,1,3.0,,Y,2026-07-31 00:22:03,6,3,1.0359999999999998,2324.0,439.0,Medium
180010,SAINT JOSEPH HOSPITAL,ONE SAINT JOSEPH DRIVE,LEXINGTON,FAYETTE,KY,40504,(859) 313-1000,Acute Care Hospitals,Voluntary non-profit - Church,1,3.0,,,2026-07-31 00:22:03,6,5,1.0495666666666665,916.0,190.0,High
180011,SAINT JOSEPH LONDON,1001 SAINT JOSEPH LANE,LONDON,LAUREL,KY,40741,(606) 330-6000,Acute Care Hospitals,Voluntary non-profit - Private,1,3.0,,Y,2026-07-31 00:22:03,5,3,1.0326,450.0,92.0,Medium
180012,BAPTIST HEALTH HARDIN,913 NORTH DIXIE AVENUE,ELIZABETHTOWN,HARDIN,KY,42701,(270) 737-1212,Acute Care Hospitals,Government - Local,1,3.0,,,2026-07-31 00:22:03,4,2,1.020775,1670.0,303.0,Medium
180013,THE MEDICAL CENTER (BOWLING GREEN),250 PARK STREET,BOWLING GREEN,WARREN,KY,42101,(270) 745-1000,Acute Care Hospitals,Voluntary non-profit - Private,1,2.0,,Y,2026-07-31 00:22:03,5,1,0.94938,1651.0,242.0,Low
180016,UOFL HEALTH - SHELBYVILLE HOSPITAL,727 HOSPITAL DRIVE,SHELBYVILLE,SHELBY,KY,40065,(502) 647-4000,Acute Care Hospitals,Voluntary non-profit - Private,1,3.0,,,2026-07-31 00:22:03,3,1,0.9737,0.0,0.0,Low
180017,T J SAMSON COMMUNITY HOSPITAL,1301 NORTH RACE STREET,GLASGOW,BARREN,KY,42141,(270) 651-4159,Acute Care Hospitals,Voluntary non-profit - Other,1,3.0,,Y,2026-07-31 00:22:03,5,2,0.97348,682.0,121.0,Medium
180018,ST CLAIRE REGIONAL MEDICAL CENTER,222 MEDICAL CIRCLE,MOREHEAD,ROWAN,KY,40351,(606) 783-6500,Acute Care Hospitals,Government - Federal,1,2.0,,Y,2026-07-31 00:22:03,4,4,1.0397,401.0,89.0,High
180019,MEADOWVIEW REGIONAL MEDICAL CENTER,989 MEDICAL PARK DRIVE,MAYSVILLE,MASON,KY,41056,(606) 759-5311,Acute Care Hospitals,Proprietary,1,4.0,,Y,2026-07-31 00:22:03,4,1,0.9638249999999999,214.0,30.0,Low
180020,MIDDLESBORO ARH HOSPITAL,3600 WEST CUMBERLAND AVENUE,MIDDLESBORO,BELL,KY,40965,(606) 242-1101,Acute Care Hospitals,Voluntary non-profit - Private,1,1.0,,Y,2026-07-31 00:22:03,3,3,1.0357,77.0,16.0,Medium
180024,SPRING VIEW HOSPITAL,320 LORETTO ROAD,LEBANON,MARION,KY,40033,(270) 692-3161,Acute Care Hospitals,Proprietary,1,5.0,,Y,2026-07-31 00:22:03,4,0,0.9443,0.0,0.0,Low
180025,CHI SAINT JOSEPH FLAGET MEMORIAL HOSPITAL,4305 NEW SHEPHERDSVILLE ROAD,BARDSTOWN,NELSON,KY,40004,(502) 350-5000,Acute Care Hospitals,Voluntary non-profit - Private,1,3.0,,Y,2026-07-31 00:22:03,2,1,1.0053,203.0,39.0,Low
180027,MURRAY-CALLOWAY COUNTY HOSPITAL,803 POPLAR STREET,MURRAY,CALLOWAY,KY,42071,(270) 762-1100,Acute Care Hospitals,Voluntary non-profit - Other,1,3.0,,Y,2026-07-31 00:22:03,5,3,1.00558,492.0,80.0,Medium
180029,HAZARD ARH REGIONAL MEDICAL CENTER,100 MEDICAL CENTER DRIVE,HAZARD,PERRY,KY,41701,(606) 439-1331,Acute Care Hospitals,Voluntary non-profit - Private,1,2.0,,Y,2026-07-31 00:22:03,4,3,1.053125,541.0,124.0,Medium
180035,ST ELIZABETH EDGEWOOD,1 MEDICAL VILLAGE DRIVE,EDGEWOOD,KENTON,KY,41017,(859) 301-2000,Acute Care Hospitals,Voluntary non-profit - Church,1,5.0,,Y,2026-07-31 00:22:03,6,3,1.0162666666666667,2215.0,414.0,Medium
180038,OWENSBORO HEALTH REGIONAL HOSPITAL,1201 PLEASANT VALLEY ROAD,OWENSBORO,DAVIESS,KY,42303,(270) 417-2000,Acute Care Hospitals,Voluntary non-profit - Private,1,2.0,,Y,2026-07-31 00:22:03,5,2,0.9789,1628.0,284.0,Medium
180040,UOFL HEALTH - JEWISH HOSPITAL and Mary & Elizabeth Hospital,200 ABRAHAM FLEXNER WAY,LOUISVILLE,JEFFERSON,KY,40202,(502) 587-4011,Acute Care Hospitals,Voluntary non-profit - Private,1,2.0,,,2026-07-31 00:22:03,6,2,0.9820500000000001,1618.0,298.0,Medium
180043,AdventHealthManchester,210 MARIE LANGDON DRIVE,MANCHESTER,CLAY,KY,40962,(606) 598-5104,Acute Care Hospitals,Voluntary non-profit - Church,1,3.0,,Y,2026-07-31 00:22:03,2,1,1.01945,139.0,31.0,Low
180044,PIKEVILLE MEDICAL CENTER,911 BYPASS ROAD,PIKEVILLE,PIKE,KY,41501,(606) 437-3500,Acute Care Hospitals,Voluntary non-profit - Private,1,1.0,,Y,2026-07-31 00:22:03,5,5,1.0601,1062.0,217.0,High
180045,ST ELIZABETH FLORENCE,4900 HOUSTON ROAD,FLORENCE,BOONE,KY,41042,(859) 212-5220,Acute Care Hospitals,Voluntary non-profit - Private,1,3.0,,,2026-07-31 00:22:03,3,2,1.0173666666666668,740.0,140.0,Medium
180046,BOURBON COMMUNITY HOSPITAL,9 LINVILLE DRIVE,PARIS,BOURBON,KY,40361,(859) 987-3600,Acute Care Hospitals,Proprietary,1,2.0,,,2026-07-31 00:22:03,2,0,0.9718,0.0,0.0,Low
180048,EPHRAIM MCDOWELL REGIONAL MEDICAL CENTER,217 SOUTH THIRD STREET,DANVILLE,BOYLE,KY,40422,(859) 239-1000,Acute Care Hospitals,Voluntary non-profit - Private,1,3.0,,Y,2026-07-31 00:22:03,4,2,0.9955499999999999,827.0,126.0,Medium
180049,BAPTIST HEALTH RICHMOND,801 EASTERN BYPASS,RICHMOND,MADISON,KY,40475,(859) 625-3114,Acute Care Hospitals,Voluntary non-profit - Private,1,4.0,,,2026-07-31 00:22:03,4,1,0.972075,457.0,73.0,Low
180050,HARLAN ARH HOSPITAL,81 BALL PARK ROAD,HARLAN,HARLAN,KY,40831,(606) 573-8100,Acute Care Hospitals,Voluntary non-profit - Other,1,2.0,,Y,2026-07-31 00:22:03,3,3,1.0669,274.0,70.0,Medium
180051,JENNIE STUART MEDICAL CENTER,320 WEST 18TH STREET,HOPKINSVILLE,CHRISTIAN,KY,42241,(270) 887-0100,Acute Care Hospitals,Voluntary non-profit - Private,1,1.0,,Y,2026-07-31 00:22:03,3,1,0.9932666666666666,452.0,73.0,Low
180056,DEACONESS HENDERSON HOSPITAL,1305 N ELM ST,HENDERSON,HENDERSON,KY,42420,(270) 827-7700,Acute Care Hospitals,Voluntary non-profit - Church,1,2.0,,Y,2026-07-31 00:22:03,3,1,1.0048000000000001,316.0,59.0,Low
180064,SAINT JOSEPH MOUNT STERLING,225 FALCON DRIVE,MOUNT STERLING,MONTGOMERY,KY,40353,(859) 497-5018,Acute Care Hospitals,Voluntary non-profit - Private,1,4.0,,Y,2026-07-31 00:22:03,2,1,1.0057,156.0,31.0,Low
180066,The Medical Center at Russellville,1625 NASHVILLE STREET,RUSSELLVILLE,LOGAN,KY,42276,(270) 726-4011,Acute Care Hospitals,Proprietary,1,2.0,,,2026-07-31 00:22:03,2,1,1.0006,0.0,0.0,Low
180067,UNIVERSITY OF KENTUCKY HOSPITAL,800 ROSE STREET,LEXINGTON,FAYETTE,KY,40536,(859) 257-2278,Acute Care Hospitals,Government - State,1,4.0,,Y,2026-07-31 00:22:03,5,0,0.8945399999999999,843.0,125.0,Low
180069,TUG VALLEY ARH REGIONAL MEDICAL CENTER,260 HOSPITAL DRIVE,SOUTH WILLIAMSON,PIKE,KY,41503,(606) 237-1700,Acute Care Hospitals,Proprietary,1,2.0,,,2026-07-31 00:22:03,3,3,1.0917999999999999,298.0,84.0,Medium
180070,OWENSBORO HEALTH TWIN LAKES MEDICAL CENTER,910 WALLACE AVENUE,LEITCHFIELD,GRAYSON,KY,42754,(270) 259-9400,Acute Care Hospitals,Voluntary non-profit - Other,1,3.0,,Y,2026-07-31 00:22:03,3,2,0.9939999999999999,199.0,33.0,Medium
180078,PAINTSVILLE ARH HOSPITAL,625 JAMES S TRIMBLE BOULEVARD,PAINTSVILLE,JOHNSON,KY,41240,(606) 789-3511,Acute Care Hospitals,Proprietary,1,2.0,,,2026-07-31 00:22:03,3,3,1.0681333333333334,132.0,33.0,Medium
180079,HARRISON MEMORIAL HOSPITAL,1210 KY HWY 36 E,CYNTHIANA,HARRISON,KY,41031,(859) 234-2300,Acute Care Hospitals,Voluntary non-profit - Other,1,3.0,,Y,2026-07-31 00:22:03,4,1,0.98515,102.0,16.0,Low
180080,BAPTIST HEALTH CORBIN,ONE TRILLIUM WAY,CORBIN,WHITLEY,KY,40701,(606) 528-1212,Acute Care Hospitals,Voluntary non-profit - Private,1,3.0,,Y,2026-07-31 00:22:03,4,0,0.939725,520.0,81.0,Low
180087,TAYLOR REGIONAL HOSPITAL,1700 OLD LEBANON ROAD,CAMPBELLSVILLE,TAYLOR,KY,42718,(270) 465-3561,Acute Care Hospitals,Government - Hospital District or Authority,1,2.0,,Y,2026-07-31 00:22:03,3,0,0.9380666666666667,227.0,33.0,Low
180088,"NORTON HOSPITALS, INC",200 EAST CHESTNUT STREET,LOUISVILLE,JEFFERSON,KY,40202,(502) 629-8000,Acute Care Hospitals,Voluntary non-profit - Private,1,2.0,23,Y,2026-07-31 00:22:03,6,6,1.0760833333333333,4690.0,865.0,High
180092,CLARK REGIONAL MEDICAL CENTER,175 HOSPITAL DRIVE,WINCHESTER,CLARK,KY,40391,(859) 737-8559,Acute Care Hospitals,Proprietary,1,3.0,,Y,2026-07-31 00:22:03,4,2,1.005725,384.0,66.0,Medium
180093,BAPTIST HEALTH DEACONESS MADISONVILLE,900 HOSPITAL DRIVE,MADISONVILLE,HOPKINS,KY,42431,(270) 825-5100,Acute Care Hospitals,Voluntary non-profit - Private,1,2.0,,Y,2026-07-31 00:22:03,5,1,0.97394,599.0,94.0,Low
180101,GEORGETOWN COMMUNITY HOSPITAL,1140 LEXINGTON ROAD,GEORGETOWN,SCOTT,KY,40324,(502) 868-1100,Acute Care Hospitals,Proprietary,1,3.0,,Y,2026-07-31 00:22:03,2,2,1.0379,115.0,24.0,Medium
180102,MERCY HEALTH - LOURDES HOSPITAL,1530 LONE OAK ROAD,PADUCAH,MC CRACKEN,KY,42003,(270) 444-2444,Acute Care Hospitals,Voluntary non-profit - Church,1,3.0,,Y,2026-07-31 00:22:03,6,4,1.0565666666666667,1510.0,228.0,High
180103,BAPTIST HEALTH LEXINGTON,1740 NICHOLASVILLE ROAD,LEXINGTON,FAYETTE,KY,40503,(859) 260-6100,Acute Care Hospitals,Voluntary non-profit - Other,1,4.0,,Y,2026-07-31 00:22:03,6,2,1.0027,2155.0,332.0,Medium
180104,BAPTIST HEALTH PADUCAH,2501 KENTUCKY AVENUE,PADUCAH,MC CRACKEN,KY,42003,(270) 575-2100,Acute Care Hospitals,Voluntary non-profit - Church,1,4.0,,Y,2026-07-31 00:22:03,5,1,0.91446,1283.0,197.0,Low
180105,MONROE COUNTY MEDICAL CENTER,529 CAPP HARLAN ROAD,TOMPKINSVILLE,MONROE,KY,42167,(270) 487-9231,Acute Care Hospitals,Voluntary non-profit - Other,1,1.0,,,2026-07-31 00:22:03,3,3,1.1026666666666667,266.0,65.0,Medium
180115,"ROCKCASTLE COUNTY HOSPITAL, INC.",145 NEWCOMB AVENUE,MOUNT VERNON,ROCKCASTLE,KY,40456,(606) 256-2195,Acute Care Hospitals,Voluntary non-profit - Private,1,2.0,,,2026-07-31 00:22:03,3,1,0.9735999999999999,0.0,0.0,Low
180116,JACKSON PURCHASE MEDICAL CENTER,1099 MEDICAL CENTER CIRCLE,MAYFIELD,GRAVES,KY,42066,(270) 251-4585,Acute Care Hospitals,Government - Hospital District or Authority,1,1.0,,Y,2026-07-31 00:22:03,3,2,1.0242666666666667,417.0,78.0,Medium
180124,TRISTAR GREENVIEW REGIONAL HOSPITAL,1801 ASHLEY CIRCLE,BOWLING GREEN,WARREN,KY,42104,(270) 793-1000,Acute Care Hospitals,Proprietary,1,2.0,,,2026-07-31 00:22:03,5,4,1.0891600000000001,651.0,111.0,High
180127,FRANKFORT REGIONAL MEDICAL CENTER,299 KINGS DAUGHTERS DRIVE,FRANKFORT,FRANKLIN,KY,40601,(502) 875-5240,Acute Care Hospitals,Proprietary,1,3.0,,,2026-07-31 00:22:03,4,2,1.0003,367.0,61.0,Medium
180128,THREE RIVERS MEDICAL CENTER,2485 HIGHWAY 644,LOUISA,LAWRENCE,KY,41230,(606) 638-9451,Acute Care Hospitals,Proprietary,1,3.0,,,2026-07-31 00:22:03,3,1,0.9930666666666667,68.0,12.0,Low
180130,BAPTIST HEALTH LOUISVILLE,4000 KRESGE WAY,LOUISVILLE,JEFFERSON,KY,40207,(502) 897-8100,Acute Care Hospitals,Voluntary non-profit - Private,1,4.0,,Y,2026-07-31 00:22:03,6,3,0.9884166666666667,3662.0,566.0,Medium
180132,LAKE CUMBERLAND REGIONAL HOSPITAL,305 LANGDON STREET,SOMERSET,PULASKI,KY,42503,(606) 679-7441,Acute Care Hospitals,Proprietary,1,2.0,,Y,2026-07-31 00:22:03,4,3,1.036275,889.0,160.0,Medium
180138,BAPTIST HEALTH LAGRANGE,1025 NEW MOODY LANE,LA GRANGE,OLDHAM,KY,40031,(502) 222-5388,Acute Care Hospitals,Voluntary non-profit - Private,1,5.0,,Y,2026-07-31 00:22:03,3,2,0.9912666666666666,0.0,0.0,Medium
180141,UNIVERSITY OF LOUISVILLE HOSPITAL,530 SOUTH JACKSON STREET,LOUISVILLE,JEFFERSON,KY,40202,(502) 562-3000,Acute Care Hospitals,Voluntary non-profit - Private,1,1.0,,Y,2026-07-31 00:22:03,4,4,1.042875,219.0,55.0,High
180143,SAINT JOSEPH EAST,150 NORTH EAGLE CREEK DRIVE,LEXINGTON,FAYETTE,KY,40509,(859) 967-5000,Acute Care Hospitals,Voluntary non-profit - Private,1,2.0,,Y,2026-07-31 00:22:03,4,3,1.1157000000000001,280.0,55.0,Medium
180149,TJ HEALTH COLUMBIA,901 WESTLAKE DRIVE,COLUMBIA,ADAIR,KY,42728,(270) 384-4753,Acute Care Hospitals,Government - Hospital District or Authority,1,,16,,2026-07-31 00:22:03,1,0,0.9463,0.0,0.0,Low
180154,"PINEVILLE COMMUNITY HEALTH CENTER, INC",850 RIVERVIEW AVENUE,PINEVILLE,BELL,KY,40977,(606) 337-3051,Acute Care Hospitals,Voluntary non-profit - Private,1,1.0,,,2026-07-31 00:22:03,2,2,1.02265,0.0,0.0,Medium
190002,OCHSNER LAFAYETTE GENERAL MEDICAL CENTER,1214 COOLIDGE AVENUE,LAFAYETTE,LAFAYETTE,LA,70503,(337) 289-7991,Acute Care Hospitals,Voluntary non-profit - Private,1,3.0,,Y,2026-07-31 00:22:03,6,2,0.9988333333333334,2096.0,296.0,Medium
190004,THIBODAUX REGIONAL MEDICAL CENTER,602 N ACADIA ROAD,THIBODAUX,LAFOURCHE,LA,70301,(985) 447-5500,Acute Care Hospitals,Voluntary non-profit - Private,1,3.0,,Y,2026-07-31 00:22:03,5,1,0.95896,683.0,96.0,Low
190005,UNIVERSITY MEDICAL CENTER NEW ORLEANS,2000 CANAL STREET,NEW ORLEANS,ORLEANS,LA,70112,(504) 702-3000,Acute Care Hospitals,Voluntary non-profit - Private,1,2.0,,,2026-07-31 00:22:03,3,1,0.9843666666666667,73.0,15.0,Low
190006,OCHSNER UNIVERSITY HOSPITAL AND CLINICS,2390 WEST CONGRESS,LAFAYETTE,LAFAYETTE,LA,70506,(337) 261-6000,Acute Care Hospitals,Voluntary non-profit - Private,1,3.0,,,2026-07-31 00:22:03,3,2,1.0375666666666667,122.0,35.0,Medium
190007,NATCHITOCHES REGIONAL MEDICAL CENTER,501 KEYSER AVE,NATCHITOCHES,NATCHITOCHES,LA,71457,(318) 214-4200,Acute Care Hospitals,Government - Hospital District or Authority,1,4.0,,Y,2026-07-31 00:22:03,2,1,0.9962,94.0,18.0,Low
190008,TERREBONNE GENERAL MEDICAL CENTER - PARISH,8166 MAIN STREET,HOUMA,TERREBONNE,LA,70360,(985) 873-4141,Acute Care Hospitals,Government - Hospital District or Authority,1,4.0,,Y,2026-07-31 00:22:03,5,2,0.9938800000000001,623.0,109.0,Medium
190011,OCHSNER LSU HEALTH MONROE,4864 JACKSON STREET,MONROE,OUACHITA,LA,71202,(318) 388-7000,Acute Care Hospitals,Voluntary non-profit - Private,1,3.0,,Y,2026-07-31 00:22:03,1,0,0.9606,0.0,0.0,Low
190013,WEST CALCASIEU CAMERON HOSPITAL,701 EAST CYPRESS STREET,SULPHUR,CALCASIEU,LA,70663,(337) 527-4240,Acute Care Hospitals,Government - Hospital District or Authority,1,4.0,,Y,2026-07-31 00:22:03,4,0,0.9218,0.0,0.0,Low
190014,OCHSNER ST MARY,1125 MARGUERITE STREET,MORGAN CITY,ST. MARY,LA,70380,(985) 384-2200,Acute Care Hospitals,Voluntary non-profit - Private,1,2.0,,,2026-07-31 00:22:03,3,3,1.0188,81.0,12.0,Medium
190015,NORTH OAKS MEDICAL CENTER,15790 PAUL VEGA MD DRIVE,HAMMOND,TANGIPAHOA,LA,70403,(985) 345-2700,Acute Care Hospitals,Government - Hospital District or Authority,1,2.0,,Y,2026-07-31 00:22:03,5,4,1.05606,1050.0,227.0,High
190017,OPELOUSAS GENERAL HEALTH SYSTEM,539 EAST PRUDHOMME STREET,OPELOUSAS,ST. LANDRY,LA,70570,(337) 948-3011,Acute Care Hospitals,Government - Hospital District or Authority,1,2.0,,Y,2026-07-31 00:22:03,5,4,1.02636,555.0,106.0,High
190019,CHRISTUS ST FRANCES CABRINI HOSPITAL,3330 MASONIC DRIVE,ALEXANDRIA,RAPIDES,LA,71301,(318) 487-1122,Acute Care Hospitals,Voluntary non-profit - Private,1,3.0,,Y,2026-07-31 00:22:03,5,3,1.00582,1569.0,263.0,Medium
190020,LANE REGIONAL MEDICAL CENTER,6300 MAIN STREET,ZACHARY,E. BATON ROUGE,LA,70791,(225) 658-4000,Acute Care Hospitals,Government - Hospital District or Authority,1,3.0,,Y,2026-07-31 00:22:03,4,3,1.038275,186.0,34.0,Medium
190025,SAVOY MEDICAL CENTER,801 POINCIANA AVENUE,MAMOU,EVANGELINE,LA,70554,(337) 468-5261,Acute Care Hospitals,Voluntary non-profit - Other,1,4.0,,,2026-07-31 00:22:03,2,0,0.9806,0.0,0.0,Low
190026,RAPIDES REGIONAL MEDICAL CENTER,211 4TH STREET,ALEXANDRIA,RAPIDES,LA,71301,(318) 769-3000,Acute Care Hospitals,Proprietary,1,2.0,,Y,2026-07-31 00:22:03,5,2,1.0064199999999999,1019.0,192.0,Medium
190027,CHRISTUS OCHSNER ST PATRICK HOSPITAL,524 DR MICHAEL DEBAKEY DRIVE,LAKE CHARLES,CALCASIEU,LA,70601,(337) 436-2511,Acute Care Hospitals,Voluntary non-profit - Private,1,3.0,,,2026-07-31 00:22:03,5,3,1.02448,767.0,135.0,Medium
190034,ABBEVILLE GENERAL HOSPITAL,118 N HOSPITAL DR,ABBEVILLE,VERMILION,LA,70510,(337) 893-5466,Acute Care Hospitals,Government - Hospital District or Authority,1,3.0,,Y,2026-07-31 00:22:03,2,0,0.9313,0.0,0.0,Low
190036,OCHSNER MEDICAL CENTER ACUTE,1516 JEFFERSON HWY,NEW ORLEANS,JEFFERSON,LA,70121,(504) 842-3000,Acute Care Hospitals,Voluntary non-profit - Private,1,4.0,,Y,2026-07-31 00:22:03,6,2,1.0091833333333333,1415.0,266.0,Medium
190039,WEST JEFFERSON MEDICAL CENTER,1101 MEDICAL CENTER BLVD,MARRERO,JEFFERSON,LA,70072,(504) 347-5511,Acute Care Hospitals,Voluntary non-profit - Private,1,3.0,,Y,2026-07-31 00:22:03,4,2,1.0041,309.0,66.0,Medium
190040,SLIDELL MEMORIAL HOSPITAL,1001 GAUSE BLVD,SLIDELL,ST. TAMMANY,LA,70458,(985) 643-2200,Acute Care Hospitals,Government - Hospital District or Authority,1,2.0,,Y,2026-07-31 00:22:03,5,5,1.0904399999999999,795.0,188.0,High
190041,CHRISTUS SHREVEPORT-BOSSIER HEALTH SYSTEM,1453 E BERT KOUNS INDUSTRIAL DRIVE,SHREVEPORT,CADDO,LA,71105,(318) 681-5000,Acute Care Hospitals,Voluntary non-profit - Private,1,3.0,,Y,2026-07-31 00:22:03,6,5,1.0090000000000001,1511.0,268.0,High
190044,ACADIA GENERAL HOSPITAL,1305 CROWLEY RAYNE HIGHWAY,CROWLEY,ACADIA,LA,70526,(337) 783-3222,Acute Care Hospitals,Voluntary non-profit - Private,1,3.0,,,2026-07-31 00:22:03,4,1,0.982675,322.0,45.0,Low
190045,ST TAMMANY PARISH HOSPITAL,1202 S TYLER STREET,COVINGTON,ST. TAMMANY,LA,70433,(985) 898-4000,Acute Care Hospitals,Government - Hospital District or Authority,1,4.0,,Y,2026-07-31 00:22:03,6,3,1.0184666666666666,1001.0,162.0,Medium
190046,TOURO INFIRMARY,1401 FOUCHER STREET,NEW ORLEANS,ORLEANS,LA,70115,(504) 897-8247,Acute Care Hospitals,Voluntary non-profit - Private,1,3.0,,Y,2026-07-31 00:22:03,6,4,0.9874333333333333,243.0,53.0,High
190050,BEAUREGARD MEMORIAL HOSPITAL,600 S PINE STREET,DERIDDER,BEAUREGARD,LA,70634,(337) 462-7100,Acute Care Hospitals,Government - Hospital District or Authority,1,3.0,,Y,2026-07-31 00:22:03,3,1,0.9942333333333334,189.0,31.0,Low
190053,OCHSNER AMERICAN LEGION HOSPITAL,1634 ELTON ROAD,JENNINGS,JEFFRSON DAVIS,LA,70546,(337) 616-7000,Acute Care Hospitals,Voluntary non-profit - Private,1,2.0,,Y,2026-07-31 00:22:03,3,3,1.0391333333333332,324.0,65.0,Medium
190054,IBERIA MEDICAL CENTER,2315 E MAIN STREET,NEW IBERIA,IBERIA,LA,70560,(337) 364-0441,Acute Care Hospitals,Voluntary non-profit - Private,1,2.0,,Y,2026-07-31 00:22:03,5,1,0.98826,385.0,57.0,Low
190060,LAKE CHARLES MEMORIAL HOSPITAL,1701 OAK PARK BLVD,LAKE CHARLES,CALCASIEU,LA,70601,(337) 494-3000,Acute Care Hospitals,Voluntary non-profit - Private,1,3.0,,Y,2026-07-31 00:22:03,5,2,0.9856,957.0,152.0,Medium
190064,OUR LADY OF THE LAKE REGIONAL MEDICAL CENTER,5000 HENNESSY BLVD,BATON ROUGE,E. BATON ROUGE,LA,70808,(225) 765-6565,Acute Care Hospitals,Voluntary non-profit - Church,1,3.0,,,2026-07-31 00:22:03,5,0,0.9260999999999999,1401.0,205.0,Low
190065,BATON ROUGE GENERAL MEDICAL CENTER,8585 PICARDY AVE,BATON ROUGE,E. BATON ROUGE,LA,70809,(225) 387-7767,Acute Care Hospitals,Voluntary non-profit - Private,1,3.0,,Y,2026-07-31 00:22:03,6,2,1.03655,961.0,152.0,Medium
190086,NORTHERN LOUISIANA MEDICAL CENTER,401 EAST VAUGHN AVENUE,RUSTON,LINCOLN,LA,71270,(318) 254-2100,Acute Care Hospitals,Proprietary,1,2.0,,Y,2026-07-31 00:22:03,4,3,1.0062,324.0,51.0,Medium
190088,SPRINGHILL MEDICAL CENTER,2001 DOCTORS DRIVE,SPRINGHILL,WEBSTER,LA,71075,(318) 539-1000,Acute Care Hospitals,Voluntary non-profit - Private,1,4.0,,,2026-07-31 00:22:03,2,0,0.9942,74.0,11.0,Low
190090,WINN PARISH MEDICAL CENTER,301 W BOUNDARY AVE,WINNFIELD,WINN,LA,71483,(318) 648-3000,Acute Care Hospitals,Proprietary,1,,16,,2026-07-31 00:22:03,1,1,1.022,94.0,15.0,Low
190098,OCHSNER LSU HEALTH SHREVEPORT,1541 KINGS HIGHWAY,SHREVEPORT,CADDO,LA,71130,(318) 675-5058,Acute Care Hospitals,Voluntary non-profit - Private,1,2.0,,,2026-07-31 00:22:03,4,1,0.98535,99.0,15.0,Low
190099,AVOYELLES HOSPITAL,4231 HIGHWAY 1192,MARKSVILLE,AVOYELLES,LA,71351,(318) 253-8611,Acute Care Hospitals,Proprietary,1,1.0,,,2026-07-31 00:22:03,2,2,1.0572,67.0,13.0,Medium
190102,"OUR LADY OF LOURDES REGIONAL MEDICAL CENTER, INC",4801 AMBASSADOR CAFFERY PARKWAY,LAFAYETTE,LAFAYETTE,LA,70508,(337) 470-2000,Acute Care Hospitals,Voluntary non-profit - Private,1,3.0,,Y,2026-07-31 00:22:03,5,4,1.0322200000000001,2109.0,339.0,High
190106,OAKDALE COMMUNITY HOSPITAL,130 N HOSPITAL DR,OAKDALE,ALLEN,LA,71463,(318) 335-3700,Acute Care Hospitals,Proprietary,1,3.0,,,2026-07-31 00:22:03,2,0,0.98875,0.0,0.0,Low
190111,WILLIS KNIGHTON MEDICAL CENTER,2600 GREENWOOD ROAD,SHREVEPORT,CADDO,LA,71103,(318) 212-4000,Acute Care Hospitals,Voluntary non-profit - Private,1,3.0,,Y,2026-07-31 00:22:03,6,4,1.0209333333333332,3361.0,601.0,High
190114,CLAIBORNE MEMORIAL MEDICAL CENTER,620 EAST COLLEGE STREET,HOMER,CLAIBORNE,LA,71040,(318) 927-2024,Acute Care Hospitals,Government - Hospital District or Authority,1,1.0,,,2026-07-31 00:22:03,2,2,1.0509,192.0,37.0,Medium
190116,MOREHOUSE GENERAL HOSPITAL,323 W WALNUT,BASTROP,MOREHOUSE,LA,71220,(318) 283-3600,Acute Care Hospitals,Government - Hospital District or Authority,1,2.0,,Y,2026-07-31 00:22:03,2,1,1.00095,0.0,0.0,Low
190118,DESOTO REGIONAL HEALTH SYSTEM,207 JEFFERSON STREET,MANSFIELD,DE SOTO,LA,71052,(318) 872-4610,Acute Care Hospitals,Voluntary non-profit - Private,1,2.0,,,2026-07-31 00:22:03,2,0,0.97635,0.0,0.0,Low
190125,ST FRANCIS MEDICAL CENTER,309 JACKSON STREET,MONROE,OUACHITA,LA,71201,(318) 966-4000,Acute Care Hospitals,Voluntary non-profit - Private,1,3.0,,Y,2026-07-31 00:22:03,5,1,0.9716999999999999,1180.0,187.0,Low
190140,FRANKLIN MEDICAL CENTER,2106 LOOP ROAD,WINNSBORO,FRANKLIN,LA,71295,(318) 435-9411,Acute Care Hospitals,Government - Hospital District or Authority,1,,16,,2026-07-31 00:22:03,1,1,1.0012,88.0,13.0,Low
190144,MINDEN MEDICAL CENTER,NO 1 MEDICAL PLAZA,MINDEN,WEBSTER,LA,71055,(318) 377-2321,Acute Care Hospitals,Proprietary,1,2.0,,Y,2026-07-31 00:22:03,3,2,1.0051666666666665,230.0,39.0,Medium
190145,LASALLE GENERAL HOSPITAL,187 NINTH ST/HWY 84 WEST,JENA,LASALLE,LA,71342,(318) 992-9200,Acute Care Hospitals,Government - Hospital District or Authority,0,1.0,,,2026-07-31 00:22:03,2,2,1.0199,60.0,11.0,Medium
190151,RICHARDSON MEDICAL CENTER,254 HIGHWAY 3048,RAYVILLE,RICHLAND,LA,71269,(318) 728-8292,Acute Care Hospitals,Government - Hospital District or Authority,1,,16,,2026-07-31 00:22:03,1,0,0.9797,0.0,0.0,Low
190160,GLENWOOD REGIONAL MEDICAL CENTER,503 MCMILLAN ROAD,WEST MONROE,OUACHITA,LA,71291,(318) 329-4600,Acute Care Hospitals,Proprietary,1,2.0,,,2026-07-31 00:22:03,6,5,1.07385,1051.0,217.0,High
190164,BYRD REGIONAL HOSPITAL,1020 FERTITTA BLVD,LEESVILLE,VERNON,LA,71446,(337) 239-9041,Acute Care Hospitals,Proprietary,1,2.0,,Y,2026-07-31 00:22:03,3,3,1.0564666666666667,354.0,82.0,Medium
190167,MERCY REGIONAL MEDICAL CENTER,800 E MAIN,VILLE PLATTE,EVANGELINE,LA,70586,(337) 363-5684,Acute Care Hospitals,Proprietary,1,3.0,,,2026-07-31 00:22:03,3,1,0.9787333333333333,237.0,30.0,Low
190176,EAST JEFFERSON GENERAL HOSPITAL,4200 HOUMA BLVD,METAIRIE,JEFFERSON,LA,70006,(504) 988-5263,Acute Care Hospitals,Voluntary non-profit - Private,1,2.0,,Y,2026-07-31 00:22:03,6,3,1.0118333333333334,1037.0,190.0,Medium
190183,LEONARD J CHABERT MEDICAL CENTER,1978 INDUSTRIAL BLVD,HOUMA,TERREBONNE,LA,70363,(985) 873-2200,Acute Care Hospitals,Voluntary non-profit - Other,1,3.0,,,2026-07-31 00:22:03,2,1,1.01345,0.0,0.0,Low
190184,CITIZENS MEDICAL CENTER,7939 U S HWY 165 SOUTH,COLUMBIA,CALDWELL,LA,71418,(318) 649-6106,Acute Care Hospitals,Government - Hospital District or Authority,1,3.0,,,2026-07-31 00:22:03,3,2,1.0195,86.0,22.0,Medium
190190,"CALDWELL MEMORIAL HOSPITAL, INC",411 MAIN STREET,COLUMBIA,CALDWELL,LA,71418,(318) 649-6111,Acute Care Hospitals,Proprietary,0,,16,,2026-07-31 00:22:03,1,1,1.0226,0.0,0.0,Low
190202,OCHSNER MEDICAL CENTER - BATON ROUGE,17000 MEDICAL CENTER DR,BATON ROUGE,E. BATON ROUGE,LA,70816,(225) 752-2470,Acute Care Hospitals,Voluntary non-profit - Private,1,4.0,,Y,2026-07-31 00:22:03,4,2,0.9944000000000001,334.0,66.0,Medium
190208,EAST CARROLL PARISH HOSPITAL,336 NORTH HOOD STREET,LAKE PROVIDENCE,EAST CARROLL,LA,71254,(318) 559-4023,Acute Care Hospitals,Government - Hospital District or Authority,1,,16,,2026-07-31 00:22:03,1,1,1.1093,48.0,16.0,Low
190218,SABINE MEDICAL CENTER,240 HIGHLAND DRIVE,MANY,SABINE,LA,71449,(318) 256-1232,Acute Care Hospitals,Proprietary,1,,16,,2026-07-31 00:22:03,1,0,0.9785,0.0,0.0,Low
190251,SURGICAL SPECIALTY CENTER OF BATON ROUGE,8080 BLUEBONNET BLVD,BATON ROUGE,E. BATON ROUGE,LA,70810,(225) 408-8080,Acute Care Hospitals,Physician,0,,16,,2026-07-31 00:22:03,1,0,0.9041,0.0,0.0,Low
190256,STERLING SURGICAL HOSPITAL,989 ROBERT BLVD,SLIDELL,ST. TAMMANY,LA,70458,(985) 690-8200,Acute Care Hospitals,Proprietary,0,,16,,2026-07-31 00:22:03,1,1,1.141,0.0,0.0,Low
190259,LAFAYETTE SURGICAL SPECIALTY HOSPITAL,1101 KALISTE SALOOM RD,LAFAYETTE,LAFAYETTE,LA,70508,(337) 769-4100,Acute Care Hospitals,Physician,0,,16,,2026-07-31 00:22:03,1,0,0.9311,0.0,0.0,Low
190267,AVALA,67252 INDUSTRY LANE,COVINGTON,ST. TAMMANY,LA,70433,(985) 809-9888,Acute Care Hospitals,Physician,0,,16,,2026-07-31 00:22:03,1,0,0.9748,0.0,0.0,Low
190274,OCHSNER MEDICAL CENTER-KENNER,180 WEST ESPLANADE AVENUE,KENNER,JEFFERSON,LA,70065,(504) 464-8065,Acute Care Hospitals,Voluntary non-profit - Private,1,4.0,,Y,2026-07-31 00:22:03,4,1,0.9827,202.0,31.0,Low
190278,SPECIALISTS HOSPITAL SHREVEPORT,1500 LINE AVENUE,SHREVEPORT,CADDO,LA,71101,(318) 213-3800,Acute Care Hospitals,Proprietary,0,,16,,2026-07-31 00:22:03,1,1,1.1157,0.0,0.0,Low
190298,CHRISTUS CENTRAL LOUISIANA SURGICAL HOSPITAL,651 NORTH BOLTON AVE,ALEXANDRIA,RAPIDES,LA,71301,(318) 449-6400,Acute Care Hospitals,Proprietary,0,,16,,2026-07-31 00:22:03,1,1,1.3037,177.0,16.0,Low
190308,ST BERNARD PARISH HOSPITAL,8000 WEST JUDGE PEREZ DRIVE,CHALMETTE,ST. BERNARD,LA,70043,(504) 826-9500,Acute Care Hospitals,Government - Hospital District or Authority,1,4.0,,,2026-07-31 00:22:03,2,1,0.99,0.0,0.0,Low
190312,OUR LADY OF THE ANGELS HOSPITAL,433 PLAZA STREET,BOGALUSA,WASHINGTON,LA,70427,(985) 730-6700,Acute Care Hospitals,Voluntary non-profit - Private,1,4.0,,Y,2026-07-31 00:22:03,2,2,1.0162,0.0,0.0,Medium
190316,THE GENERAL,"3600 FLORIDA BLVD, SUITE 2020",BATON ROUGE,E. BATON ROUGE,LA,70806,(225) 381-6393,Acute Care Hospitals,Voluntary non-profit - Private,1,,16,,2026-07-31 00:22:03,2,1,1.00845,0.0,0.0,Low
190318,ACADIAN MEDICAL CENTER,3501 HIGHWAY 190 EAST,EUNICE,ST. LANDRY,LA,70535,(337) 580-7903,Acute Care Hospitals,Proprietary,1,3.0,,Y,2026-07-31 00:22:03,3,1,0.9627333333333333,49.0,11.0,Low
200001,ST JOSEPH HOSPITAL,360 BROADWAY,BANGOR,PENOBSCOT,ME,04401,(207) 262-1000,Acute Care Hospitals,Voluntary non-profit - Church,1,3.0,,,2026-07-31 00:22:03,5,2,1.0125,507.0,102.0,Medium
200008,NORTHERN LIGHT MERCY HOSPITAL,144 STATE STREET,PORTLAND,CUMBERLAND,ME,04101,(207) 879-3000,Acute Care Hospitals,Voluntary non-profit - Church,1,4.0,,Y,2026-07-31 00:22:03,3,1,0.9793,257.0,37.0,Low
200009,MAINEHEALTH MAINE MEDICAL CENTER,22 BRAMHALL ST,PORTLAND,CUMBERLAND,ME,04102,(207) 662-0111,Acute Care Hospitals,Voluntary non-profit - Private,1,4.0,,Y,2026-07-31 00:22:03,6,0,0.93615,2299.0,309.0,Low
200018,NORTHERN LIGHT  A R GOULD HOSPITAL,PO BOX 151,PRESQUE ISLE,AROOSTOOK,ME,04769,(207) 768-4000,Acute Care Hospitals,Voluntary non-profit - Private,1,2.0,,Y,2026-07-31 00:22:03,3,0,0.9651,66.0,11.0,Low
200020,YORK HOSPITAL,15 HOSPITAL DRIVE,YORK,YORK,ME,03909,(207) 351-2478,Acute Care Hospitals,Voluntary non-profit - Private,1,4.0,,,2026-07-31 00:22:03,4,1,0.99145,353.0,52.0,Low
200021,MAINEHEALTH MID COAST HOSPITAL,123 MEDICAL CENTER DRIVE,BRUNSWICK,CUMBERLAND,ME,04011,(207) 729-0181,Acute Care Hospitals,Voluntary non-profit - Private,1,3.0,,Y,2026-07-31 00:22:03,3,1,0.9834,472.0,63.0,Low
200024,CENTRAL MAINE MEDICAL CENTER,300 MAIN STREET,LEWISTON,ANDROSCOGGIN,ME,04240,(207) 795-0111,Acute Care Hospitals,Voluntary non-profit - Private,1,4.0,,Y,2026-07-31 00:22:03,5,0,0.9244199999999999,768.0,95.0,Low
200031,CARY MEDICAL CENTER,"163 VAN BUREN RD, SUITE 1",CARIBOU,AROOSTOOK,ME,04736,(207) 498-3111,Acute Care Hospitals,Government - Local,1,1.0,,Y,2026-07-31 00:22:03,3,2,1.0381333333333334,103.0,29.0,Medium
200033,NORTHERN LIGHT EASTERN MAINE MEDICAL CENTER,489 STATE STREET,BANGOR,PENOBSCOT,ME,04401,(207) 973-7000,Acute Care Hospitals,Voluntary non-profit - Private,1,5.0,,Y,2026-07-31 00:22:03,6,0,0.8144333333333332,1483.0,164.0,Low
200034,ST MARY'S REGIONAL MEDICAL CENTER,93 CAMPUS AVENUE - PO BOX 291,LEWISTON,ANDROSCOGGIN,ME,04243,(207) 777-8100,Acute Care Hospitals,Voluntary non-profit - Church,1,4.0,,,2026-07-31 00:22:03,2,0,0.92835,0.0,0.0,Low
200039,MAINE GENERAL MEDICAL CENTER,35 MEDICAL CENTER PARKWAY,AUGUSTA,KENNEBEC,ME,04330,(207) 626-1000,Acute Care Hospitals,Voluntary non-profit - Other,1,4.0,,Y,2026-07-31 00:22:03,4,0,0.9233,595.0,69.0,Low
200050,NORTHERN LIGHT MAINE COAST HOSPITAL,50 UNION STREET,ELLSWORTH,HANCOCK,ME,04605,(207) 667-5311,Acute Care Hospitals,Voluntary non-profit - Other,1,3.0,,Y,2026-07-31 00:22:03,2,1,0.98175,172.0,27.0,Low
200063,MAINEHEALTH PEN BAY HOSPITAL,6 GLEN COVE DRIVE,ROCKPORT,KNOX,ME,04856,(207) 921-8000,Acute Care Hospitals,Voluntary non-profit - Private,1,3.0,,Y,2026-07-31 00:22:03,3,2,1.0195333333333334,259.0,46.0,Medium
210001,MERITUS MEDICAL CENTER,11116 MEDICAL CAMPUS ROAD,HAGERSTOWN,WASHINGTON,MD,21742,(240) 313-9500,Acute Care Hospitals,Voluntary non-profit - Private,1,3.0,,Y,2026-07-31 00:22:03,5,2,1.02216,2443.0,474.0,Medium
210002,UNIVERSITY OF MARYLAND MEDICAL CENTER,22 SOUTH  GREENE STREET,BALTIMORE,BALTIMORE CITY,MD,21201,(410) 328-8667,Acute Care Hospitals,Voluntary non-profit - Private,1,3.0,,Y,2026-07-31 00:22:03,5,2,0.9668599999999999,976.0,151.0,Medium
210003,UNIVERSITY OF MD CAPITAL REGION MEDICAL CENTER,901 NORTH HARRY S TRUMAN DRIVE,UPPER MARLBORO,PRINCE GEORGES,MD,20774,(301) 618-2000,Acute Care Hospitals,Voluntary non-profit - Private,1,1.0,,Y,2026-07-31 00:22:03,5,2,0.9937400000000001,467.0,105.0,Medium
210004,HOLY CROSS HOSPITAL,1500 FOREST GLEN ROAD,SILVER SPRING,MONTGOMERY,MD,20910,(301) 754-7000,Acute Care Hospitals,Voluntary non-profit - Church,0,2.0,,Y,2026-07-31 00:22:03,5,1,0.97708,974.0,161.0,Low
210005,FREDERICK HEALTH HOSPITAL,400 WEST SEVENTH ST,FREDERICK,FREDERICK,MD,21701,(240) 566-3300,Acute Care Hospitals,Voluntary non-profit - Private,1,3.0,,Y,2026-07-31 00:22:03,5,3,0.9781600000000001,2189.0,350.0,Medium
210008,MERCY MEDICAL CENTER INC,301 SAINT PAUL PLACE,BALTIMORE,BALTIMORE CITY,MD,21202,(410) 332-9237,Acute Care Hospitals,Voluntary non-profit - Church,1,3.0,,Y,2026-07-31 00:22:03,4,4,1.11065,286.0,73.0,High
210009,"JOHNS HOPKINS HOSPITAL, THE",600 NORTH  WOLFE STREET,BALTIMORE,BALTIMORE CITY,MD,21287,(410) 955-9540,Acute Care Hospitals,Voluntary non-profit - Private,1,5.0,,Y,2026-07-31 00:22:03,5,1,0.9528599999999999,1634.0,267.0,Low
210011,SAINT AGNES HOSPITAL,900 CATON AVENUE,BALTIMORE,BALTIMORE CITY,MD,21229,(410) 368-6000,Acute Care Hospitals,Voluntary non-profit - Church,1,3.0,29,,2026-07-31 00:22:03,5,3,1.03904,1015.0,176.0,Medium
210012,SINAI HOSPITAL OF BALTIMORE,2401 WEST BELVEDERE AVENUE,BALTIMORE,BALTIMORE CITY,MD,21215,(410) 601-9000,Acute Care Hospitals,Voluntary non-profit - Private,1,3.0,,Y,2026-07-31 00:22:03,6,1,0.9209833333333334,1428.0,228.0,Low
210015,MEDSTAR FRANKLIN SQUARE MEDICAL CENTER,9000 FRANKLIN SQUARE DRIVE,ROSEDALE,BALTIMORE,MD,21237,(443) 777-7850,Acute Care Hospitals,Voluntary non-profit - Private,1,3.0,,Y,2026-07-31 00:22:03,4,1,0.9753499999999999,2450.0,441.0,Low
210016,ADVENTIST HEALTHCARE WHITE OAK MEDICAL CENTER,11890 HEALING WAY,SILVER SPRING,MONTGOMERY,MD,20904,(240) 637-4000,Acute Care Hospitals,Voluntary non-profit - Private,1,3.0,,Y,2026-07-31 00:22:03,6,5,1.0383666666666667,1650.0,277.0,High
210017,GARRETT REGIONAL MEDICAL CENTER,251 NORTH  FOURTH STREET,OAKLAND,GARRETT,MD,21550,(301) 533-4173,Acute Care Hospitals,Voluntary non-profit - Private,1,4.0,,Y,2026-07-31 00:22:03,4,0,0.9052,76.0,13.0,Low
210018,MEDSTAR MONTGOMERY MEDICAL CENTER,18101 PRINCE PHILIP DRIVE,OLNEY,MONTGOMERY,MD,20832,(301) 774-8771,Acute Care Hospitals,Voluntary non-profit - Private,1,3.0,,Y,2026-07-31 00:22:03,5,1,0.96944,919.0,142.0,Low
210019,"TIDALHEALTH PENINSULA REGIONAL, INC",100 EAST CARROLL AVENUE,SALISBURY,WICOMICO,MD,21801,(410) 546-6400,Acute Care Hospitals,Voluntary non-profit - Private,1,4.0,,Y,2026-07-31 00:22:03,6,1,0.9378500000000001,2461.0,373.0,Low
210022,SUBURBAN HOSPITAL,8600 OLD GEORGETOWN ROAD,BETHESDA,MONTGOMERY,MD,20814,(301) 896-2576,Acute Care Hospitals,Voluntary non-profit - Private,1,4.0,,,2026-07-31 00:22:03,6,4,1.0150833333333333,1917.0,317.0,High
210023,"LUMINIS HEALTH ANNE ARUNDEL MEDICAL CENTER, INC",2001 MEDICAL PARKWAY,ANNAPOLIS,ANNE ARUNDEL,MD,21401,(443) 481-1000,Acute Care Hospitals,Voluntary non-profit - Private,1,3.0,,Y,2026-07-31 00:22:03,6,4,1.0195166666666666,4210.0,693.0,High
210024,MEDSTAR UNION MEMORIAL HOSPITAL,201 EAST UNIVERSITY PARKWAY,BALTIMORE,BALTIMORE CITY,MD,21218,(410) 554-2227,Acute Care Hospitals,Voluntary non-profit - Other,1,5.0,,,2026-07-31 00:22:03,6,1,0.9009,1485.0,238.0,Low
210027,WESTERN MARYLAND REGIONAL MEDICAL CENTER,12500 WILLOWBROOK ROAD,CUMBERLAND,ALLEGANY,MD,21502,(240) 964-7000,Acute Care Hospitals,Voluntary non-profit - Private,1,4.0,,Y,2026-07-31 00:22:03,6,2,0.9543,1613.0,264.0,Medium
210028,MEDSTAR SAINT MARY'S HOSPITAL,25500 POINT LOOKOUT ROAD,LEONARDTOWN,ST. MARYS,MD,20650,(301) 475-6001,Acute Care Hospitals,Voluntary non-profit - Private,1,4.0,,Y,2026-07-31 00:22:03,5,1,0.93232,1037.0,162.0,Low
210029,JOHNS HOPKINS BAYVIEW MEDICAL CENTER,4940 EASTERN AVENUE,BALTIMORE,BALTIMORE CITY,MD,21224,(410) 550-0123,Acute Care Hospitals,Voluntary non-profit - Private,1,3.0,,Y,2026-07-31 00:22:03,5,1,0.9336399999999999,1268.0,221.0,Low
210030,UNIVERSITY OF MD SHORE MEDICAL CTR AT CHESTERTOWN,100 BROWN STREET,CHESTERTOWN,KENT,MD,21620,(410) 778-7668,Acute Care Hospitals,Voluntary non-profit - Private,1,5.0,,,2026-07-31 00:22:03,3,0,0.9265666666666666,0.0,0.0,Low
210032,UNION HOSPITAL OF CECIL COUNTY,106 BOW STREET,ELKTON,CECIL,MD,21921,(410) 392-7009,Acute Care Hospitals,Voluntary non-profit - Private,0,4.0,,Y,2026-07-31 00:22:03,5,4,1.01486,957.0,187.0,High
210033,CARROLL HOSPITAL CENTER,200 MEMORIAL AVENUE,WESTMINSTER,CARROLL,MD,21157,(410) 848-3000,Acute Care Hospitals,Voluntary non-profit - Private,1,3.0,,Y,2026-07-31 00:22:03,4,3,1.0100500000000001,2250.0,397.0,Medium
210034,MEDSTAR HARBOR HOSPITAL,3001 SOUTH  HANOVER STREET,BALTIMORE,BALTIMORE CITY,MD,21225,(410) 350-3201,Acute Care Hospitals,Voluntary non-profit - Private,0,4.0,,Y,2026-07-31 00:22:03,4,1,0.9705,684.0,116.0,Low
210035,UNIVERSITY OF MD CHARLES REGIONAL  MEDICAL CENTER,5 GARRETT AVENUE,LA PLATA,CHARLES,MD,20646,(301) 609-4265,Acute Care Hospitals,Voluntary non-profit - Private,1,3.0,,Y,2026-07-31 00:22:03,4,1,0.965125,796.0,136.0,Low
210037,UNIVERSITY OF MD SHORE MEDICAL CENTER AT EASTON,219 SOUTH  WASHINGTON STREET,EASTON,TALBOT,MD,21601,(410) 822-1000,Acute Care Hospitals,Voluntary non-profit - Private,1,4.0,,Y,2026-07-31 00:22:03,5,1,0.9510799999999999,1100.0,155.0,Low
210038,UNIVERSITY OF MD MEDICAL CENTER MIDTOWN CAMPUS,827 LINDEN AVENUE,BALTIMORE,BALTIMORE CITY,MD,21201,(410) 225-8996,Acute Care Hospitals,Voluntary non-profit - Other,1,3.0,,,2026-07-31 00:22:03,3,0,0.9775,73.0,15.0,Low
210039,CALVERTHEALTH MEDICAL CENTER,100 HOSPITAL ROAD,PRINCE FREDERICK,CALVERT,MD,20678,(410) 535-8240,Acute Care Hospitals,Voluntary non-profit - Other,1,5.0,,Y,2026-07-31 00:22:03,4,1,0.980275,946.0,166.0,Low
210040,NORTHWEST HOSPITAL CENTER,5401 OLD COURT ROAD,RANDALLSTOWN,BALTIMORE,MD,21133,(410) 521-2200,Acute Care Hospitals,Voluntary non-profit - Private,1,2.0,,,2026-07-31 00:22:03,4,4,1.032425,1189.0,241.0,High
210043,UNIVERSITY OF MD BALTIMORE WASHINGTON MEDICAL CENTER,301 HOSPITAL DRIVE,GLEN BURNIE,ANNE ARUNDEL,MD,21061,(410) 595-1967,Acute Care Hospitals,Voluntary non-profit - Other,1,5.0,,Y,2026-07-31 00:22:03,5,1,0.94848,1722.0,272.0,Low
210044,GREATER BALTIMORE MEDICAL CENTER,6701 NORTH  CHARLES STREET,BALTIMORE,BALTIMORE,MD,21204,(443) 849-2000,Acute Care Hospitals,Voluntary non-profit - Private,1,5.0,,Y,2026-07-31 00:22:03,4,0,0.93875,1342.0,203.0,Low
210048,JOHNS HOPKINS HOWARD COUNTY MEDICAL CENTER,5755 CEDAR LANE,COLUMBIA,HOWARD,MD,21044,(410) 740-7890,Acute Care Hospitals,Voluntary non-profit - Private,1,3.0,,Y,2026-07-31 00:22:03,5,3,1.04474,1956.0,341.0,Medium
210049,UMD UPPER CHESAPEAKE MEDICAL CENTER,500 UPPER CHESAPEAKE DRIVE,BEL AIR,HARFORD,MD,21014,(443) 643-3303,Acute Care Hospitals,Voluntary non-profit - Other,1,2.0,,Y,2026-07-31 00:22:03,5,2,0.9984999999999999,2111.0,357.0,Medium
210051,"LUMINIS HEALTH DOCTORS COMMUNITY MEDICAL CTR, INC",8118 GOOD LUCK ROAD,LANHAM,PRINCE GEORGES,MD,20706,(301) 552-8118,Acute Care Hospitals,Proprietary,1,3.0,,,2026-07-31 00:22:03,4,2,1.05415,1154.0,200.0,Medium
210056,MEDSTAR GOOD SAMARITAN HOSPITAL,5601 LOCH RAVEN BOULEVARD,BALTIMORE,BALTIMORE CITY,MD,21239,(443) 444-3902,Acute Care Hospitals,Voluntary non-profit - Other,1,3.0,,,2026-07-31 00:22:03,4,3,0.99875,977.0,204.0,Medium
210057,ADVENTIST HEALTHCARE SHADY GROVE MEDICAL CENTER,9901 MEDICAL CENTER DRIVE,ROCKVILLE,MONTGOMERY,MD,20850,(240) 826-6517,Acute Care Hospitals,Voluntary non-profit - Private,1,2.0,,Y,2026-07-31 00:22:03,5,2,1.07106,1738.0,269.0,Medium
210060,ADVENTIST HEALTHCARE FORT WASHINGTON MEDICAL CTR,11711 LIVINGSTON ROAD,FORT WASHINGTON,PRINCE GEORGES,MD,20744,(301) 292-7000,Acute Care Hospitals,Voluntary non-profit - Other,1,4.0,,,2026-07-31 00:22:03,4,1,0.9769249999999999,281.0,46.0,Low
210061,ATLANTIC GENERAL HOSPITAL,9733 HEALTHWAY DRIVE,BERLIN,WORCESTER,MD,21811,(410) 641-1100,Acute Care Hospitals,Voluntary non-profit - Private,1,3.0,,,2026-07-31 00:22:03,3,1,0.9978333333333333,842.0,131.0,Low
210062,MEDSTAR SOUTHERN MARYLAND HOSPITAL CENTER,7503 SURRATTS ROAD,CLINTON,PRINCE GEORGES,MD,20735,(301) 868-8000,Acute Care Hospitals,Voluntary non-profit - Private,1,2.0,,Y,2026-07-31 00:22:03,5,2,0.99236,1386.0,227.0,Medium
210063,UNIVERSITY OF MD ST JOSEPH MEDICAL CENTER,7601 OSLER DRIVE,TOWSON,BALTIMORE,MD,21204,(410) 337-1000,Acute Care Hospitals,Voluntary non-profit - Private,1,5.0,,Y,2026-07-31 00:22:03,6,2,0.9852166666666666,2425.0,328.0,Medium
210065,HOLY CROSS GERMANTOWN HOSPITAL,19801 OBSERVATION DRIVE,GERMANTOWN,MONTGOMERY,MD,20876,(301) 557-6020,Acute Care Hospitals,Voluntary non-profit - Private,1,1.0,,Y,2026-07-31 00:22:03,5,5,1.06166,491.0,110.0,High
220001,UMASS MEMORIAL HEALTHALLIANCE HOSPITALS,60 HOSPITAL ROAD,LEOMINSTER,WORCESTER,MA,01453,(978) 466-2000,Acute Care Hospitals,Voluntary non-profit - Other,1,3.0,,,2026-07-31 00:22:03,4,4,1.057775,1019.0,214.0,High
220002,MOUNT AUBURN HOSPITAL,330 MOUNT AUBURN STREET,CAMBRIDGE,MIDDLESEX,MA,02138,(617) 492-3500,Acute Care Hospitals,Voluntary non-profit - Private,1,4.0,,Y,2026-07-31 00:22:03,6,1,0.9299666666666666,1316.0,209.0,Low
220008,STURDY MEMORIAL HOSPITAL,211 PARK STREET,ATTLEBORO,BRISTOL,MA,02703,(508) 222-5200,Acute Care Hospitals,Voluntary non-profit - Other,1,3.0,,Y,2026-07-31 00:22:03,4,4,1.1568749999999999,1669.0,308.0,High
220010,MERRIMACK HEALTH LAWRENCE HOSPITAL,ONE GENERAL STREET,LAWRENCE,ESSEX,MA,01841,(978) 683-4000,Acute Care Hospitals,Voluntary non-profit - Private,1,2.0,,Y,2026-07-31 00:22:03,5,2,0.9945,1243.0,222.0,Medium
220011,CAMBRIDGE HEALTH ALLIANCE,1493 CAMBRIDGE STREET,CAMBRIDGE,MIDDLESEX,MA,02139,(617) 665-1000,Acute Care Hospitals,Government - Local,1,3.0,,Y,2026-07-31 00:22:03,4,0,0.940975,537.0,82.0,Low
220012,CAPE COD HOSPITAL,27 PARK STREET,HYANNIS,BARNSTABLE,MA,02601,(508) 771-1800,Acute Care Hospitals,Voluntary non-profit - Private,1,2.0,,Y,2026-07-31 00:22:03,6,6,1.1154833333333334,3728.0,652.0,High
220015,"COOLEY DICKINSON HOSPITAL INC,THE",30 LOCUST STREET,NORTHAMPTON,HAMPSHIRE,MA,01061,(413) 582-2000,Acute Care Hospitals,Voluntary non-profit - Private,1,2.0,,Y,2026-07-31 00:22:03,4,3,1.044575,902.0,154.0,Medium
220016,BAYSTATE FRANKLIN MEDICAL CENTER,164 HIGH STREET,GREENFIELD,FRANKLIN,MA,01301,(413) 773-0211,Acute Care Hospitals,Voluntary non-profit - Private,1,3.0,,Y,2026-07-31 00:22:03,3,2,1.0249666666666666,665.0,118.0,Medium
220017,CARNEY HOSPITAL,2100 DORCHESTER AVENUE,BOSTON,SUFFOLK,MA,02124,(617) 506-2000,Acute Care Hospitals,Proprietary,1,,19,,2026-07-31 00:22:03,2,1,0.99065,64.0,11.0,Low
220019,UMASS MEMORIAL HEALTH - HARRINGTON HOSPITAL,100 SOUTH STREET,SOUTHBRIDGE,WORCESTER,MA,01550,(508) 765-9771,Acute Care Hospitals,Voluntary non-profit - Private,1,3.0,,,2026-07-31 00:22:03,3,3,1.0860666666666667,683.0,143.0,Medium
220020,SAINT ANNE'S HOSPITAL,795 MIDDLE STREET,FALL RIVER,BRISTOL,MA,02721,(508) 674-5600,Acute Care Hospitals,Proprietary,1,3.0,,,2026-07-31 00:22:03,5,3,1.01994,1473.0,203.0,Medium
220024,HOLYOKE MEDICAL CENTER,575 BEECH STREET,HOLYOKE,HAMPDEN,MA,01040,(413) 534-2500,Acute Care Hospitals,Voluntary non-profit - Private,1,4.0,,,2026-07-31 00:22:03,4,4,1.05965,680.0,128.0,High
220029,ANNA JAQUES HOSPITAL,25 HIGHLAND AVENUE,NEWBURYPORT,ESSEX,MA,01950,(978) 463-1000,Acute Care Hospitals,Voluntary non-profit - Private,1,3.0,,Y,2026-07-31 00:22:03,4,4,1.109275,1308.0,214.0,High
220030,BAYSTATE WING HOSPITAL,40 WRIGHT STREET,PALMER,HAMPDEN,MA,01069,(413) 283-7651,Acute Care Hospitals,Voluntary non-profit - Other,1,4.0,,,2026-07-31 00:22:03,3,3,1.0468666666666666,871.0,168.0,Medium
220031,BOSTON MEDICAL CENTER,1 BOSTON MEDICAL CENTER PLACE,BOSTON,SUFFOLK,MA,02118,(617) 638-8000,Acute Care Hospitals,Voluntary non-profit - Private,1,3.0,,Y,2026-07-31 00:22:03,6,1,0.9846666666666667,819.0,160.0,Low
220033,NORTHEAST HOSPITAL CORPORATION,85 HERRICK STREET,BEVERLY,ESSEX,MA,01915,(978) 922-3000,Acute Care Hospitals,Voluntary non-profit - Private,1,3.0,,Y,2026-07-31 00:22:03,5,3,1.01444,2852.0,435.0,Medium
220035,NORTH SHORE MEDICAL CENTER -,81 HIGHLAND AVENUE,SALEM,ESSEX,MA,01970,(978) 741-1215,Acute Care Hospitals,Voluntary non-profit - Private,1,5.0,,Y,2026-07-31 00:22:03,5,2,0.9916600000000001,2932.0,510.0,Medium
220036,BOSTON MEDICAL CENTER-BRIGHTON,"736 CAMBRIDGE STREET, NEVINS BUILDING",BRIGHTON,SUFFOLK,MA,02135,(617) 789-3000,Acute Care Hospitals,Proprietary,1,3.0,,Y,2026-07-31 00:22:03,6,4,1.0529,982.0,188.0,High
220046,BERKSHIRE MEDICAL CENTER,725 NORTH STREET,PITTSFIELD,BERKSHIRE,MA,01201,(413) 447-2000,Acute Care Hospitals,Voluntary non-profit - Other,1,4.0,,Y,2026-07-31 00:22:03,5,1,0.95878,1885.0,348.0,Low
220049,UMASS MEMORIAL HEALTHCARE-MARLBOROUGH HOSPITAL,157 UNION STREET,MARLBOROUGH,MIDDLESEX,MA,01752,(508) 481-5000,Acute Care Hospitals,Voluntary non-profit - Private,1,2.0,,,2026-07-31 00:22:03,4,4,1.0778,589.0,133.0,High
220052,SIGNATURE HEALTHCARE BROCKTON HOSPITAL,680 CENTER STREET,BROCKTON,PLYMOUTH,MA,02302,(508) 941-7000,Acute Care Hospitals,Voluntary non-profit - Other,1,3.0,,Y,2026-07-31 00:22:03,5,2,1.0007199999999998,440.0,83.0,Medium
220060,BETH ISRAEL DEACONESS HOSPITAL PLYMOUTH,275 SANDWICH STREET,PLYMOUTH,PLYMOUTH,MA,02360,(508) 746-2000,Acute Care Hospitals,Voluntary non-profit - Private,1,4.0,,Y,2026-07-31 00:22:03,5,1,0.96828,2612.0,368.0,Low
220063,LOWELL GENERAL HOSPITAL,295 VARNUM AVENUE,LOWELL,MIDDLESEX,MA,01854,(978) 937-6000,Acute Care Hospitals,Voluntary non-profit - Private,1,2.0,,Y,2026-07-31 00:22:03,5,4,1.06006,2312.0,467.0,High
220065,BAYSTATE NOBLE HOSPITAL,115 WEST SILVER STREET,WESTFIELD,HAMPDEN,MA,01086,(413) 568-2811,Acute Care Hospitals,Voluntary non-profit - Private,1,2.0,,,2026-07-31 00:22:03,3,2,1.0264333333333333,542.0,95.0,Medium
220066,MERCY MEDICAL CTR,271 CAREW STREET,SPRINGFIELD,HAMPDEN,MA,01104,(413) 748-9000,Acute Care Hospitals,Voluntary non-profit - Private,1,2.0,,Y,2026-07-31 00:22:03,4,3,1.03625,823.0,172.0,Medium
220070,MELROSEWAKEFIELD HEALTHCARE,585 LEBANON STREET,MELROSE,MIDDLESEX,MA,02176,(781) 979-3000,Acute Care Hospitals,Voluntary non-profit - Private,1,3.0,,Y,2026-07-31 00:22:03,5,5,1.1505800000000002,1558.0,319.0,High
220071,MASSACHUSETTS GENERAL HOSPITAL,55 FRUIT STREET,BOSTON,SUFFOLK,MA,02114,(617) 726-2000,Acute Care Hospitals,Voluntary non-profit - Private,1,5.0,,Y,2026-07-31 00:22:03,6,0,0.9165666666666666,4269.0,709.0,Low
220073,BROWN UNIVERSITY HEALTH MORTON HOSPITAL,88 WASHINGTON STREET,TAUNTON,BRISTOL,MA,02780,(508) 828-7000,Acute Care Hospitals,Proprietary,1,1.0,,,2026-07-31 00:22:03,5,4,1.17146,1458.0,271.0,High
220074,SOUTHCOAST HOSPITALS GROUP,363 HIGHLAND AVENUE,FALL RIVER,BRISTOL,MA,02720,(508) 679-3131,Acute Care Hospitals,Voluntary non-profit - Private,1,4.0,,Y,2026-07-31 00:22:03,6,0,0.9505833333333333,5397.0,846.0,Low
220077,BAYSTATE MEDICAL CENTER,759 CHESTNUT STREET,SPRINGFIELD,HAMPDEN,MA,01199,(413) 794-0000,Acute Care Hospitals,Voluntary non-profit - Private,1,2.0,,Y,2026-07-31 00:22:03,6,5,1.1065666666666667,5167.0,926.0,High
220080,HOLY FAMILY HOSPITAL,70 EAST STREET,METHUEN,ESSEX,MA,01844,(978) 687-0156,Acute Care Hospitals,Proprietary,1,2.0,,Y,2026-07-31 00:22:03,5,5,1.15522,1526.0,268.0,High
220083,BETH ISRAEL DEACONESS HOSPITAL - NEEDHAM,148 CHESTNUT STREET,NEEDHAM,NORFOLK,MA,02494,(781) 453-3002,Acute Care Hospitals,Voluntary non-profit - Private,1,5.0,,,2026-07-31 00:22:03,4,2,1.023525,1349.0,242.0,Medium
220084,EMERSON HOSPITAL -,133 OLD ROAD TO 9 ACRE CORNER,W CONCORD,MIDDLESEX,MA,01742,(978) 369-1400,Acute Care Hospitals,Voluntary non-profit - Private,1,5.0,,Y,2026-07-31 00:22:03,4,2,0.985,846.0,146.0,Medium
220086,BETH ISRAEL DEACONESS MEDICAL CENTER,330 BROOKLINE AVENUE,BOSTON,SUFFOLK,MA,02215,(617) 667-7000,Acute Care Hospitals,Voluntary non-profit - Private,1,3.0,,Y,2026-07-31 00:22:03,6,3,1.0193666666666668,2819.0,495.0,Medium
220088,NEW ENGLAND BAPTIST HOSPITAL,125 PARKER HILL AVENUE,BOSTON,SUFFOLK,MA,02120,(617) 754-5800,Acute Care Hospitals,Voluntary non-profit - Private,0,5.0,,,2026-07-31 00:22:03,1,0,0.5939,2393.0,64.0,Low
220090,MILFORD REGIONAL MEDICAL CENTER,14 PROSPECT STREET,MILFORD,WORCESTER,MA,01757,(508) 473-1190,Acute Care Hospitals,Voluntary non-profit - Other,1,4.0,,Y,2026-07-31 00:22:03,5,4,1.077,1940.0,427.0,High
220095,HEYWOOD HOSPITAL -,242 GREEN STREET,GARDNER,WORCESTER,MA,01440,(978) 632-3420,Acute Care Hospitals,Voluntary non-profit - Private,1,2.0,,Y,2026-07-31 00:22:03,4,3,0.992075,617.0,113.0,Medium
220098,NASHOBA VALLEY MEDICAL CENTER,200 GROTON ROAD,AYER,MIDDLESEX,MA,01432,(978) 784-9000,Acute Care Hospitals,Proprietary,1,,19,,2026-07-31 00:22:03,4,2,0.9878,305.0,53.0,Medium
220100,SOUTH SHORE HOSPITAL,55 FOGG ROAD,SOUTH WEYMOUTH,NORFOLK,MA,02190,(781) 340-8000,Acute Care Hospitals,Voluntary non-profit - Private,1,2.0,,Y,2026-07-31 00:22:03,5,4,1.06712,4608.0,900.0,High
220101,NEWTON-WELLESLEY HOSPITAL,2014 WASHINGTON STREET,NEWTON,MIDDLESEX,MA,02462,(617) 243-6000,Acute Care Hospitals,Voluntary non-profit - Private,1,5.0,,Y,2026-07-31 00:22:03,5,3,1.00242,2559.0,363.0,Medium
220105,WINCHESTER HOSPITAL,41 HIGHLAND AVENUE,WINCHESTER,MIDDLESEX,MA,01890,(781) 729-9000,Acute Care Hospitals,Voluntary non-profit - Private,1,3.0,,Y,2026-07-31 00:22:03,5,5,1.22116,2029.0,404.0,High
220108,BETH ISRAEL DEACONESS HOSPITAL - MILTON,199 REEDSDALE ROAD,MILTON,NORFOLK,MA,02186,(617) 696-4600,Acute Care Hospitals,Government - Federal,1,4.0,,,2026-07-31 00:22:03,4,2,0.94915,2123.0,206.0,Medium
220110,BRIGHAM AND WOMEN'S HOSPITAL,75 FRANCIS STREET,BOSTON,SUFFOLK,MA,02115,(617) 732-5500,Acute Care Hospitals,Voluntary non-profit - Private,1,5.0,,Y,2026-07-31 00:22:03,6,2,0.9808833333333333,3637.0,573.0,Medium
220111,GOOD SAMARITAN MEDICAL CENTER,235 NORTH PEARL STREET,BROCKTON,PLYMOUTH,MA,02301,(508) 427-3000,Acute Care Hospitals,Proprietary,1,2.0,,Y,2026-07-31 00:22:03,5,4,1.0529199999999999,2270.0,384.0,High
220116,TUFTS MEDICAL CENTER,800 WASHINGTON STREET,BOSTON,SUFFOLK,MA,02111,(617) 636-5000,Acute Care Hospitals,Voluntary non-profit - Private,1,2.0,,Y,2026-07-31 00:22:03,6,6,1.1393333333333333,1111.0,233.0,High
220119,BRIGHAM AND WOMEN FAULKNER HOSPITAL,1153 CENTRE STREET,JAMAICA PLAIN,SUFFOLK,MA,02130,(617) 983-7000,Acute Care Hospitals,Voluntary non-profit - Private,1,5.0,,,2026-07-31 00:22:03,4,0,0.9428,1294.0,184.0,Low
220135,FALMOUTH HOSPITAL,67 & 100 TER HEUN DRIVE,FALMOUTH,BARNSTABLE,MA,02540,(508) 548-5300,Acute Care Hospitals,Voluntary non-profit - Private,1,4.0,,,2026-07-31 00:22:03,5,3,1.00438,1466.0,261.0,Medium
220163,UMASS MEMORIAL MEDICAL CENTER/UNIVERSITY CAMPUS,55 LAKE AVENUE NORTH,WORCESTER,WORCESTER,MA,01655,(508) 334-1000,Acute Care Hospitals,Voluntary non-profit - Private,1,3.0,,Y,2026-07-31 00:22:03,6,4,1.0136833333333335,3248.0,567.0,High
220171,"LAHEY HOSPITAL & MEDICAL CENTER, BURLINGTON",41 & 45 MALL ROAD,BURLINGTON,MIDDLESEX,MA,01803,(781) 744-5100,Acute Care Hospitals,Voluntary non-profit - Private,1,4.0,,,2026-07-31 00:22:03,6,5,1.0293333333333334,3388.0,524.0,High
220175,METROWEST MEDICAL CENTER,115 LINCOLN STREET,FRAMINGHAM,MIDDLESEX,MA,01701,(508) 383-1000,Acute Care Hospitals,Voluntary non-profit - Private,1,1.0,,Y,2026-07-31 00:22:03,4,3,1.072325,929.0,194.0,Medium
220176,ST VINCENT HOSPITAL,123 SUMMER STREET,WORCESTER,WORCESTER,MA,01608,(508) 363-5000,Acute Care Hospitals,Proprietary,1,2.0,,Y,2026-07-31 00:22:03,6,5,1.0528833333333334,1008.0,187.0,High
220177,NANTUCKET COTTAGE HOSPITAL,57 PROSPECT STREET,NANTUCKET,NANTUCKET,MA,02554,(508) 228-1200,Acute Care Hospitals,Voluntary non-profit - Private,1,3.0,,Y,2026-07-31 00:22:03,2,2,1.0423,116.0,24.0,Medium
230002,ST JOE MERCY HOSPITAL SYSTEM LIVONIA,36475 FIVE MILE ROAD,LIVONIA,WAYNE,MI,48154,(734) 655-4800,Acute Care Hospitals,Voluntary non-profit - Private,1,2.0,,Y,2026-07-31 00:22:03,5,5,1.1346,1638.0,351.0,High
230003,COREWELL HEALTH ZEELAND HOSPITAL,8333 FELCH ST,ZEELAND,OTTAWA,MI,49464,(616) 772-4644,Acute Care Hospitals,Voluntary non-profit - Private,1,5.0,,Y,2026-07-31 00:22:03,2,1,0.96985,0.0,0.0,Low
230005,PROMEDICA CHARLES AND VIRGINIA HICKMAN HOSPITAL,5640 N ADRIAN HIGHWAY,ADRIAN,LENAWEE,MI,49221,(517) 265-0900,Acute Care Hospitals,Voluntary non-profit - Private,1,3.0,,Y,2026-07-31 00:22:03,4,0,0.950975,413.0,62.0,Low
230015,THREE RIVERS HEALTH,701 S HEALTH PARKWAY,THREE RIVERS,ST. JOSEPH,MI,49093,(269) 273-9602,Acute Care Hospitals,Government - Hospital District or Authority,0,2.0,,Y,2026-07-31 00:22:03,3,1,0.9932333333333333,0.0,0.0,Low
230017,BRONSON METHODIST HOSPITAL,601 JOHN STREET,KALAMAZOO,KALAMAZOO,MI,49007,(269) 341-6000,Acute Care Hospitals,Voluntary non-profit - Private,1,4.0,,Y,2026-07-31 00:22:03,6,1,0.9566500000000001,1326.0,197.0,Low
230019,"ASCENSION PROVIDENCE HOSPITAL, SOUTHFIELD AND NOVI",16001 W NINE MILE RD,SOUTHFIELD,OAKLAND,MI,48075,(248) 849-3000,Acute Care Hospitals,Voluntary non-profit - Church,1,4.0,29,Y,2026-07-31 00:22:03,6,1,0.9349666666666666,1797.0,335.0,Low
230020,BEAUMONT HOSPITAL - DEARBORN,18101 OAKWOOD BLVD,DEARBORN,WAYNE,MI,48124,(313) 593-7125,Acute Care Hospitals,Voluntary non-profit - Private,1,2.0,,Y,2026-07-31 00:22:03,6,5,1.0579,1561.0,356.0,High
230021,"LAKELAND HOSPITAL, ST JOSEPH",1234 NAPIER AVENUE,ST JOSEPH,BERRIEN,MI,49085,(269) 983-8300,Acute Care Hospitals,Voluntary non-profit - Private,1,4.0,,Y,2026-07-31 00:22:03,5,1,0.9619,1154.0,178.0,Low
230022,INSIGHT HOSPITAL AND MEDICAL CENTER COLDWATER,274 E CHICAGO ST,COLDWATER,BRANCH,MI,49036,(517) 279-5489,Acute Care Hospitals,Government - Local,1,2.0,,,2026-07-31 00:22:03,3,2,1.0258,273.0,49.0,Medium
230024,SINAI-GRACE HOSPITAL,6071 W OUTER DRIVE,DETROIT,WAYNE,MI,48235,(313) 966-3300,Acute Care Hospitals,Proprietary,1,1.0,,Y,2026-07-31 00:22:03,4,3,1.02615,452.0,110.0,Medium
230029,TRINITY HEALTH OAKLAND HOSPITAL,44405 WOODWARD AVE,PONTIAC,OAKLAND,MI,48341,(248) 858-3000,Acute Care Hospitals,Voluntary non-profit - Private,1,2.0,,Y,2026-07-31 00:22:03,6,5,1.0782333333333334,1650.0,319.0,High
230030,MYMICHIGAN MEDICAL CENTER ALMA,300 E WARWICK DR,ALMA,GRATIOT,MI,48801,(989) 463-1101,Acute Care Hospitals,Voluntary non-profit - Private,1,4.0,,Y,2026-07-31 00:22:03,4,3,1.040925,386.0,78.0,Medium
230031,LAKE HURON MEDICAL CENTER,2601 ELECTRIC AVENUE,PORT HURON,ST. CLAIR,MI,48060,(810) 985-1500,Acute Care Hospitals,Voluntary non-profit - Church,1,4.0,,,2026-07-31 00:22:03,4,2,0.99925,284.0,58.0,Medium
230035,SPECTRUM HEALTH UNITED HOSPITAL,615 S BOWER STREET,GREENVILLE,MONTCALM,MI,48838,(616) 754-4691,Acute Care Hospitals,Voluntary non-profit - Other,0,4.0,,Y,2026-07-31 00:22:03,3,1,1.0257333333333334,313.0,60.0,Low
230036,MYMICHIGAN MEDICAL CENTER ALPENA,1501 W CHISHOLM ST,ALPENA,ALPENA,MI,49707,(989) 356-7390,Acute Care Hospitals,Proprietary,1,3.0,,Y,2026-07-31 00:22:03,4,1,0.97515,413.0,63.0,Low
230037,HILLSDALE HOSPITAL,168 S HOWELL STREET,HILLSDALE,HILLSDALE,MI,49242,(517) 437-4451,Acute Care Hospitals,Voluntary non-profit - Private,1,3.0,,Y,2026-07-31 00:22:03,4,1,0.947225,53.0,11.0,Low
230038,SPECTRUM HEALTH,100 MICHIGAN ST NE,GRAND RAPIDS,KENT,MI,49503,(616) 391-1774,Acute Care Hospitals,Voluntary non-profit - Private,1,4.0,,Y,2026-07-31 00:22:03,6,1,0.9114666666666666,2358.0,336.0,Low
230041,MCLAREN BAY REGION,1900 COLUMBUS AVE,BAY CITY,BAY,MI,48708,(989) 894-9510,Acute Care Hospitals,Voluntary non-profit - Private,1,1.0,,Y,2026-07-31 00:22:03,6,6,1.1384,1621.0,318.0,High
230046,UNIVERSITY OF MICHIGAN HEALTH SYSTEM,"1500 E MEDICAL CENTER DRIVE, SPC 5474",ANN ARBOR,WASHTENAW,MI,48109,(734) 764-1505,Acute Care Hospitals,Voluntary non-profit - Private,1,4.0,,Y,2026-07-31 00:22:03,6,2,1.0047666666666666,1588.0,312.0,Medium
230047,HENRY FORD MACOMB HOSPITAL,15855 NINETEEN MILE RD,CLINTON TOWNSHIP,MACOMB,MI,48038,(586) 263-2300,Acute Care Hospitals,Voluntary non-profit - Private,1,3.0,,Y,2026-07-31 00:22:03,5,0,0.9586399999999999,2253.0,375.0,Low
230053,HENRY FORD HEALTH HOSPITAL,2799 W GRAND BLVD,DETROIT,WAYNE,MI,48202,(313) 916-2600,Acute Care Hospitals,Voluntary non-profit - Private,1,3.0,,Y,2026-07-31 00:22:03,5,3,1.0331199999999998,1186.0,239.0,Medium
230054,UPHS MARQUETTE DLP HOSPITAL,850 W BARAGA AVE,MARQUETTE,MARQUETTE,MI,49855,(906) 228-9440,Acute Care Hospitals,Government - Local,1,3.0,,Y,2026-07-31 00:22:03,6,1,0.9505,698.0,81.0,Low
230055,DICKINSON COUNTY MEMORIAL HOSPITAL,1721 S STEPHENSON AVE,IRON MOUNTAIN,DICKINSON,MI,49801,(906) 774-1313,Acute Care Hospitals,Government - Local,1,2.0,,Y,2026-07-31 00:22:03,3,1,0.9724,238.0,39.0,Low
230058,MUNSON HEALTHCARE GRAYLING HOSPITAL,1100 E MICHIGAN AVE,GRAYLING,CRAWFORD,MI,49738,(989) 348-5461,Acute Care Hospitals,Voluntary non-profit - Church,1,3.0,,Y,2026-07-31 00:22:03,3,0,0.9560666666666666,127.0,18.0,Low
230059,MERCY HEALTH SAINT MARY'S,200 JEFFERSON AVENUE SE,GRAND RAPIDS,KENT,MI,49503,(616) 685-5000,Acute Care Hospitals,Voluntary non-profit - Church,1,3.0,,Y,2026-07-31 00:22:03,5,4,1.0237399999999999,559.0,104.0,High
230066,TRINITY HEALTH MUSKEGON HOSPITAL,1500 E SHERMAN BLVD,MUSKEGON,MUSKEGON,MI,49441,(231) 726-3511,Acute Care Hospitals,Voluntary non-profit - Private,1,3.0,,Y,2026-07-31 00:22:03,6,1,0.9183333333333333,1055.0,124.0,Low
230069,TRINITY HEALTH LIVINGSTON HOSPITAL,620 BYRON RD,HOWELL,LIVINGSTON,MI,48843,(517) 545-6000,Acute Care Hospitals,Voluntary non-profit - Other,1,4.0,,,2026-07-31 00:22:03,3,0,0.9226000000000001,553.0,69.0,Low
230070,COVENANT MEDICAL CENTER,1447 N HARRISON,SAGINAW,SAGINAW,MI,48602,(989) 583-6000,Acute Care Hospitals,Voluntary non-profit - Private,1,2.0,,Y,2026-07-31 00:22:03,6,3,0.9937833333333334,1608.0,333.0,Medium
230072,HOLLAND COMMUNITY HOSPITAL,602 MICHIGAN AVE,HOLLAND,OTTAWA,MI,49423,(616) 392-5141,Acute Care Hospitals,Voluntary non-profit - Private,1,5.0,,Y,2026-07-31 00:22:03,5,0,0.9507999999999999,189.0,31.0,Low
230075,BRONSON BATTLE CREEK HOSPITAL,300 NORTH AVENUE,BATTLE CREEK,CALHOUN,MI,49017,(269) 966-8000,Acute Care Hospitals,Proprietary,1,3.0,,Y,2026-07-31 00:22:03,4,3,1.0893,625.0,118.0,Medium
230077,MYMICHIGAN MEDICAL CENTER SAGINAW,800 S WASHINGTON AVENUE,SAGINAW,SAGINAW,MI,48601,(989) 776-8000,Acute Care Hospitals,Voluntary non-profit - Church,1,3.0,29,,2026-07-31 00:22:03,4,2,0.976675,534.0,79.0,Medium
230080,MCLAREN CENTRAL MICHIGAN,1221 SOUTH DRIVE,MOUNT PLEASANT,ISABELLA,MI,48858,(989) 772-6700,Acute Care Hospitals,Voluntary non-profit - Private,1,3.0,,Y,2026-07-31 00:22:03,4,4,1.028,169.0,37.0,High
230081,MUNSON HEALTHCARE CADILLAC HOSPITAL,400 HOBART ST,CADILLAC,WEXFORD,MI,49601,(231) 876-7400,Acute Care Hospitals,Voluntary non-profit - Church,1,4.0,,Y,2026-07-31 00:22:03,3,1,0.9602333333333334,239.0,34.0,Low
230085,BRONSON SOUTH HAVEN HOSPITAL,955 S BAILEY AVE,SOUTH HAVEN,VAN BUREN,MI,49090,(269) 637-5271,Acute Care Hospitals,Government - Hospital District or Authority,1,,5,,2026-07-31 00:22:03,2,0,0.9566,0.0,0.0,Low
230089,BEAUMONT HOSPITAL - GROSSE POINTE,468 CADIEUX RD,GROSSE POINTE,WAYNE,MI,48230,(313) 473-1000,Acute Care Hospitals,Voluntary non-profit - Private,1,4.0,,Y,2026-07-31 00:22:03,5,4,1.06682,897.0,190.0,High
230092,HENRY FORD ALLEGIANCE HEALTH,205 N EAST AVE,JACKSON,JACKSON,MI,49201,(517) 788-4800,Acute Care Hospitals,Voluntary non-profit - Other,1,3.0,,Y,2026-07-31 00:22:03,5,4,1.0209199999999998,1826.0,312.0,High
230093,COREWELL HEALTH BIG RAPIDS HOSPITAL,605 OAK STREET,BIG RAPIDS,MECOSTA,MI,49307,(231) 796-8691,Acute Care Hospitals,Voluntary non-profit - Private,1,3.0,,Y,2026-07-31 00:22:03,3,2,1.0176666666666667,258.0,48.0,Medium
230095,MYMICHIGAN MEDICAL CENTER WEST BRANCH,2463 SOUTH M-30,WEST BRANCH,OGEMAW,MI,48661,(989) 345-3660,Acute Care Hospitals,Government - Local,1,5.0,,Y,2026-07-31 00:22:03,4,2,0.976125,305.0,50.0,Medium
230097,MUNSON MEDICAL CENTER,1105 SIXTH STREET,TRAVERSE CITY,GRAND TRAVERSE,MI,49684,(231) 935-5000,Acute Care Hospitals,Voluntary non-profit - Other,1,4.0,,Y,2026-07-31 00:22:03,6,1,0.9589500000000001,1849.0,262.0,Low
230099,PROMEDICA MONROE REGIONAL HOSPITAL,718 N MACOMB ST,MONROE,MONROE,MI,48162,(734) 240-8400,Acute Care Hospitals,Voluntary non-profit - Other,1,1.0,,Y,2026-07-31 00:22:03,4,4,1.076425,538.0,134.0,High
230100,TAWAS ST JOSEPH HOSPITAL,200 HEMLOCK,TAWAS CITY,IOSCO,MI,48764,(989) 362-9301,Acute Care Hospitals,Government - Hospital District or Authority,1,3.0,29,,2026-07-31 00:22:03,3,1,1.0031666666666668,83.0,15.0,Low
230104,HARPER UNIVERSITY HOSPITAL,3990 JOHN R STREET,DETROIT,WAYNE,MI,48201,(313) 745-6211,Acute Care Hospitals,Proprietary,1,1.0,,Y,2026-07-31 00:22:03,5,2,1.004,369.0,71.0,Medium
230105,MCLAREN NORTHERN MICHIGAN,416 CONNABLE AVE,PETOSKEY,EMMET,MI,49770,(231) 487-4000,Acute Care Hospitals,Voluntary non-profit - Other,1,3.0,,Y,2026-07-31 00:22:03,6,2,0.9768,1040.0,151.0,Medium
230108,UP HEALTH SYSTEM PORTAGE,500 CAMPUS DRIVE,HANCOCK,HOUGHTON,MI,49930,(906) 483-1000,Acute Care Hospitals,Voluntary non-profit - Other,1,5.0,,Y,2026-07-31 00:22:03,2,0,0.9531499999999999,0.0,0.0,Low
230110,COREWELL HEALTH LUDINGTON HOSPITAL,ONE N ATKINSON DRIVE,LUDINGTON,MASON,MI,49431,(231) 843-2591,Acute Care Hospitals,Voluntary non-profit - Private,1,4.0,,Y,2026-07-31 00:22:03,3,1,0.9702666666666667,210.0,31.0,Low
230117,BORGESS MEDICAL CENTER,1521 GULL ROAD,KALAMAZOO,KALAMAZOO,MI,49048,(269) 226-7000,Acute Care Hospitals,Voluntary non-profit - Other,1,3.0,29,Y,2026-07-31 00:22:03,6,2,0.9499,825.0,104.0,Medium
230121,MEMORIAL HEALTHCARE,826 WEST KING STREET,OWOSSO,SHIAWASSEE,MI,48867,(989) 723-5211,Acute Care Hospitals,Voluntary non-profit - Other,1,3.0,,Y,2026-07-31 00:22:03,4,2,1.016175,366.0,65.0,Medium
230130,BEAUMONT HOSPITAL ROYAL OAK,3601 W THIRTEEN MILE RD,ROYAL OAK,OAKLAND,MI,48073,(248) 898-5400,Acute Care Hospitals,Voluntary non-profit - Private,1,3.0,,Y,2026-07-31 00:22:03,6,4,1.0087166666666667,3563.0,678.0,High
230132,HURLEY MEDICAL CENTER,ONE HURLEY PLAZA,FLINT,GENESEE,MI,48503,(810) 257-9000,Acute Care Hospitals,Voluntary non-profit - Other,1,2.0,,Y,2026-07-31 00:22:03,5,1,0.9575400000000001,483.0,81.0,Low
230133,MUNSON HEALTHCARE OTSEGO MEMORIAL HOSPITAL,825 N CENTER AVE,GAYLORD,OTSEGO,MI,49735,(989) 731-2100,Acute Care Hospitals,Voluntary non-profit - Private,0,4.0,,Y,2026-07-31 00:22:03,3,2,1.0371666666666666,195.0,43.0,Medium
230141,MCLAREN FLINT,401 S BALLENGER HIGHWAY,FLINT,GENESEE,MI,48532,(810) 342-2000,Acute Care Hospitals,Voluntary non-profit - Private,1,2.0,,Y,2026-07-31 00:22:03,6,6,1.0906,1477.0,273.0,High
230142,COREWELL HEALTH WAYNE HOSPITAL,33155 ANNAPOLIS AVE,WAYNE,WAYNE,MI,48184,(734) 467-4175,Acute Care Hospitals,Voluntary non-profit - Private,1,2.0,,Y,2026-07-31 00:22:03,4,3,1.03575,435.0,90.0,Medium
230146,WYANDOTTE HOSPITAL AND MEDICAL CENTER,2333 BIDDLE AVE,WYANDOTTE,WAYNE,MI,48192,(734) 246-6000,Acute Care Hospitals,Voluntary non-profit - Private,1,2.0,,Y,2026-07-31 00:22:03,4,4,1.0655999999999999,1369.0,294.0,High
230151,BEAUMONT HOSPITAL - FARMINGTON HILLS,28050 GRAND RIVER AVENUE,FARMINGTON HILLS,OAKLAND,MI,48336,(248) 471-8000,Acute Care Hospitals,Voluntary non-profit - Private,1,3.0,,Y,2026-07-31 00:22:03,5,3,1.01186,1066.0,211.0,Medium
230156,TRINITY HEALTH ANN ARBOR HOSPITAL,5301 E HURON RIVER DR,ANN ARBOR,WASHTENAW,MI,48106,(734) 712-3456,Acute Care Hospitals,Voluntary non-profit - Church,1,4.0,,Y,2026-07-31 00:22:03,6,2,0.9873166666666666,3323.0,517.0,Medium
230165,HENRY FORD HEALTH ST JOHN HOSPITAL,22101 MOROSS RD,DETROIT,WAYNE,MI,48236,(313) 343-4000,Acute Care Hospitals,Voluntary non-profit - Church,1,1.0,29,Y,2026-07-31 00:22:03,5,2,1.01326,1008.0,234.0,Medium
230167,MCLAREN GREATER LANSING,2900 COLLINS ROAD,LANSING,INGHAM,MI,48910,(517) 975-5600,Acute Care Hospitals,Voluntary non-profit - Private,1,3.0,,Y,2026-07-31 00:22:03,6,3,1.0012166666666666,486.0,95.0,Medium
230174,TRINITY HEALTH GRAND HAVEN HOSPITAL,1309 SHELDON RD,GRAND HAVEN,OTTAWA,MI,49417,(616) 847-5268,Acute Care Hospitals,Government - Hospital District or Authority,1,4.0,,,2026-07-31 00:22:03,1,0,0.9657,0.0,0.0,Low
230176,COREWELL HEALTH TRENTON HOSPITAL,5450 FORT STREET,TRENTON,WAYNE,MI,48183,(734) 671-3800,Acute Care Hospitals,Voluntary non-profit - Private,1,3.0,,Y,2026-07-31 00:22:03,4,3,1.064025,1120.0,237.0,Medium
230180,MYMICHIGAN MEDICAL CENTER CLARE,703 N MCEWAN ST,CLARE,CLARE,MI,48617,(989) 802-5000,Acute Care Hospitals,Voluntary non-profit - Other,0,2.0,,,2026-07-31 00:22:03,3,3,1.0257666666666667,147.0,31.0,Medium
230193,MCLAREN LAPEER REGION,1375 N MAIN ST,LAPEER,LAPEER,MI,48446,(810) 667-5500,Acute Care Hospitals,Voluntary non-profit - Private,1,2.0,,Y,2026-07-31 00:22:03,4,2,0.9922500000000001,527.0,96.0,Medium
230195,Henry Ford Health Warren Hospital,11800 EAST TWELVE MILE ROAD,WARREN,MACOMB,MI,48093,(586) 573-5000,Acute Care Hospitals,Voluntary non-profit - Private,1,1.0,29,,2026-07-31 00:22:03,5,5,1.0848200000000001,1699.0,373.0,High
230197,ASCENSION GENESYS HOSPITAL,ONE GENESYS PARKWAY,GRAND BLANC,GENESEE,MI,48439,(810) 606-6050,Acute Care Hospitals,Voluntary non-profit - Church,1,3.0,29,Y,2026-07-31 00:22:03,6,4,0.9974166666666666,1173.0,192.0,High
230207,MCLAREN OAKLAND,50 N PERRY ST,PONTIAC,OAKLAND,MI,48342,(248) 338-5000,Acute Care Hospitals,Voluntary non-profit - Private,1,2.0,,,2026-07-31 00:22:03,3,2,1.0174666666666667,149.0,29.0,Medium
230208,UNIVERSITY OF MICHIGAN HEALTH-SPARROW CARSON,406 EAST ELM ST,CARSON CITY,MONTCALM,MI,48811,(989) 584-3131,Acute Care Hospitals,Voluntary non-profit - Other,1,4.0,,,2026-07-31 00:22:03,3,1,0.9904999999999999,0.0,0.0,Low
230216,MCLAREN PORT HURON,1221 PINE GROVE AVE,PORT HURON,WAYNE,MI,48061,(810) 987-5000,Acute Care Hospitals,Voluntary non-profit - Private,1,2.0,,Y,2026-07-31 00:22:03,6,3,1.0297666666666667,1196.0,219.0,Medium
230217,OAKLAWN HOSPITAL,200 N MADISON,MARSHALL,CALHOUN,MI,49068,(269) 781-4271,Acute Care Hospitals,Voluntary non-profit - Other,1,4.0,,Y,2026-07-31 00:22:03,3,1,0.9721333333333333,83.0,14.0,Low
230222,MYMICHIGAN MEDICAL CENTER MIDLAND,4000 WELLNESS DRIVE,MIDLAND,MIDLAND,MI,48670,(989) 839-3000,Acute Care Hospitals,Voluntary non-profit - Other,0,4.0,,Y,2026-07-31 00:22:03,6,1,0.9829666666666667,1364.0,214.0,Low
230227,MCLAREN MACOMB,1000 HARRINGTON ST,MOUNT CLEMENS,MACOMB,MI,48043,(586) 493-8000,Acute Care Hospitals,Voluntary non-profit - Private,1,1.0,,Y,2026-07-31 00:22:03,5,2,1.0187,1082.0,215.0,Medium
230230,EDWARD W SPARROW HOSPITAL,1215 E MICHIGAN AVENUE,LANSING,INGHAM,MI,48912,(517) 364-1000,Acute Care Hospitals,Voluntary non-profit - Other,1,3.0,,Y,2026-07-31 00:22:03,5,0,0.9194800000000001,1427.0,213.0,Low
230236,UNIVERSITY OF MICHIGAN HEALTH - WEST,"5900 BYRON CENTER AVENUE, SW",WYOMING,KENT,MI,49519,(616) 252-7200,Acute Care Hospitals,Voluntary non-profit - Private,1,4.0,,Y,2026-07-31 00:22:03,5,0,0.91776,130.0,18.0,Low
230239,CHIPPEWA COUNTY WAR MEMORIAL HOSPITAL,500 OSBORN BLVD,SAULT STE MARIE,CHIPPEWA,MI,49783,(906) 635-4460,Acute Care Hospitals,Voluntary non-profit - Private,1,2.0,,Y,2026-07-31 00:22:03,3,1,0.9953666666666666,133.0,26.0,Low
230241,ASCENSION RIVER DISTRICT HOSPITAL,4100 RIVER RD,EAST CHINA,ST. CLAIR,MI,48054,(810) 329-7111,Acute Care Hospitals,Government - Hospital District or Authority,1,3.0,29,,2026-07-31 00:22:03,3,0,0.9834999999999999,0.0,0.0,Low
230244,GARDEN CITY HOSPITAL,6245 INKSTER RD,GARDEN CITY,WAYNE,MI,48135,(734) 421-3300,Acute Care Hospitals,Voluntary non-profit - Private,1,2.0,,,2026-07-31 00:22:03,5,4,1.07716,541.0,125.0,High
230254,ASCENSION PROVIDENCE ROCHESTER HOSPITAL,1101 W UNIVERSITY DRIVE,ROCHESTER,OAKLAND,MI,48307,(248) 652-5000,Acute Care Hospitals,Voluntary non-profit - Private,1,3.0,29,Y,2026-07-31 00:22:03,6,2,1.0118833333333332,810.0,140.0,Medium
230259,CHELSEA HOSPITAL,775 S MAIN ST,CHELSEA,WASHTENAW,MI,48118,(734) 475-3911,Acute Care Hospitals,Voluntary non-profit - Private,1,4.0,,,2026-07-31 00:22:03,4,2,1.0624500000000001,603.0,99.0,Medium
230269,"BEAUMONT HOSPITAL, TROY",44201 DEQUINDRE ROAD,TROY,OAKLAND,MI,48085,(248) 964-8800,Acute Care Hospitals,Voluntary non-profit - Private,1,4.0,,Y,2026-07-31 00:22:03,6,4,1.0296,3543.0,718.0,High
230270,BEAUMONT HOSPITAL - TAYLOR,10000 TELEGRAPH ROAD,TAYLOR,WAYNE,MI,48180,(313) 295-5000,Acute Care Hospitals,Voluntary non-profit - Private,1,2.0,,,2026-07-31 00:22:03,3,2,1.0117,415.0,83.0,Medium
230273,DETROIT RECEIVING HOSPITAL,4201 ST ANTOINE ST,DETROIT,WAYNE,MI,48201,(313) 745-2941,Acute Care Hospitals,Proprietary,1,1.0,,,2026-07-31 00:22:03,4,4,1.0273249999999998,315.0,80.0,High
230277,HURON VALLEY-SINAI HOSPITAL,ONE WILLIAM CARLS DRIVE,COMMERCE TOWNSHIP,OAKLAND,MI,48382,(248) 937-3370,Acute Care Hospitals,Proprietary,1,3.0,,Y,2026-07-31 00:22:03,5,1,1.0527799999999998,718.0,110.0,Low
230297,KARMANOS CANCER CENTER,4100 JOHN R,DETROIT,WAYNE,MI,48201,(800) 576-6266,Acute Care Hospitals,Proprietary,0,3.0,,,2026-07-31 00:22:03,1,0,0.9839,0.0,0.0,Low
230302,HENRY FORD HEALTH WEST BLOOMFIELD HOSPITAL,6777 WEST MAPLE ROAD,W BLOOMFIELD,OAKLAND,MI,48322,(248) 325-1000,Acute Care Hospitals,Voluntary non-profit - Private,1,3.0,,Y,2026-07-31 00:22:03,4,4,1.0965,1335.0,282.0,High
230303,MUNSON HEALTHCARE MANISTEE HOSPITAL,1465 E PARKDALE AVE,MANISTEE,MANISTEE,MI,49660,(231) 398-1000,Acute Care Hospitals,Voluntary non-profit - Other,1,4.0,,,2026-07-31 00:22:03,2,1,0.9773499999999999,0.0,0.0,Low
240001,NORTH MEMORIAL HEALTH HOSPITAL,3300 OAKDALE NORTH,ROBBINSDALE,HENNEPIN,MN,55422,(763) 520-5200,Acute Care Hospitals,Voluntary non-profit - Private,1,1.0,,Y,2026-07-31 00:22:03,5,4,1.06912,930.0,194.0,High
240002,ESSENTIA HEALTH ST MARY'S MEDICAL CENTER,402 EAST SECOND STREET,DULUTH,ST. LOUIS,MN,55805,(218) 786-3574,Acute Care Hospitals,Voluntary non-profit - Private,1,4.0,,Y,2026-07-31 00:22:03,5,2,0.9680199999999999,678.0,107.0,Medium
240004,HENNEPIN COUNTY MEDICAL CENTER,701 PARK AVENUE,MINNEAPOLIS,HENNEPIN,MN,55415,(612) 873-3000,Acute Care Hospitals,Government - Local,1,3.0,,Y,2026-07-31 00:22:03,4,1,0.9942,224.0,46.0,Low
240006,OLMSTED MEDICAL CENTER,1650 FOURTH STREET SOUTHEAST,ROCHESTER,OLMSTED,MN,55904,(507) 288-3443,Acute Care Hospitals,Voluntary non-profit - Private,1,4.0,,Y,2026-07-31 00:22:03,3,1,1.0078,0.0,0.0,Low
240010,MAYO CLINIC HOSPITAL ROCHESTER,1216 SECOND STREET SOUTHWEST,ROCHESTER,OLMSTED,MN,55902,(507) 255-5123,Acute Care Hospitals,Voluntary non-profit - Church,1,5.0,,Y,2026-07-31 00:22:03,6,0,0.89265,4003.0,557.0,Low
240014,NORTHFIELD HOSPITAL,2000 NORTH AVENUE,NORTHFIELD,RICE,MN,55057,(507) 646-1004,Acute Care Hospitals,Government - Local,1,4.0,,Y,2026-07-31 00:22:03,2,0,0.9640500000000001,0.0,0.0,Low
240018,MAYO CLINIC HEALTH SYSTEM IN RED WING,701 HEWITT BOULEVARD,RED WING,GOODHUE,MN,55066,(651) 267-5000,Acute Care Hospitals,Voluntary non-profit - Private,1,4.0,,Y,2026-07-31 00:22:03,2,1,1.0001,59.0,11.0,Low
240020,CAMBRIDGE MEDICAL CENTER,701 SOUTH DELLWOOD AVENUE,CAMBRIDGE,ISANTI,MN,55008,(763) 689-7700,Acute Care Hospitals,Voluntary non-profit - Private,1,4.0,,,2026-07-31 00:22:03,4,1,0.985075,164.0,24.0,Low
240022,SANFORD WORTHINGTON MEDICAL CENTER,1018 SIXTH AVENUE PO BOX 997,WORTHINGTON,NOBLES,MN,56187,(507) 372-3110,Acute Care Hospitals,Voluntary non-profit - Private,1,4.0,,Y,2026-07-31 00:22:03,3,0,0.9619666666666666,0.0,0.0,Low
240030,ALOMERE HEALTH,111 17TH AVENUE EAST,ALEXANDRIA,DOUGLAS,MN,56308,(320) 762-1511,Acute Care Hospitals,Government - Local,1,4.0,,Y,2026-07-31 00:22:03,4,2,0.97,218.0,31.0,Medium
240036,ST CLOUD HOSPITAL,1406 6TH AVE NORTH,SAINT CLOUD,STEARNS,MN,56303,(320) 255-5661,Acute Care Hospitals,Voluntary non-profit - Private,1,4.0,,Y,2026-07-31 00:22:03,6,1,0.9418833333333333,1680.0,232.0,Low
240038,ALLINA UNITED HOSPITAL,333 NORTH SMITH AVENUE,SAINT PAUL,RAMSEY,MN,55102,(763) 236-8205,Acute Care Hospitals,Voluntary non-profit - Private,1,3.0,,Y,2026-07-31 00:22:03,6,4,1.039,1545.0,243.0,High
240040,RANGE REGIONAL HEALTH SERVICES,750 EAST 34TH ST,HIBBING,ST. LOUIS,MN,55746,(218) 362-6730,Acute Care Hospitals,Voluntary non-profit - Other,0,4.0,,Y,2026-07-31 00:22:03,2,0,0.9802,0.0,0.0,Low
240043,MAYO CLINIC HEALTH SYSTEM - ALBERT LEA AND AUSTIN,404 WEST FOUNTAIN STREET,ALBERT LEA,FREEBORN,MN,56007,(507) 377-6490,Acute Care Hospitals,Voluntary non-profit - Private,1,5.0,,Y,2026-07-31 00:22:03,4,1,0.990875,503.0,73.0,Low
240044,WINONA HEALTH SERVICES,855 MANKATO AVENUE,WINONA,WINONA,MN,55987,(507) 454-3650,Acute Care Hospitals,Voluntary non-profit - Private,1,2.0,,Y,2026-07-31 00:22:03,2,0,0.95105,0.0,0.0,Low
240047,ST LUKES HOSPITAL,915 EAST 1ST STREET,DULUTH,ST. LOUIS,MN,55805,(218) 249-5555,Acute Care Hospitals,Voluntary non-profit - Private,1,3.0,,Y,2026-07-31 00:22:03,6,0,0.9660333333333333,513.0,77.0,Low
240050,FAIRVIEW LAKES HEALTH SERVICES,5200 FAIRVIEW BOULEVARD,WYOMING,CHISAGO,MN,55092,(952) 892-2101,Acute Care Hospitals,Voluntary non-profit - Private,1,3.0,,Y,2026-07-31 00:22:03,3,2,1.0252333333333332,220.0,43.0,Medium
240052,LAKE REGION HEALTHCARE CORPORATION,712 SOUTH CASCADE STREET,FERGUS FALLS,OTTER TAIL,MN,56537,(218) 736-8000,Acute Care Hospitals,Voluntary non-profit - Private,1,4.0,,,2026-07-31 00:22:03,3,1,1.0161333333333333,116.0,14.0,Low
240053,PARK NICOLLET METHODIST HOSPITAL,6500 EXCELSIOR BLVD,SAINT LOUIS PARK,HENNEPIN,MN,55426,(952) 993-5000,Acute Care Hospitals,Voluntary non-profit - Private,1,3.0,,Y,2026-07-31 00:22:03,6,6,1.1031166666666667,1772.0,285.0,High
240056,RIDGEVIEW MEDICAL CENTER,500 SOUTH MAPLE STREET,WACONIA,CARVER,MN,55387,(952) 442-2191,Acute Care Hospitals,Voluntary non-profit - Private,1,4.0,,Y,2026-07-31 00:22:03,5,2,0.9708400000000001,807.0,80.0,Medium
240057,ABBOTT NORTHWESTERN HOSPITAL,800 EAST 28TH STREET,MINNEAPOLIS,HENNEPIN,MN,55407,(612) 863-4000,Acute Care Hospitals,Voluntary non-profit - Private,1,4.0,,Y,2026-07-31 00:22:03,6,0,0.9671,1697.0,257.0,Low
240064,GRAND ITASCA CLINIC AND HOSPITAL,1601 GOLF COURSE ROAD,GRAND RAPIDS,ITASCA,MN,55744,(218) 326-3401,Acute Care Hospitals,Voluntary non-profit - Private,1,4.0,,Y,2026-07-31 00:22:03,2,1,0.9758,77.0,12.0,Low
240066,LAKEVIEW MEMORIAL HOSPITAL,927 WEST CHURCHILL STREET,STILLWATER,WASHINGTON,MN,55082,(651) 430-4509,Acute Care Hospitals,Voluntary non-profit - Other,1,4.0,,Y,2026-07-31 00:22:03,5,2,0.99284,249.0,35.0,Medium
240069,OWATONNA HOSPITAL,2250 26TH STREET NORTHWEST,OWATONNA,STEELE,MN,55060,(507) 451-3850,Acute Care Hospitals,Voluntary non-profit - Other,1,5.0,,Y,2026-07-31 00:22:03,4,0,0.943175,67.0,11.0,Low
240071,ALLINA HEALTH FARIBAULT MEDICAL CENTER,200 STATE AVENUE,FARIBAULT,RICE,MN,55021,(507) 334-6451,Acute Care Hospitals,Voluntary non-profit - Private,1,3.0,,Y,2026-07-31 00:22:03,2,1,1.00575,0.0,0.0,Low
240075,ESSENTIA HEALTH ST JOSEPH'S MEDICAL CENTER,523 NORTH 3RD STREET,BRAINERD,CROW WING,MN,56401,(218) 829-2861,Acute Care Hospitals,Voluntary non-profit - Private,1,3.0,,Y,2026-07-31 00:22:03,5,3,1.00192,385.0,66.0,Medium
240076,BUFFALO HOSPITAL,303 CATLIN STREET,BUFFALO,WRIGHT,MN,55313,(763) 682-1212,Acute Care Hospitals,Voluntary non-profit - Other,0,5.0,,Y,2026-07-31 00:22:03,3,0,0.9254666666666668,97.0,13.0,Low
240078,M HEALTH FAIRVIEW SOUTHDALE HOSPITAL,6401 FRANCE AVENUE SOUTH,EDINA,HENNEPIN,MN,55435,(952) 924-5000,Acute Care Hospitals,Voluntary non-profit - Private,1,5.0,,Y,2026-07-31 00:22:03,6,1,0.9468,1285.0,178.0,Low
240080,M HEALTH FAIRVIEW UNIVERSITY OF MN MEDICAL CENTER,2450 RIVERSIDE AVENUE,MINNEAPOLIS,HENNEPIN,MN,55454,(612) 624-1765,Acute Care Hospitals,Voluntary non-profit - Private,1,4.0,,Y,2026-07-31 00:22:03,6,1,0.9634333333333333,419.0,76.0,Low
240084,ESSENTIA HEALTH VIRGINIA,901 9TH STREET NORTH,VIRGINIA,ST. LOUIS,MN,55792,(218) 741-3340,Acute Care Hospitals,Government - Local,0,4.0,,Y,2026-07-31 00:22:03,1,1,1.0123,0.0,0.0,Low
240088,CENTRACARE- RICE MEMORIAL HOSPITAL,301 BECKER AVE SW,WILLMAR,KANDIYOHI,MN,56201,(320) 235-4543,Acute Care Hospitals,Government - Local,1,3.0,,Y,2026-07-31 00:22:03,2,1,1.00545,191.0,32.0,Low
240093,MAYO CLINIC HEALTH SYSTEM - MANKATO,1025 MARSH STREET,MANKATO,BLUE EARTH,MN,56002,(507) 625-4031,Acute Care Hospitals,Voluntary non-profit - Private,1,5.0,,Y,2026-07-31 00:22:03,5,0,0.86782,808.0,98.0,Low
240100,SANFORD BEMIDJI MEDICAL CENTER,1300 ANNE ST NW,BEMIDJI,BELTRAMI,MN,56601,(218) 751-5430,Acute Care Hospitals,Voluntary non-profit - Private,1,4.0,,Y,2026-07-31 00:22:03,4,0,0.9445749999999999,538.0,74.0,Low
240101,ESSENTIA HEALTH ST MARYS - DETROIT LAKES,1027 WASHINGTON AVE,DETROIT LAKES,BECKER,MN,56501,(218) 847-0888,Acute Care Hospitals,Voluntary non-profit - Church,0,4.0,,Y,2026-07-31 00:22:03,3,2,0.9762333333333334,93.0,18.0,Medium
240104,ST FRANCIS REGIONAL MEDICAL CENTER,1455 ST FRANCIS AVENUE,SHAKOPEE,SCOTT,MN,55379,(952) 428-3000,Acute Care Hospitals,Voluntary non-profit - Church,1,3.0,,Y,2026-07-31 00:22:03,4,1,0.9921249999999999,306.0,51.0,Low
240106,REGIONS HOSPITAL,640 JACKSON STREET,SAINT PAUL,RAMSEY,MN,55101,(651) 254-1616,Acute Care Hospitals,Voluntary non-profit - Private,1,3.0,,Y,2026-07-31 00:22:03,6,3,0.9904999999999999,999.0,134.0,Medium
240115,MERCY HOSPITAL,4050 COON RAPIDS BLVD,COON RAPIDS,ANOKA,MN,55433,(762) 236-6000,Acute Care Hospitals,Voluntary non-profit - Private,1,3.0,,Y,2026-07-31 00:22:03,6,3,0.9812166666666666,2055.0,291.0,Medium
240141,FAIRVIEW NORTHLAND REGIONAL HOSPITAL,911 NORTHLAND DRIVE,PRINCETON,MILLE LACS,MN,55371,(952) 892-2101,Acute Care Hospitals,Voluntary non-profit - Other,1,4.0,,Y,2026-07-31 00:22:03,2,1,0.9944,50.0,11.0,Low
240166,MAYO CLINIC HEALTH SYSTEM - FAIRMONT,800 MEDICAL CENTER DRIVE,FAIRMONT,MARTIN,MN,56031,(507) 238-5064,Acute Care Hospitals,Voluntary non-profit - Private,1,5.0,,Y,2026-07-31 00:22:03,3,0,0.9495666666666667,201.0,24.0,Low
240187,HUTCHINSON HEALTH,1095 HIGHWAY 15 SOUTH,HUTCHINSON,MC LEOD,MN,55350,(320) 234-5000,Acute Care Hospitals,Voluntary non-profit - Private,1,3.0,,Y,2026-07-31 00:22:03,2,1,0.9933500000000001,0.0,0.0,Low
240207,M HEALTH FAIRVIEW RIDGES HOSPITAL,201 EAST NICOLLET BOULEVARD,BURNSVILLE,DAKOTA,MN,55337,(952) 892-2000,Acute Care Hospitals,Voluntary non-profit - Church,1,4.0,,Y,2026-07-31 00:22:03,4,1,0.962325,882.0,123.0,Low
240210,M HEALTH FAIRVIEW ST JOHN'S HOSPITAL,1575 BEAM AVENUE,MAPLEWOOD,RAMSEY,MN,55109,(651) 232-7000,Acute Care Hospitals,Voluntary non-profit - Private,1,5.0,,Y,2026-07-31 00:22:03,5,1,0.94086,715.0,122.0,Low
240213,M HEALTH FAIRVIEW WOODWINDS HOSPITAL,1925 WOODWINDS DRIVE,WOODBURY,WASHINGTON,MN,55125,(651) 232-2185,Acute Care Hospitals,Voluntary non-profit - Private,1,4.0,,Y,2026-07-31 00:22:03,4,1,0.9868,342.0,60.0,Low
240214,MAPLE GROVE HOSPITAL,9875 HOSPITAL DRIVE,MAPLE GROVE,HENNEPIN,MN,55369,(763) 581-1563,Acute Care Hospitals,Voluntary non-profit - Private,1,5.0,,Y,2026-07-31 00:22:03,4,0,0.9739,301.0,37.0,Low
250001,UNIVERSITY OF MISSISSIPPI MED CENTER,2500 N STATE ST,JACKSON,HINDS,MS,39216,(601) 984-4100,Acute Care Hospitals,Government - State,1,2.0,,Y,2026-07-31 00:22:03,6,5,1.0227,746.0,147.0,High
250002,TISHOMINGO HEALTH SERVICES INC,1777 CURTIS DRIVE,IUKA,TISHOMINGO,MS,38852,(662) 423-6051,Acute Care Hospitals,Voluntary non-profit - Private,1,2.0,,,2026-07-31 00:22:03,3,1,0.9787666666666667,180.0,25.0,Low
250004,NORTH MISSISSIPPI MEDICAL CENTER,830 S GLOSTER STREET,TUPELO,LEE,MS,38801,(662) 377-6608,Acute Care Hospitals,Voluntary non-profit - Private,1,2.0,,Y,2026-07-31 00:22:03,6,1,0.9453833333333334,2564.0,403.0,Low
250006,BAPTIST MEMORIAL HOSPITAL UNION COUNTY,200 HWY 30 WEST,NEW ALBANY,UNION,MS,38652,(662) 538-7631,Acute Care Hospitals,Voluntary non-profit - Other,1,4.0,23,Y,2026-07-31 00:22:03,3,1,0.9840666666666666,354.0,57.0,Low
250007,Memorial Hospital Biloxi,150 REYNOIR STREET,BILOXI,HARRISON,MS,39530,(228) 432-1571,Acute Care Hospitals,Proprietary,1,1.0,,Y,2026-07-31 00:22:03,3,2,1.0508666666666666,144.0,36.0,Medium
250009,MAGNOLIA REGIONAL HEALTH CENTER,611 ALCORN DRIVE,CORINTH,ALCORN,MS,38834,(662) 293-1000,Acute Care Hospitals,Voluntary non-profit - Other,1,2.0,,Y,2026-07-31 00:22:03,6,3,1.03355,1415.0,219.0,Medium
250019,MEMORIAL HOSPITAL AT GULFPORT,4500 13TH STREET,GULFPORT,HARRISON,MS,39502,(228) 867-4000,Acute Care Hospitals,Government - Local,1,3.0,,Y,2026-07-31 00:22:03,6,3,1.02,1931.0,378.0,Medium
250020,WEBSTER GENERAL HOSPITAL/ SWING BED,70 MEDICAL PLAZA,EUPORA,WEBSTER,MS,39744,(662) 258-6221,Acute Care Hospitals,Voluntary non-profit - Other,1,4.0,,,2026-07-31 00:22:03,3,1,0.9958333333333332,225.0,37.0,Low
250025,NORTH MISSISSIPPI MEDICAL CENTER-GILMORE AMORY,1105 EARL FRYE BLVD,AMORY,MONROE,MS,38821,(662) 256-7111,Acute Care Hospitals,Proprietary,1,3.0,,Y,2026-07-31 00:22:03,3,2,1.0242,231.0,42.0,Medium
250027,WINSTON MEDICAL CENTER,17550 EAST MAIN STREET,LOUISVILLE,WINSTON,MS,39339,(662) 779-5124,Acute Care Hospitals,Voluntary non-profit - Private,1,,16,,2026-07-31 00:22:03,1,0,0.9308,0.0,0.0,Low
250031,MERIT HEALTH RIVER REGION,2100 HWY 61 N,VICKSBURG,WARREN,MS,39183,(601) 883-5000,Acute Care Hospitals,Proprietary,1,2.0,,Y,2026-07-31 00:22:03,5,5,1.036,612.0,105.0,High
250034,BAPTIST MEMORIAL HOSPITAL NORTH MS,1100 BELK BLVD,OXFORD,LAFAYETTE,MS,38655,(662) 232-8100,Acute Care Hospitals,Voluntary non-profit - Private,1,4.0,,Y,2026-07-31 00:22:03,6,5,1.0692333333333333,2066.0,387.0,High
250036,GEORGE REGIONAL HEALTH SYSTEM,859 WINTER STREET,LUCEDALE,GEORGE,MS,39452,(601) 947-3161,Acute Care Hospitals,Government - Local,1,1.0,,Y,2026-07-31 00:22:03,2,1,0.98005,0.0,0.0,Low
250038,MERIT HEALTH MADISON,161 RIVER OAKS DRIVE,CANTON,MADISON,MS,39046,(601) 855-4000,Acute Care Hospitals,Proprietary,1,3.0,,,2026-07-31 00:22:03,3,3,1.0430333333333335,107.0,25.0,Medium
250040,SINGING RIVER HEALTH SYSTEM,2809 DENNY AV,PASCAGOULA,JACKSON,MS,39581,(228) 809-5000,Acute Care Hospitals,Government - Local,1,1.0,,Y,2026-07-31 00:22:03,6,5,1.0419833333333333,1528.0,258.0,High
250042,NORTHWEST MISSISSISSIPPI REGIONAL MEDICAL CENTER,1970 HOSPITAL DRIVE,CLARKSDALE,COAHOMA,MS,38614,(662) 627-3211,Acute Care Hospitals,Proprietary,1,3.0,,Y,2026-07-31 00:22:03,2,0,0.98115,0.0,0.0,Low
250043,NESHOBA COUNTY GENERAL HOSPITAL,1001 HOLLAND AVENUE,PHILADELPHIA,NESHOBA,MS,39350,(601) 663-1200,Acute Care Hospitals,Government - Local,1,3.0,,,2026-07-31 00:22:03,3,2,0.9877666666666666,120.0,12.0,Medium
250044,BAPTIST MEMORIAL HOSPITAL BOONEVILLE,100 HOSPITAL STREET,BOONEVILLE,PRENTISS,MS,38829,(662) 720-5000,Acute Care Hospitals,Voluntary non-profit - Church,1,3.0,23,,2026-07-31 00:22:03,3,1,0.9671333333333333,111.0,13.0,Low
250048,ST DOMINIC-JACKSON MEMORIAL HOSPITAL,969 LAKELAND DR,JACKSON,HINDS,MS,39216,(601) 200-2000,Acute Care Hospitals,Voluntary non-profit - Church,1,2.0,,Y,2026-07-31 00:22:03,6,4,1.0281,2326.0,387.0,High
250049,BEACHAM MEMORIAL HOSPITAL,205 N CHERRY STREET / PO BOX 351,MAGNOLIA,PIKE,MS,39652,(601) 783-2353,Acute Care Hospitals,Proprietary,0,,16,,2026-07-31 00:22:03,1,0,0.9934,0.0,0.0,Low
250050,BAPTIST MEMORIAL HOSPITAL-OKTIBBEHA COUNTY,400 HOSPITAL ROAD,STARKVILLE,OKTIBBEHA,MS,39759,(662) 323-4320,Acute Care Hospitals,Government - Local,1,2.0,,Y,2026-07-31 00:22:03,2,1,1.02125,178.0,28.0,Low
250057,KING'S DAUGHTERS MEDICAL CENTER-BROOKHAVEN,P O BOX 948/427 HIGHWAY 51 NORTH,BROOKHAVEN,LINCOLN,MS,39601,(601) 833-6011,Acute Care Hospitals,Voluntary non-profit - Other,1,3.0,,Y,2026-07-31 00:22:03,3,1,0.9834,214.0,28.0,Low
250058,SOUTH CENTRAL REG MED CTR,1220 JEFFERSON ST BOX 607,LAUREL,JONES,MS,39440,(601) 426-4000,Acute Care Hospitals,Government - Local,1,1.0,,Y,2026-07-31 00:22:03,5,4,1.0851199999999999,731.0,158.0,High
250061,YALOBUSHA GENERAL HOSPITAL,630 SOUTH MAIN STREET,WATER VALLEY,YALOBUSHA,MS,38965,(662) 473-1411,Acute Care Hospitals,Government - Local,0,,16,,2026-07-31 00:22:03,3,2,1.0124000000000002,0.0,0.0,Medium
250067,CLAY COUNTY MEDICAL CORPORATION,150 MEDICAL CENTER DRIVE,WEST POINT,CLAY,MS,39773,(662) 495-2300,Acute Care Hospitals,Voluntary non-profit - Private,1,3.0,,Y,2026-07-31 00:22:03,2,0,0.99535,83.0,12.0,Low
250069,OCHSNER RUSH HOSPITAL,1314 19TH AVE,MERIDIAN,LAUDERDALE,MS,39301,(601) 483-0011,Acute Care Hospitals,Voluntary non-profit - Private,1,3.0,,Y,2026-07-31 00:22:03,5,0,0.9610200000000001,485.0,75.0,Low
250072,MERIT HEALTH CENTRAL,1850 CHADWICK DR,JACKSON,HINDS,MS,39204,(601) 376-1000,Acute Care Hospitals,Proprietary,1,3.0,,Y,2026-07-31 00:22:03,3,2,0.9941000000000001,57.0,11.0,Medium
250077,WAYNE GENERAL HOSPITAL,950 MATTHEW DR,WAYNESBORO,WAYNE,MS,39367,(601) 735-5151,Acute Care Hospitals,Government - Local,1,3.0,,Y,2026-07-31 00:22:03,3,3,1.0283,161.0,26.0,Medium
250078,FORREST GENERAL HOSPITAL,6051 US HIGHWAY 49,HATTIESBURG,FORREST,MS,39401,(601) 288-7000,Acute Care Hospitals,Government - Local,1,2.0,,Y,2026-07-31 00:22:03,6,5,1.0356833333333333,2590.0,420.0,High
250082,DELTA HEALTH SYSTEM - THE MEDICAL CENTER,1400 E UNION ST,GREENVILLE,WASHINGTON,MS,38701,(662) 378-3783,Acute Care Hospitals,Government - Local,1,1.0,,Y,2026-07-31 00:22:03,4,4,1.0566,411.0,82.0,High
250084,MERIT HEALTH NATCHEZ,52 SERGEANT PRENTISS DRIVE,NATCHEZ,ADAMS,MS,39120,(601) 443-2100,Acute Care Hospitals,Proprietary,1,2.0,,Y,2026-07-31 00:22:03,3,2,1.0200333333333333,245.0,47.0,Medium
250085,MARION GENERAL HOSPITAL,1560 SUMRALL RD,COLUMBIA,MARION,MS,39429,(601) 736-6303,Acute Care Hospitals,Government - Local,1,1.0,,,2026-07-31 00:22:03,2,2,1.0121,79.0,12.0,Medium
250093,BOLIVAR MEDICAL CENTER,901 E SUNFLOWER RD,CLEVELAND,BOLIVAR,MS,38732,(662) 846-0061,Acute Care Hospitals,Proprietary,1,1.0,,Y,2026-07-31 00:22:03,3,2,1.0216,407.0,73.0,Medium
250094,MERIT HEALTH WESLEY,5001 W HARDY ST,HATTIESBURG,LAMAR,MS,39402,(601) 268-8000,Acute Care Hospitals,Voluntary non-profit - Private,1,2.0,,Y,2026-07-31 00:22:03,6,3,1.0092,459.0,84.0,Medium
250095,SOUTH SUNFLOWER COUNTY HOSPITAL,121 EAST BAKER STREET,INDIANOLA,SUNFLOWER,MS,38751,(662) 887-5235,Acute Care Hospitals,Government - Local,1,2.0,,Y,2026-07-31 00:22:03,2,1,0.9988,0.0,0.0,Low
250096,CROSSGATES RIVER OAKS HOSPITAL,350 CROSSGATES BLVD,BRANDON,RANKIN,MS,39042,(601) 825-2811,Acute Care Hospitals,Proprietary,1,2.0,,,2026-07-31 00:22:03,3,3,1.0359,105.0,24.0,Medium
250097,SOUTHWEST MS REGIONAL MEDICAL CENTER,215 MARION AV BOX 1307,MCCOMB,PIKE,MS,39649,(601) 249-5500,Acute Care Hospitals,Government - Local,1,2.0,,Y,2026-07-31 00:22:03,4,4,1.0480749999999999,602.0,115.0,High
250099,GREENWOOD LEFLORE HOSPITAL,1401 RIVER RD,GREENWOOD,LEFLORE,MS,38930,(662) 459-7000,Acute Care Hospitals,Government - Local,1,1.0,,,2026-07-31 00:22:03,3,1,1.0018,59.0,11.0,Low
250100,BMH-GOLDEN TRIANGLE,2520 5TH STREET N,COLUMBUS,LOWNDES,MS,39705,(662) 244-1000,Acute Care Hospitals,Voluntary non-profit - Private,1,3.0,23,Y,2026-07-31 00:22:03,5,1,0.9484199999999999,1201.0,181.0,Low
250102,MISSISSIPPI BAPTIST MEDICAL CENTER,1225 N STATE ST,JACKSON,HINDS,MS,39202,(601) 968-1000,Acute Care Hospitals,Voluntary non-profit - Private,1,2.0,23,Y,2026-07-31 00:22:03,6,3,0.9840666666666666,2050.0,368.0,Medium
250104,ANDERSON REGIONAL MEDICAL CENTER,2124 14TH STREET,MERIDIAN,LAUDERDALE,MS,39301,(601) 553-6000,Acute Care Hospitals,Voluntary non-profit - Private,1,2.0,,Y,2026-07-31 00:22:03,6,3,0.97745,1140.0,212.0,Medium
250117,HIGHLAND COMMUNITY  HOSPITAL,130 HIGHLAND PKWY,PICAYUNE,PEARL RIVER,MS,39466,(601) 358-9400,Acute Care Hospitals,Government - Local,1,1.0,,Y,2026-07-31 00:22:03,3,2,1.0254333333333332,166.0,37.0,Medium
250123,SINGING RIVER GULFPORT,15200 COMMUNITY ROAD,GULFPORT,HARRISON,MS,39503,(228) 575-7000,Acute Care Hospitals,Proprietary,1,2.0,,Y,2026-07-31 00:22:03,4,3,1.0323,228.0,48.0,Medium
250124,MAGEE GENERAL HOSPITAL,300 3RD AVE SE,MAGEE,SIMPSON,MS,39111,(601) 849-5070,Acute Care Hospitals,Voluntary non-profit - Private,1,2.0,,,2026-07-31 00:22:03,2,2,1.00725,79.0,11.0,Medium
250138,MERIT HEALTH RIVER OAKS,1030 RIVER OAKS DRIVE,FLOWOOD,RANKIN,MS,39232,(601) 932-1030,Acute Care Hospitals,Proprietary,1,1.0,,Y,2026-07-31 00:22:03,5,4,1.042,307.0,51.0,High
250141,BAPTIST MEMORIAL HOSPITAL DESOTO,7601 SOUTHCREST PARKWAY,SOUTHAVEN,DE SOTO,MS,38671,(662) 772-4000,Acute Care Hospitals,Proprietary,1,3.0,23,Y,2026-07-31 00:22:03,5,3,1.0191,1715.0,336.0,Medium
250162,OCHSNER MEDICAL CENTER-HANCOCK,149 DRINKWATER BLVD,BAY SAINT LOUIS,HANCOCK,MS,39520,(228) 467-8600,Acute Care Hospitals,Government - Local,1,3.0,,,2026-07-31 00:22:03,2,2,1.0487,31.0,11.0,Medium
250167,METHODIST HEALTHCARE - OLIVE BRANCH HOSPITAL,4250 BETHEL ROAD,OLIVE BRANCH,DE SOTO,MS,38654,(662) 932-9000,Acute Care Hospitals,Voluntary non-profit - Private,1,4.0,,Y,2026-07-31 00:22:03,4,1,0.993225,470.0,80.0,Low
250168,UNIVERSITY OF MISSISSIPPI MEDICAL CENTER- GRENADA,960 AVENT DRIVE,GRENADA,GRENADA,MS,38901,(662) 227-7000,Acute Care Hospitals,Government - State,1,1.0,,Y,2026-07-31 00:22:03,3,3,1.0486333333333333,241.0,49.0,Medium
250172,HIGHLAND HILLS MEDICAL CENTER,401 GETWELL DRIVE,SENATOBIA,TATE,MS,38668,(662) 612-0311,Acute Care Hospitals,Voluntary non-profit - Private,1,,16,,2026-07-31 00:22:03,1,1,1.0009,0.0,0.0,Low
260001,MERCY HOSPITAL JOPLIN,100 MERCY WAY,JOPLIN,JASPER,MO,64804,(417) 781-2727,Acute Care Hospitals,Voluntary non-profit - Church,1,1.0,,Y,2026-07-31 00:22:03,5,4,1.03298,1104.0,190.0,High
260005,SSM ST JOSEPH HEALTH CENTER,300 1ST CAPITOL DR,SAINT CHARLES,ST. CHARLES,MO,63301,(636) 947-5000,Acute Care Hospitals,Voluntary non-profit - Private,1,3.0,,,2026-07-31 00:22:03,4,3,1.03395,589.0,123.0,Medium
260006,MOSAIC LIFE CARE AT ST JOSEPH,5325 FARAON STREET,SAINT JOSEPH,BUCHANAN,MO,64506,(816) 271-6000,Acute Care Hospitals,Voluntary non-profit - Private,1,4.0,,Y,2026-07-31 00:22:03,5,2,0.97082,2623.0,427.0,Medium
260009,BOTHWELL REGIONAL HEALTH CENTER,601 E 14TH ST,SEDALIA,PETTIS,MO,65301,(660) 826-8833,Acute Care Hospitals,Government - Local,1,4.0,,Y,2026-07-31 00:22:03,3,2,1.0046666666666668,566.0,97.0,Medium
260011,SSM HEALTH ST. MARY'S HOSPITAL - JEFFERSON CITY,2505 MISSION DRIVE,JEFFERSON CITY,COLE,MO,65109,(573) 681-3000,Acute Care Hospitals,Proprietary,1,3.0,,Y,2026-07-31 00:22:03,5,3,1.0095,549.0,100.0,Medium
260017,PHELPS COUNTY REGIONAL MEDICAL CENTER,1000 W 10TH ST,ROLLA,PHELPS,MO,65401,(573) 458-8899,Acute Care Hospitals,Government - Local,1,2.0,,Y,2026-07-31 00:22:03,5,5,1.065,869.0,191.0,High
260020,MERCY HOSPITAL ST LOUIS,615 NEW BALLAS ROAD,SAINT LOUIS,ST. LOUIS,MO,63141,(314) 251-6000,Acute Care Hospitals,Voluntary non-profit - Private,1,4.0,,Y,2026-07-31 00:22:03,6,5,1.1158333333333335,2278.0,417.0,High
260022,NORTHEAST REGIONAL MEDICAL CENTER,315 S OSTEOPATHY,KIRKSVILLE,ADAIR,MO,63501,(660) 785-1000,Acute Care Hospitals,Proprietary,1,2.0,,Y,2026-07-31 00:22:03,4,3,1.001525,218.0,35.0,Medium
260023,MERCY HOSPITAL JEFFERSON,1400 US HIGHWAY 61,CRYSTAL CITY,JEFFERSON,MO,63019,(636) 933-1000,Acute Care Hospitals,Voluntary non-profit - Private,1,4.0,,Y,2026-07-31 00:22:03,5,2,1.00668,902.0,172.0,Medium
260024,TEXAS COUNTY MEMORIAL HOSPITAL,1333 SAM HOUSTON BOULEVARD,HOUSTON,TEXAS,MO,65483,(417) 967-3311,Acute Care Hospitals,Government - Local,1,2.0,,Y,2026-07-31 00:22:03,3,1,0.9867333333333334,0.0,0.0,Low
260025,HANNIBAL REGIONAL HOSPITAL,6000 HOSPITAL DR,HANNIBAL,MARION,MO,63401,(573) 248-1300,Acute Care Hospitals,Voluntary non-profit - Other,1,2.0,,Y,2026-07-31 00:22:03,5,4,1.07134,1008.0,224.0,High
260027,RESEARCH MEDICAL CENTER,2316 E MEYER BLVD,KANSAS CITY,JACKSON,MO,64132,(816) 276-4000,Acute Care Hospitals,Proprietary,1,2.0,,Y,2026-07-31 00:22:03,5,3,1.02548,415.0,77.0,Medium
260032,BARNES JEWISH HOSPITAL,ONE BARNES-JEWISH HOSPITAL PLAZA,SAINT LOUIS,ST. LOUIS CITY,MO,63110,(314) 747-3000,Acute Care Hospitals,Voluntary non-profit - Other,1,4.0,,Y,2026-07-31 00:22:03,6,3,0.97355,1668.0,341.0,Medium
260034,BATES COUNTY MEMORIAL HOSPITAL,615 W NURSERY ST,BUTLER,BATES,MO,64730,(660) 200-7000,Acute Care Hospitals,Government - Local,1,3.0,,,2026-07-31 00:22:03,2,1,0.98255,0.0,0.0,Low
260040,COX MEDICAL CENTERS,3801 SOUTH NATIONAL AVENUE,SPRINGFIELD,GREENE,MO,65807,(417) 269-6000,Acute Care Hospitals,Voluntary non-profit - Private,1,3.0,,Y,2026-07-31 00:22:03,6,1,0.9658666666666665,1862.0,284.0,Low
260048,TRUMAN MEDICAL CENTER HOSPITAL HILL,2301 HOLMES STREET,KANSAS CITY,JACKSON,MO,64108,(816) 404-1000,Acute Care Hospitals,Voluntary non-profit - Private,1,3.0,,Y,2026-07-31 00:22:03,2,1,0.99455,0.0,0.0,Low
260052,MERCY HOSPITAL WASHINGTON,901 EAST 5TH STREET,WASHINGTON,FRANKLIN,MO,63090,(636) 239-8000,Acute Care Hospitals,Voluntary non-profit - Private,1,4.0,,Y,2026-07-31 00:22:03,5,1,0.99652,493.0,75.0,Low
260057,CAMERON REGIONAL MEDICAL CENTER,1600 E EVERGREEN,CAMERON,CLINTON,MO,64429,(816) 632-2101,Acute Care Hospitals,Voluntary non-profit - Private,1,1.0,,,2026-07-31 00:22:03,4,0,0.910675,162.0,20.0,Low
260059,MERCY HOSPITAL LEBANON,100 HOSPITAL DRIVE,LEBANON,LACLEDE,MO,65536,(417) 533-6100,Acute Care Hospitals,Voluntary non-profit - Church,1,4.0,,Y,2026-07-31 00:22:03,2,0,0.9628,0.0,0.0,Low
260061,NEVADA REGIONAL MEDICAL CENTER,800 S ASH ST,NEVADA,VERNON,MO,64772,(417) 667-3355,Acute Care Hospitals,Government - Local,1,,16,Y,2026-07-31 00:22:03,1,0,0.9803,0.0,0.0,Low
260062,SAINT LUKES NORTH HOSPITAL,5830 N W BARRY ROAD,KANSAS CITY,PLATTE,MO,64154,(816) 891-6000,Acute Care Hospitals,Voluntary non-profit - Private,1,5.0,,Y,2026-07-31 00:22:03,4,0,0.95965,643.0,90.0,Low
260065,MERCY HOSPITAL SPRINGFIELD,2115 S. Fremont Ave,SPRINGFIELD,GREENE,MO,65804,(417) 820-2000,Acute Care Hospitals,Voluntary non-profit - Private,1,3.0,,Y,2026-07-31 00:22:03,6,3,1.0087833333333334,2055.0,335.0,Medium
260068,BOONE HOSPITAL CENTER,1600 E BROADWAY,COLUMBIA,BOONE,MO,65201,(573) 815-8000,Acute Care Hospitals,Voluntary non-profit - Other,1,4.0,,Y,2026-07-31 00:22:03,6,2,0.9668833333333334,1826.0,243.0,Medium
260070,PEMISCOT COUNTY MEMORIAL HOSPITAL,946 EAST REED,HAYTI,PEMISCOT,MO,63851,(573) 359-1372,Acute Care Hospitals,Voluntary non-profit - Other,1,,16,,2026-07-31 00:22:03,2,1,1.0162499999999999,0.0,0.0,Low
260074,MOBERLY REGIONAL MEDICAL CENTER,1515 UNION AVE,MOBERLY,RANDOLPH,MO,65270,(660) 263-8400,Acute Care Hospitals,Proprietary,1,2.0,,,2026-07-31 00:22:03,3,3,1.0212,108.0,19.0,Medium
260077,MERCY HOSPITAL SOUTH,10010 KENNERLY ROAD,SAINT LOUIS,ST. LOUIS,MO,63128,(314) 525-1000,Acute Care Hospitals,Voluntary non-profit - Private,1,2.0,,Y,2026-07-31 00:22:03,6,3,1.0544833333333334,1897.0,369.0,Medium
260078,OZARKS HEALTHCARE,1100 KENTUCKY AVE,WEST PLAINS,HOWELL,MO,65775,(417) 256-9111,Acute Care Hospitals,Voluntary non-profit - Private,1,2.0,,Y,2026-07-31 00:22:03,5,1,0.9544,578.0,84.0,Low
260081,SSM ST CLARE HEALTH CENTER,1015 BOWLES,FENTON,JEFFERSON,MO,63026,(636) 496-2000,Acute Care Hospitals,Voluntary non-profit - Private,1,4.0,,Y,2026-07-31 00:22:03,5,3,1.01356,931.0,172.0,Medium
260085,ST JOSEPH MEDICAL CENTER,1000 CARONDELET DR,KANSAS CITY,JACKSON,MO,64114,(816) 942-4400,Acute Care Hospitals,Proprietary,1,3.0,,,2026-07-31 00:22:03,6,2,1.0159333333333331,498.0,92.0,Medium
260091,SSM HEALTH ST MARY'S HOSPITAL - ST LOUIS,6420 CLAYTON RD,SAINT LOUIS,ST. LOUIS,MO,63117,(314) 768-8000,Acute Care Hospitals,Voluntary non-profit - Private,1,3.0,,Y,2026-07-31 00:22:03,4,3,1.03885,613.0,128.0,Medium
260094,COX MEDICAL CENTER BRANSON,"525 BRANSON LANDING BLVD, PO BOX 650",BRANSON,TANEY,MO,65615,(417) 335-7000,Acute Care Hospitals,Voluntary non-profit - Private,1,4.0,,Y,2026-07-31 00:22:03,4,1,0.9430499999999999,682.0,95.0,Low
260095,CENTERPOINT MEDICAL CENTER,19600 EAST 39TH STREET,INDEPENDENCE,JACKSON,MO,64057,(816) 698-7000,Acute Care Hospitals,Proprietary,1,3.0,,Y,2026-07-31 00:22:03,6,2,0.9767333333333333,990.0,185.0,Medium
260096,NKC HEALTH,2800 CLAY EDWARDS DRIVE,NORTH KANSAS CITY,CLAY,MO,64116,(816) 691-2000,Acute Care Hospitals,Government - Local,1,4.0,,Y,2026-07-31 00:22:03,6,3,0.9665333333333334,2328.0,361.0,Medium
260097,WESTERN MISSOURI MEDICAL CENTER,403 BURKARTH ROAD,WARRENSBURG,JOHNSON,MO,64093,(660) 747-2500,Acute Care Hospitals,Government - Local,1,4.0,,Y,2026-07-31 00:22:03,4,3,1.022425,243.0,45.0,Medium
260102,UNIVERSITY HEALTH LAKEWOOD MEDICAL CENTER,7900 LEE'S SUMMIT RD,KANSAS CITY,JACKSON,MO,64139,(816) 404-7000,Acute Care Hospitals,Voluntary non-profit - Private,1,4.0,,Y,2026-07-31 00:22:03,1,1,1.0455,0.0,0.0,Low
260104,SSM HEALTH DEPAUL HOSPITAL ST LOUIS,12303 DEPAUL DRIVE,BRIDGETON,ST. LOUIS,MO,63044,(314) 344-6000,Acute Care Hospitals,Voluntary non-profit - Church,1,4.0,,Y,2026-07-31 00:22:03,6,0,0.9567333333333333,749.0,127.0,Low
260105,SSM HEALTH SAINT LOUIS UNIVERSITY HOSPITAL,1201 S GRAND BLVD,SAINT LOUIS,ST. LOUIS CITY,MO,63104,(314) 257-8000,Acute Care Hospitals,Voluntary non-profit - Church,1,1.0,,,2026-07-31 00:22:03,5,5,1.0579399999999999,306.0,82.0,High
260108,MISSOURI BAPTIST MEDICAL CENTER,3015 N BALLAS RD,SAINT LOUIS,ST. LOUIS,MO,63131,(314) 996-5000,Acute Care Hospitals,Voluntary non-profit - Private,1,5.0,,Y,2026-07-31 00:22:03,6,4,1.0152166666666667,2191.0,364.0,High
260110,MERCY HOSPITAL SOUTHEAST,1701 LACEY ST,CAPE GIRARDEAU,CAPE GIRARDEAU,MO,63701,(573) 334-4822,Acute Care Hospitals,Voluntary non-profit - Private,1,2.0,,Y,2026-07-31 00:22:03,6,2,1.0031,874.0,150.0,Medium
260113,MISSOURI DELTA MEDICAL CENTER,1008 NORTH MAIN ST,SIKESTON,SCOTT,MO,63801,(573) 472-7586,Acute Care Hospitals,Voluntary non-profit - Private,1,2.0,,Y,2026-07-31 00:22:03,3,1,0.9924,382.0,67.0,Low
260119,POPLAR BLUFF REGIONAL MEDICAL CENTER,3100 OAK GROVE ROAD,POPLAR BLUFF,BUTLER,MO,63901,(573) 785-7721,Acute Care Hospitals,Proprietary,1,2.0,,Y,2026-07-31 00:22:03,4,2,0.9972500000000001,1181.0,206.0,Medium
260137,FREEMAN HEALTH SYSTEM - FREEMAN WEST,1102 WEST 32ND STREET,JOPLIN,JASPER,MO,64804,(417) 347-1111,Acute Care Hospitals,Voluntary non-profit - Private,1,2.0,,Y,2026-07-31 00:22:03,6,1,0.9461333333333334,1344.0,226.0,Low
260138,ST LUKES HOSPITAL OF KANSAS CITY,4401 WORNALL ROAD,KANSAS CITY,JACKSON,MO,64111,(816) 932-2000,Acute Care Hospitals,Voluntary non-profit - Private,1,5.0,,Y,2026-07-31 00:22:03,6,1,0.9679166666666666,1326.0,197.0,Low
260141,UNIVERSITY OF MISSOURI HEALTH CARE,ONE HOSPITAL DRIVE,COLUMBIA,BOONE,MO,65212,(573) 882-4141,Acute Care Hospitals,Government - State,1,3.0,,Y,2026-07-31 00:22:03,6,5,1.0237166666666666,1219.0,221.0,High
260142,FITZGIBBON HOSPITAL,2305 S 65 HIGHWAY,MARSHALL,SALINE,MO,65340,(660) 886-7431,Acute Care Hospitals,Voluntary non-profit - Private,1,2.0,,Y,2026-07-31 00:22:03,3,3,1.0259,169.0,29.0,Medium
260160,MERCY HOSPITAL STODDARD,1200 N ONE MILE RD,DEXTER,STODDARD,MO,63841,(573) 624-5566,Acute Care Hospitals,Voluntary non-profit - Private,1,2.0,,,2026-07-31 00:22:03,2,1,0.9859,0.0,0.0,Low
260162,BARNES-JEWISH WEST COUNTY HOSPITAL,12634 OLIVE BOULEVARD,CREVE COEUR,ST. LOUIS,MO,63141,(314) 996-8000,Acute Care Hospitals,Voluntary non-profit - Private,1,5.0,,,2026-07-31 00:22:03,3,2,0.9926666666666667,116.0,27.0,Medium
260163,PARKLAND HEALTH CENTER,1101 W LIBERTY,FARMINGTON,ST. FRANCOIS,MO,63640,(573) 431-6005,Acute Care Hospitals,Voluntary non-profit - Private,1,4.0,,Y,2026-07-31 00:22:03,4,0,0.9733,590.0,99.0,Low
260175,GOLDEN VALLEY MEMORIAL HOSPITAL,1600 N 2ND ST,CLINTON,HENRY,MO,64735,(660) 885-5511,Acute Care Hospitals,Government - Hospital District or Authority,1,3.0,,Y,2026-07-31 00:22:03,4,1,0.986325,213.0,38.0,Low
260176,ST LUKES DES PERES HOSPITAL,2345 DOUGHERTY FERRY ROAD,ST LOUIS,ST. LOUIS,MO,63122,(314) 966-9100,Acute Care Hospitals,Proprietary,1,3.0,,,2026-07-31 00:22:03,3,2,1.0373333333333334,231.0,23.0,Medium
260177,LIBERTY HOSPITAL,2525 GLENN HENDREN DR,LIBERTY,CLAY,MO,64068,(816) 781-7200,Acute Care Hospitals,Voluntary non-profit - Private,1,2.0,,Y,2026-07-31 00:22:03,6,4,1.0343666666666667,995.0,160.0,High
260179,ST LUKES HOSPITAL,232 S WOODS MILL RD,CHESTERFIELD,ST. LOUIS,MO,63017,(314) 434-1500,Acute Care Hospitals,Voluntary non-profit - Private,1,4.0,,Y,2026-07-31 00:22:03,6,3,1.0375833333333333,2468.0,379.0,Medium
260180,CHRISTIAN HOSPITAL NORTHEAST,11133 DUNN ROAD,SAINT LOUIS,ST. LOUIS,MO,63136,(314) 653-5000,Acute Care Hospitals,Voluntary non-profit - Private,1,4.0,,,2026-07-31 00:22:03,6,3,1.0006166666666667,978.0,180.0,Medium
260183,SAINT FRANCIS MEDICAL CENTER,211 ST FRANCIS DR,CAPE GIRARDEAU,CAPE GIRARDEAU,MO,63703,(573) 331-3000,Acute Care Hospitals,Voluntary non-profit - Private,1,3.0,,Y,2026-07-31 00:22:03,6,2,0.9468833333333334,1002.0,146.0,Medium
260186,LAKE REGIONAL HEALTH SYSTEM,54 HOSPITAL DRIVE,OSAGE BEACH,CAMDEN,MO,65065,(573) 348-8000,Acute Care Hospitals,Voluntary non-profit - Other,1,3.0,,Y,2026-07-31 00:22:03,5,1,0.9764800000000001,794.0,127.0,Low
260190,LEE'S SUMMIT MEDICAL CENTER,2100 SE BLUE PARKWAY,LEES SUMMIT,JACKSON,MO,64063,(816) 282-5000,Acute Care Hospitals,Proprietary,1,3.0,,,2026-07-31 00:22:03,5,4,1.0131000000000001,313.0,61.0,High
260191,BARNES-JEWISH ST PETERS HOSPITAL,10 HOSPITAL DR,SAINT PETERS,ST. CHARLES,MO,63376,(636) 916-9000,Acute Care Hospitals,Voluntary non-profit - Other,1,3.0,,,2026-07-31 00:22:03,5,3,1.02202,695.0,134.0,Medium
260193,ST MARY'S MEDICAL CENTER,201 NW R D MIZE RD,BLUE SPRINGS,JACKSON,MO,64014,(816) 228-5900,Acute Care Hospitals,Proprietary,1,3.0,,,2026-07-31 00:22:03,5,3,1.01236,381.0,78.0,Medium
260195,CITIZENS MEMORIAL HOSPITAL,1500 N OAKLAND,BOLIVAR,POLK,MO,65613,(417) 326-6000,Acute Care Hospitals,Government - Hospital District or Authority,1,3.0,,Y,2026-07-31 00:22:03,4,1,0.982675,72.0,12.0,Low
260200,SSM ST JOSEPH HOSPITAL WEST,100 MEDICAL PLAZA,LAKE SAINT LOUIS,ST. CHARLES,MO,63367,(636) 625-5200,Acute Care Hospitals,Voluntary non-profit - Church,1,3.0,,Y,2026-07-31 00:22:03,4,0,0.957,983.0,158.0,Low
260214,BELTON REGIONAL MEDICAL CENTER,17065 S 71 HIGHWAY,BELTON,CASS,MO,64012,(816) 348-1200,Acute Care Hospitals,Voluntary non-profit - Private,1,2.0,,,2026-07-31 00:22:03,4,4,1.0656750000000001,238.0,49.0,High
260216,SAINT LUKE'S EAST  HOSPITAL,100 N E SAINT LUKE'S BOULEVARD,LEES SUMMIT,JACKSON,MO,64086,(816) 347-5000,Acute Care Hospitals,Voluntary non-profit - Private,1,4.0,,Y,2026-07-31 00:22:03,5,2,0.98716,1741.0,261.0,Medium
260219,PROGRESS WEST HOSPITAL,2 PROGRESS POINT PKWY,OFALLON,ST. CHARLES,MO,63368,(636) 344-2273,Acute Care Hospitals,Voluntary non-profit - Private,1,4.0,,Y,2026-07-31 00:22:03,5,0,0.9596399999999999,304.0,45.0,Low
270003,ST PETERS HEALTH,2475 BROADWAY,HELENA,LEWIS AND CLARK,MT,59601,(406) 442-2480,Acute Care Hospitals,Voluntary non-profit - Private,1,3.0,,Y,2026-07-31 00:22:03,5,1,0.97126,619.0,86.0,Low
270004,BILLINGS CLINIC,2800 10TH AVE N,BILLINGS,YELLOWSTONE,MT,59101,(406) 657-4000,Acute Care Hospitals,Voluntary non-profit - Private,1,4.0,,Y,2026-07-31 00:22:03,6,2,0.9284333333333333,1791.0,228.0,Medium
270012,BENEFIS HOSPITALS INC,1101 26TH ST S,GREAT FALLS,CASCADE,MT,59405,(406) 455-5000,Acute Care Hospitals,Voluntary non-profit - Private,1,2.0,,Y,2026-07-31 00:22:03,6,1,0.9441666666666667,858.0,111.0,Low
270014,ST. PATRICK HOSPITAL,500 W BROADWAY,MISSOULA,MISSOULA,MT,59802,(406) 543-7271,Acute Care Hospitals,Voluntary non-profit - Church,1,5.0,,Y,2026-07-31 00:22:03,6,2,0.9683333333333334,1172.0,143.0,Medium
270017,ST JAMES HOSPITAL,400 S CLARK ST,BUTTE,SILVER BOW,MT,59701,(406) 723-2500,Acute Care Hospitals,Voluntary non-profit - Private,1,2.0,,Y,2026-07-31 00:22:03,4,2,1.037425,269.0,42.0,Medium
270023,COMMUNITY MEDICAL CENTER,2827 FORT MISSOULA RD,MISSOULA,MISSOULA,MT,59804,(406) 728-4100,Acute Care Hospitals,Voluntary non-profit - Private,1,3.0,,Y,2026-07-31 00:22:03,4,1,0.984575,183.0,31.0,Low
270049,INTERMOUNTAIN HEALTH ST VINCENT REGIONAL HOSPITAL,1233 N 30TH ST,BILLINGS,YELLOWSTONE,MT,59107,(406) 657-7000,Acute Care Hospitals,Voluntary non-profit - Church,1,4.0,,Y,2026-07-31 00:22:03,6,0,0.9110833333333334,1292.0,142.0,Low
270051,LOGAN HEALTH MEDICAL CENTER,310 SUNNYVIEW LANE,KALISPELL,FLATHEAD,MT,59901,(406) 752-5111,Acute Care Hospitals,Voluntary non-profit - Private,1,3.0,,Y,2026-07-31 00:22:03,5,0,0.92036,814.0,89.0,Low
270057,BOZEMAN HEALTH DEACONESS HOSPITAL,915 HIGHLAND BLVD,BOZEMAN,GALLATIN,MT,59715,(406) 585-5000,Acute Care Hospitals,Voluntary non-profit - Private,1,4.0,,Y,2026-07-31 00:22:03,5,0,0.9225,545.0,72.0,Low
270086,GREAT FALLS CLINIC HOSPITAL,3010 15TH AVENUE SOUTH,GREAT FALLS,CASCADE,MT,59405,(406) 216-8000,Acute Care Hospitals,Proprietary,1,2.0,,,2026-07-31 00:22:03,6,1,0.98235,88.0,13.0,Low
280003,BRYAN MEDICAL CENTER,1600 SOUTH 48TH ST,LINCOLN,LANCASTER,NE,68506,(402) 481-1111,Acute Care Hospitals,Voluntary non-profit - Private,1,3.0,,Y,2026-07-31 00:22:03,6,2,0.9692833333333333,2790.0,367.0,Medium
280009,CHI HEALTH GOOD SAMARITAN,"P O BOX 1990, 10 EAST 31ST ST",KEARNEY,BUFFALO,NE,68848,(308) 865-7900,Acute Care Hospitals,Voluntary non-profit - Church,1,4.0,,Y,2026-07-31 00:22:03,5,3,1.0117,258.0,53.0,Medium
280013,THE NEBRASKA MEDICAL CENTER,988102 Nebrasks Medical Center,OMAHA,DOUGLAS,NE,68198,(402) 559-4000,Acute Care Hospitals,Voluntary non-profit - Private,1,4.0,,Y,2026-07-31 00:22:03,6,2,0.9529166666666667,1240.0,199.0,Medium
280020,CHI HEALTH ST. ELIZABETH,555 SOUTH 70TH ST,LINCOLN,LANCASTER,NE,68510,(402) 219-7700,Acute Care Hospitals,Voluntary non-profit - Private,1,4.0,,Y,2026-07-31 00:22:03,4,2,0.99195,269.0,47.0,Medium
280023,CHI HEALTH ST. FRANCIS,2620 WEST FAIDLEY AVE,GRAND ISLAND,HALL,NE,68803,(308) 384-4600,Acute Care Hospitals,Voluntary non-profit - Church,1,4.0,,Y,2026-07-31 00:22:03,4,1,0.9846,301.0,52.0,Low
280032,MARY LANNING HEALTHCARE,715 N ST JOSEPH AVE,HASTINGS,ADAMS,NE,68901,(402) 463-4521,Acute Care Hospitals,Voluntary non-profit - Other,1,2.0,,Y,2026-07-31 00:22:03,4,0,0.950475,135.0,22.0,Low
280040,THE NEBRASKA METHODIST HOSPITAL,8303 DODGE ST,OMAHA,DOUGLAS,NE,68114,(402) 354-4000,Acute Care Hospitals,Voluntary non-profit - Private,1,4.0,,Y,2026-07-31 00:22:03,6,0,0.9630166666666667,2177.0,288.0,Low
280060,CHI HEALTH BERGAN MERCY,7500 MERCY RD,OMAHA,DOUGLAS,NE,68124,(402) 398-6020,Acute Care Hospitals,Voluntary non-profit - Private,1,4.0,,Y,2026-07-31 00:22:03,5,0,0.9214600000000001,755.0,106.0,Low
280061,REGIONAL WEST MEDICAL CENTER,4021 AVE B,SCOTTSBLUFF,SCOTT BLUFF,NE,69361,(308) 635-3711,Acute Care Hospitals,Voluntary non-profit - Private,1,2.0,,Y,2026-07-31 00:22:03,4,2,1.018475,543.0,98.0,Medium
280065,GREAT PLAINS HEALTH,601 WEST LEOTA ST,NORTH PLATTE,LINCOLN,NE,69101,(308) 568-8000,Acute Care Hospitals,Voluntary non-profit - Private,1,3.0,,Y,2026-07-31 00:22:03,5,3,0.9731400000000001,668.0,138.0,Medium
280077,METHODIST FREMONT HEALTH,450 EAST 23RD ST,FREMONT,DODGE,NE,68025,(402) 721-1610,Acute Care Hospitals,Voluntary non-profit - Private,1,2.0,,Y,2026-07-31 00:22:03,5,2,1.00742,377.0,71.0,Medium
280081,CHI HEALTH IMMANUEL,6901 NORTH 72ND ST,OMAHA,DOUGLAS,NE,68122,(402) 572-2121,Acute Care Hospitals,Voluntary non-profit - Private,1,3.0,,Y,2026-07-31 00:22:03,4,2,1.005925,234.0,46.0,Medium
280105,CHI HEALTH MIDLANDS,11111 SOUTH 84TH ST,PAPILLION,SARPY,NE,68046,(402) 593-3000,Acute Care Hospitals,Voluntary non-profit - Church,1,4.0,,,2026-07-31 00:22:03,2,0,0.97905,0.0,0.0,Low
280111,"COLUMBUS COMMUNITY HOSPITAL, INC",4600 38TH ST,COLUMBUS,PLATTE,NE,68601,(402) 562-7118,Acute Care Hospitals,Voluntary non-profit - Other,1,3.0,,Y,2026-07-31 00:22:03,4,1,0.960875,71.0,11.0,Low
280125,FAITH REGIONAL HEALTH SERVICES,2700 WEST NORFOLK AVE,NORFOLK,MADISON,NE,68701,(402) 371-4880,Acute Care Hospitals,Voluntary non-profit - Church,1,3.0,,Y,2026-07-31 00:22:03,5,2,0.9838999999999999,555.0,72.0,Medium
280127,LINCOLN SURGICAL HOSPITAL,1710 SOUTH 70TH STREET,LINCOLN,LANCASTER,NE,68506,(402) 484-9090,Acute Care Hospitals,Proprietary,0,,16,,2026-07-31 00:22:03,1,0,0.9812,0.0,0.0,Low
280128,CHI HEALTH NEBRASKA HEART,7500 SOUTH 91ST ST,LINCOLN,LANCASTER,NE,68526,(402) 328-3000,Acute Care Hospitals,Voluntary non-profit - Private,0,4.0,,,2026-07-31 00:22:03,3,0,0.9327666666666667,590.0,69.0,Low
280130,CHI HEALTH LAKESIDE,16901 LAKESIDE HILLS CT,OMAHA,DOUGLAS,NE,68130,(402) 717-8000,Acute Care Hospitals,Voluntary non-profit - Church,1,4.0,,Y,2026-07-31 00:22:03,5,1,0.9640599999999999,571.0,81.0,Low
280131,MIDWEST SURGICAL HOSPITAL LLC,7915 FARNAM DRIVE,OMAHA,DOUGLAS,NE,68114,(402) 399-1900,Acute Care Hospitals,Physician,0,,16,,2026-07-31 00:22:03,1,0,0.8717,0.0,0.0,Low
280132,BELLEVUE MEDICAL CENTER,2500 BELLEVUE MEDICAL CENTER DR,BELLEVUE,SARPY,NE,68123,(402) 763-3600,Acute Care Hospitals,Proprietary,1,4.0,,,2026-07-31 00:22:03,5,5,1.0426600000000001,936.0,147.0,High
280134,KEARNEY REGIONAL MEDICAL CENTER,804 22ND AVENUE,KEARNEY,BUFFALO,NE,68845,(308) 455-3600,Acute Care Hospitals,Proprietary,1,4.0,,Y,2026-07-31 00:22:03,6,2,0.9626833333333332,352.0,49.0,Medium
280139,GRAND ISLAND REGIONAL MEDICAL CENTER,3533 PRAIRIEVIEW STREET,GRAND ISLAND,HALL,NE,68803,(308) 675-5000,Acute Care Hospitals,Voluntary non-profit - Private,1,2.0,,Y,2026-07-31 00:22:03,3,3,1.0503666666666667,137.0,30.0,Medium
290001,RENOWN REGIONAL MEDICAL CENTER,1155 MILL STREET,RENO,WASHOE,NV,89502,(775) 982-4100,Acute Care Hospitals,Voluntary non-profit - Private,1,3.0,,Y,2026-07-31 00:22:03,5,1,0.9348599999999999,2083.0,311.0,Low
290003,SUNRISE HOSPITAL AND MEDICAL CENTER,3186 S MARYLAND PKWY,LAS VEGAS,CLARK,NV,89109,(702) 731-8000,Acute Care Hospitals,Proprietary,1,2.0,,,2026-07-31 00:22:03,6,4,1.0545166666666665,1288.0,258.0,High
290005,NORTH VISTA HOSPITAL,1409 EAST LAKE MEAD BLVD,NORTH LAS VEGAS,CLARK,NV,89030,(702) 649-7711,Acute Care Hospitals,Voluntary non-profit - Private,1,3.0,,,2026-07-31 00:22:03,3,3,1.0613333333333335,254.0,66.0,Medium
290007,UNIVERSITY MEDICAL CENTER,1800 W CHARLESTON BLVD,LAS VEGAS,CLARK,NV,89102,(702) 383-2000,Acute Care Hospitals,Voluntary non-profit - Other,1,2.0,,Y,2026-07-31 00:22:03,6,3,1.0242833333333332,429.0,100.0,Medium
290008,NORTHEASTERN NEVADA REGIONAL HOSPITAL,2001 ERRECART BLVD,ELKO,ELKO,NV,89801,(775) 738-5151,Acute Care Hospitals,Proprietary,1,3.0,,Y,2026-07-31 00:22:03,5,0,0.9492800000000001,189.0,26.0,Low
290009,SAINT MARY'S REGIONAL MEDICAL CENTER,235 W 6TH ST,RENO,WASHOE,NV,89503,(775) 770-3000,Acute Care Hospitals,Proprietary,1,4.0,,,2026-07-31 00:22:03,5,2,0.97574,962.0,156.0,Medium
290019,CARSON TAHOE REGIONAL MEDICAL CENTER,1600 MEDICAL PARKWAY,CARSON CITY,CARSON CITY,NV,89703,(775) 445-8000,Acute Care Hospitals,Voluntary non-profit - Private,1,2.0,,Y,2026-07-31 00:22:03,5,3,0.9822200000000001,1668.0,218.0,Medium
290021,VALLEY HOSPITAL MEDICAL CENTER,620 SHADOW LANE,LAS VEGAS,CLARK,NV,89106,(702) 388-4000,Acute Care Hospitals,Proprietary,1,2.0,,,2026-07-31 00:22:03,6,4,1.0335666666666665,521.0,107.0,High
290032,NORTHERN NEVADA MEDICAL CENTER,2375 E PRATER WAY,SPARKS,WASHOE,NV,89434,(775) 331-7000,Acute Care Hospitals,Voluntary non-profit - Private,1,3.0,,,2026-07-31 00:22:03,5,2,1.0385399999999998,356.0,54.0,Medium
290039,MOUNTAINVIEW HOSPITAL,3100 N TENAYA WAY,LAS VEGAS,CLARK,NV,89128,(702) 255-5000,Acute Care Hospitals,Proprietary,1,4.0,,Y,2026-07-31 00:22:03,6,4,1.0086,2291.0,426.0,High
290041,SUMMERLIN HOSPITAL MEDICAL CENTER,657 TOWN CENTER DRIVE,LAS VEGAS,CLARK,NV,89144,(702) 233-7500,Acute Care Hospitals,Proprietary,1,3.0,,Y,2026-07-31 00:22:03,5,4,1.05944,1064.0,213.0,High
290045,SAINT ROSE DOMINICAN HOSPITALS - SIENA CAMPUS,3001 ST ROSE PARKWAY,HENDERSON,CLARK,NV,89052,(702) 616-5000,Acute Care Hospitals,Voluntary non-profit - Private,1,3.0,,Y,2026-07-31 00:22:03,6,2,0.9658666666666665,1803.0,354.0,Medium
290046,SPRING VALLEY HOSPITAL MEDICAL CENTER,5400 SOUTH RAINBOW BLVD,LAS VEGAS,CLARK,NV,89118,(702) 853-3000,Acute Care Hospitals,Proprietary,1,3.0,,Y,2026-07-31 00:22:03,6,3,1.0019500000000001,793.0,161.0,Medium
290047,SOUTHERN HILLS HOSPITAL AND MEDICAL CENTER,9300 WEST SUNSET RD,LAS VEGAS,CLARK,NV,89148,(702) 880-2100,Acute Care Hospitals,Proprietary,1,4.0,,Y,2026-07-31 00:22:03,5,1,0.99596,802.0,157.0,Low
290049,RENOWN SOUTH MEADOWS MEDICAL CENTER,10101 DOUBLE R BLVD,RENO,WASHOE,NV,89521,(775) 982-7063,Acute Care Hospitals,Voluntary non-profit - Private,1,3.0,,,2026-07-31 00:22:03,4,1,1.03645,412.0,58.0,Low
290053,SAINT ROSE DOMINICAN HOSPITALS - SAN MARTIN CAMPUS,8280 W WARM SPRINGS ROAD,LAS VEGAS,CLARK,NV,89113,(702) 492-8509,Acute Care Hospitals,Voluntary non-profit - Private,1,4.0,,,2026-07-31 00:22:03,5,3,1.03132,529.0,101.0,Medium
290054,CENTENNIAL HILLS HOSPITAL MEDICAL CENTER,6900 N DURANGO DR,LAS VEGAS,CLARK,NV,89149,(702) 835-9700,Acute Care Hospitals,Proprietary,1,2.0,,Y,2026-07-31 00:22:03,5,3,1.02188,830.0,156.0,Medium
290057,HENDERSON HOSPITAL,1050 WEST GALLERIA DRIVE,HENDERSON,CLARK,NV,89011,(702) 963-7000,Acute Care Hospitals,Proprietary,1,2.0,,Y,2026-07-31 00:22:03,5,4,1.04556,1039.0,203.0,High
290058,SAINT ROSE DOMINICAN HOSPITALS - NORTH LAS VEGAS,1550 W CRAIG RANCH,NORTH LAS VEGAS,CLARK,NV,89031,(702) 777-3615,Acute Care Hospitals,Proprietary,1,,16,,2026-07-31 00:22:03,1,1,1.0387,0.0,0.0,Low
300001,CONCORD HOSPITAL,250 PLEASANT ST,CONCORD,MERRIMACK,NH,03301,(603) 225-2711,Acute Care Hospitals,Voluntary non-profit - Private,0,3.0,,Y,2026-07-31 00:22:03,6,3,1.0076,1479.0,232.0,Medium
300003,MARY HITCHCOCK MEMORIAL HOSPITAL,1 MEDICAL CENTER DRIVE,LEBANON,GRAFTON,NH,03756,(603) 650-5000,Acute Care Hospitals,Voluntary non-profit - Private,1,3.0,,Y,2026-07-31 00:22:03,6,1,0.9200666666666667,1915.0,250.0,Low
300005,CONCORD HOSPITAL- LACONIA,80 HIGHLAND ST,LACONIA,BELKNAP,NH,03246,(603) 524-3211,Acute Care Hospitals,Voluntary non-profit - Private,1,3.0,,,2026-07-31 00:22:03,3,1,0.9851666666666667,668.0,105.0,Low
300011,ST JOSEPH HOSPITAL,172 KINSLEY ST,NASHUA,HILLSBOROUGH,NH,03060,(603) 882-3000,Acute Care Hospitals,Voluntary non-profit - Other,1,4.0,,Y,2026-07-31 00:22:03,5,1,0.94422,900.0,134.0,Low
300012,ELLIOT HOSPITAL,1 ELLIOT WAY,MANCHESTER,HILLSBOROUGH,NH,03103,(603) 669-5300,Acute Care Hospitals,Voluntary non-profit - Private,1,2.0,,Y,2026-07-31 00:22:03,5,2,1.0323,1247.0,195.0,Medium
300014,FRISBIE MEMORIAL HOSPITAL,11 WHITEHALL ROAD,ROCHESTER,STRAFFORD,NH,03867,(603) 332-5211,Acute Care Hospitals,Proprietary,1,3.0,,,2026-07-31 00:22:03,3,3,1.0228666666666666,178.0,30.0,Medium
300017,PARKLAND MEDICAL CENTER,1 PARKLAND DRIVE,DERRY,ROCKINGHAM,NH,03038,(603) 421-2100,Acute Care Hospitals,Proprietary,1,4.0,,,2026-07-31 00:22:03,4,3,1.018525,758.0,136.0,Medium
300018,WENTWORTH-DOUGLASS HOSPITAL,789 CENTRAL AVE,DOVER,STRAFFORD,NH,03820,(603) 740-2580,Acute Care Hospitals,Voluntary non-profit - Private,1,4.0,,Y,2026-07-31 00:22:03,5,2,1.0102,1352.0,221.0,Medium
300019,CHESHIRE MEDICAL CENTER,580 COURT STREET,KEENE,CHESHIRE,NH,03431,(603) 354-5400,Acute Care Hospitals,Voluntary non-profit - Private,1,4.0,,Y,2026-07-31 00:22:03,4,0,0.962275,559.0,88.0,Low
300020,SOUTHERN NH MEDICAL CENTER,8 PROSPECT STREET,NASHUA,HILLSBOROUGH,NH,03060,(603) 577-2000,Acute Care Hospitals,Voluntary non-profit - Private,1,2.0,,Y,2026-07-31 00:22:03,5,3,1.0299,999.0,149.0,Medium
300023,EXETER HOSPITAL INC,5 ALUMNI DRIVE,EXETER,ROCKINGHAM,NH,03833,(603) 778-7311,Acute Care Hospitals,Voluntary non-profit - Private,1,4.0,,Y,2026-07-31 00:22:03,5,2,0.9864599999999999,855.0,126.0,Medium
300029,PORTSMOUTH REGIONAL HOSPITAL,333 BORTHWICK AVE,PORTSMOUTH,ROCKINGHAM,NH,03801,(603) 436-5110,Acute Care Hospitals,Proprietary,1,3.0,,Y,2026-07-31 00:22:03,6,4,1.04785,1185.0,193.0,High
300034,CATHOLIC MEDICAL CENTER,100 MCGREGOR STREET,MANCHESTER,HILLSBOROUGH,NH,03102,(603) 668-3545,Acute Care Hospitals,Voluntary non-profit - Private,1,4.0,,Y,2026-07-31 00:22:03,6,3,0.9822666666666665,2217.0,350.0,Medium
310001,HACKENSACK UNIVERSITY MEDICAL CENTER,30 PROSPECT AVE,HACKENSACK,BERGEN,NJ,07601,(551) 996-2000,Acute Care Hospitals,Voluntary non-profit - Private,1,5.0,,Y,2026-07-31 00:22:03,6,1,0.9258000000000001,3167.0,577.0,Low
310002,NEWARK BETH ISRAEL MEDICAL CENTER,201 LYONS AVE,NEWARK,ESSEX,NJ,07112,(973) 926-7000,Acute Care Hospitals,Voluntary non-profit - Private,1,2.0,,Y,2026-07-31 00:22:03,5,4,1.06256,393.0,92.0,High
310003,PALISADES MEDICAL CENTER,7600 RIVER RD,NORTH BERGEN,HUDSON,NJ,07047,(201) 854-5000,Acute Care Hospitals,Voluntary non-profit - Private,1,2.0,,Y,2026-07-31 00:22:03,3,3,1.0557,594.0,128.0,Medium
310005,HUNTERDON MEDICAL CENTER,2100 WESCOTT DRIVE,FLEMINGTON,HUNTERDON,NJ,08822,(908) 788-6100,Acute Care Hospitals,Voluntary non-profit - Private,0,4.0,,Y,2026-07-31 00:22:03,5,4,1.0409199999999998,1401.0,216.0,High
310006,ST MARY'S GENERAL HOSPITAL,350 BOULEVARD,PASSAIC,PASSAIC,NJ,07055,(973) 365-4300,Acute Care Hospitals,Proprietary,1,3.0,,Y,2026-07-31 00:22:03,4,3,1.04825,364.0,86.0,Medium
310008,HOLY NAME MEDICAL CENTER,718 TEANECK RD,TEANECK,BERGEN,NJ,07666,(201) 833-3000,Acute Care Hospitals,Voluntary non-profit - Private,1,5.0,,Y,2026-07-31 00:22:03,5,3,0.98994,1395.0,233.0,Medium
310009,CLARA MAASS MEDICAL CENTER,ONE CLARA MAASS DRIVE,BELLEVILLE,ESSEX,NJ,07109,(973) 450-2000,Acute Care Hospitals,Voluntary non-profit - Private,1,3.0,,Y,2026-07-31 00:22:03,4,2,0.9931749999999999,805.0,144.0,Medium
310010,UNIVERSITY MEDICAL CENTER OF PRINCETON AT PLAINSBORO,ONE-FIVE PLAINSBORO ROAD,PLAINSBORO,MIDDLESEX,NJ,08536,(609) 853-6500,Acute Care Hospitals,Voluntary non-profit - Private,1,4.0,,Y,2026-07-31 00:22:03,5,5,1.1067399999999998,1496.0,259.0,High
310011,CAPE REGIONAL MEDICAL CENTER INC,TWO STONE HARBOR BLVD,CAPE MAY COURT HOUSE,CAPE MAY,NJ,08210,(609) 463-2000,Acute Care Hospitals,Voluntary non-profit - Private,1,3.0,,,2026-07-31 00:22:03,4,3,1.02365,1136.0,204.0,Medium
310012,VALLEY HOSPITAL,4 VALLEY HEALTH PLAZA,PARAMUS,BERGEN,NJ,07652,(201) 447-8000,Acute Care Hospitals,Voluntary non-profit - Private,1,4.0,,Y,2026-07-31 00:22:03,6,2,1.0078500000000001,2702.0,432.0,Medium
310014,COOPER UNIVERSITY HOSPITAL,1 COOPER PLAZA,CAMDEN,CAMDEN,NJ,08103,(856) 342-2000,Acute Care Hospitals,Voluntary non-profit - Private,1,2.0,,Y,2026-07-31 00:22:03,6,4,1.0777166666666667,1575.0,282.0,High
310015,MORRISTOWN MEDICAL CENTER,100 MADISON AVE,MORRISTOWN,MORRIS,NJ,07962,(973) 971-5450,Acute Care Hospitals,Voluntary non-profit - Private,1,5.0,,Y,2026-07-31 00:22:03,6,0,0.85405,5202.0,665.0,Low
310016,HEIGHTS UNIVERSITY HOSPITAL,176 PALISADE AVE,JERSEY CITY,HUDSON,NJ,07306,(201) 795-8200,Acute Care Hospitals,Voluntary non-profit - Church,0,2.0,,,2026-07-31 00:22:03,4,3,1.0132750000000001,133.0,33.0,Medium
310017,CHILTON MEDICAL CENTER,97 WEST PARKWAY,POMPTON PLAINS,MORRIS,NJ,07444,(973) 831-5000,Acute Care Hospitals,Voluntary non-profit - Private,1,5.0,,Y,2026-07-31 00:22:03,4,0,0.8833249999999999,1232.0,157.0,Low
310019,ST JOSEPH'S UNIVERSITY MEDICAL CENTER INC,703 MAIN ST,PATERSON,PASSAIC,NJ,07503,(973) 754-2010,Acute Care Hospitals,Voluntary non-profit - Church,0,3.0,,Y,2026-07-31 00:22:03,6,4,1.0568166666666667,1353.0,283.0,High
310022,WEST JERSEY HOSPITAL,100 BOWMAN DRIVE,VOORHEES,CAMDEN,NJ,08043,(856) 247-3000,Acute Care Hospitals,Voluntary non-profit - Private,1,3.0,,Y,2026-07-31 00:22:03,5,4,1.0947200000000001,3190.0,664.0,High
310024,ROBERT WOOD JOHNSON UNIVERSITY HOSPITAL AT RAHWAY,865 STONE ST,RAHWAY,UNION,NJ,07065,(732) 381-4200,Acute Care Hospitals,Voluntary non-profit - Private,1,4.0,,,2026-07-31 00:22:03,4,3,1.02685,572.0,114.0,Medium
310025,CAREPOINT HEALTH - BAYONNE MEDICAL CENTER,29 EAST 29TH ST,BAYONNE,HUDSON,NJ,07002,(201) 858-5000,Acute Care Hospitals,Voluntary non-profit - Private,0,1.0,,,2026-07-31 00:22:03,5,5,1.07546,553.0,129.0,High
310027,TRINITAS REGIONAL MEDICAL CENTER,225 WILLIAMSON STREET,ELIZABETH,UNION,NJ,07207,(908) 994-5000,Acute Care Hospitals,Voluntary non-profit - Private,1,3.0,,Y,2026-07-31 00:22:03,3,3,1.0578666666666667,352.0,81.0,Medium
310028,NEWTON MEDICAL CENTER,175 HIGH ST,NEWTON,SUSSEX,NJ,07860,(973) 383-2121,Acute Care Hospitals,Voluntary non-profit - Private,1,4.0,,Y,2026-07-31 00:22:03,5,2,0.9898199999999999,1388.0,222.0,Medium
310029,VIRTUA OUR LADY OF LOURDES HOSPITAL,1600 HADDON AVENUE,CAMDEN,CAMDEN,NJ,08103,(856) 886-5373,Acute Care Hospitals,Government - State,1,2.0,,Y,2026-07-31 00:22:03,5,3,1.01352,1313.0,230.0,Medium
310031,DEBORAH HEART AND LUNG CENTER,200 TRENTON ROAD,BROWNS MILLS,BURLINGTON,NJ,08015,(609) 893-6611,Acute Care Hospitals,Voluntary non-profit - Private,0,3.0,,,2026-07-31 00:22:03,5,5,1.0375999999999999,880.0,169.0,High
310032,INSPIRA MEDICAL CENTER VINELAND,1505 W SHERMAN AVE,VINELAND,CUMBERLAND,NJ,08360,(856) 641-8000,Acute Care Hospitals,Voluntary non-profit - Private,1,3.0,,Y,2026-07-31 00:22:03,4,4,1.0916,1588.0,346.0,High
310034,RIVERVIEW MEDICAL CENTER,ONE RIVERVIEW PLAZA,RED BANK,MONMOUTH,NJ,07701,(732) 741-2700,Acute Care Hospitals,Voluntary non-profit - Private,1,3.0,,Y,2026-07-31 00:22:03,5,3,1.03034,1664.0,256.0,Medium
310038,ROBERT WOOD JOHNSON UNIVERSITY HOSPITAL,ONE ROBERT WOOD JOHNSON PLACE,NEW BRUNSWICK,MIDDLESEX,NJ,08901,(732) 828-3000,Acute Care Hospitals,Voluntary non-profit - Private,1,2.0,,Y,2026-07-31 00:22:03,6,4,1.1265333333333334,2715.0,515.0,High
310039,RARITAN BAY MEDICAL CENTER,530 NEW BRUNSWICK AVE,PERTH AMBOY,MIDDLESEX,NJ,08861,(732) 324-5000,Acute Care Hospitals,Voluntary non-profit - Private,1,4.0,,Y,2026-07-31 00:22:03,4,3,1.0221,1150.0,230.0,Medium
310040,CAREPOINT HEALTH-HOBOKEN UNIVERSITY MEDICAL CENTER,308 WILLOW AVE,HOBOKEN,HUDSON,NJ,07030,(201) 418-1000,Acute Care Hospitals,Voluntary non-profit - Church,0,1.0,,Y,2026-07-31 00:22:03,3,2,1.0087333333333335,142.0,39.0,Medium
310041,COMMUNITY MEDICAL CENTER,99 RT 37 WEST,TOMS RIVER,OCEAN,NJ,08755,(732) 557-8000,Acute Care Hospitals,Voluntary non-profit - Private,1,1.0,,Y,2026-07-31 00:22:03,5,5,1.11216,3920.0,776.0,High
310044,CAPITAL HEALTH MEDICAL CENTER - HOPEWELL,ONE CAPITAL WAY,PENNINGTON,MERCER,NJ,08534,(609) 303-4000,Acute Care Hospitals,Voluntary non-profit - Private,1,2.0,,Y,2026-07-31 00:22:03,5,4,1.0452400000000002,769.0,141.0,High
310045,ENGLEWOOD HOSPITAL AND MEDICAL CENTER,350 ENGLE ST,ENGLEWOOD,BERGEN,NJ,07631,(201) 894-3000,Acute Care Hospitals,Voluntary non-profit - Private,1,4.0,,Y,2026-07-31 00:22:03,6,4,1.0089333333333332,1968.0,284.0,High
310047,SHORE MEDICAL CENTER,100 MEDICAL CENTER WAY,SOMERS POINT,ATLANTIC,NJ,08244,(609) 653-3500,Acute Care Hospitals,Voluntary non-profit - Private,1,3.0,,Y,2026-07-31 00:22:03,4,3,1.046075,1039.0,174.0,Medium
310048,ROBERT WOOD JOHNSON UNIVERSITY HOSPITAL - SOMERSET,110 REHILL AVE,SOMERVILLE,SOMERSET,NJ,08876,(908) 685-2200,Acute Care Hospitals,Voluntary non-profit - Private,1,3.0,,Y,2026-07-31 00:22:03,5,5,1.09558,1724.0,355.0,High
310050,SAINT CLARE'S HOSPITAL/ DENVILLE CAMPUS,25 POCONO ROAD,DENVILLE,MORRIS,NJ,07834,(973) 983-5569,Acute Care Hospitals,Proprietary,1,2.0,,Y,2026-07-31 00:22:03,5,4,1.04226,1303.0,259.0,High
310051,OVERLOOK MEDICAL CENTER,99 BEAUVOIR AVENUE,SUMMIT,UNION,NJ,07901,(908) 522-2000,Acute Care Hospitals,Voluntary non-profit - Private,1,5.0,,Y,2026-07-31 00:22:03,5,0,0.8986599999999999,1968.0,263.0,Low
310052,OCEAN MEDICAL CENTER,425 JACK MARTIN BLVD,BRICK,OCEAN,NJ,08724,(732) 840-2200,Acute Care Hospitals,Voluntary non-profit - Other,1,4.0,,Y,2026-07-31 00:22:03,5,3,1.03058,2785.0,492.0,Medium
310054,HACKENSACK MERIDIAN MOUNTAINSIDE MEDICAL,1 BAY AVENUE,MONTCLAIR,ESSEX,NJ,07042,(973) 429-6000,Acute Care Hospitals,Proprietary,1,4.0,,Y,2026-07-31 00:22:03,5,2,0.99138,1083.0,203.0,Medium
310057,VIRTUA MOUNT HOLLY HOSPITAL,175 MADISON AVE,MOUNT HOLLY,BURLINGTON,NJ,08060,(609) 267-0700,Acute Care Hospitals,Voluntary non-profit - Private,1,3.0,,Y,2026-07-31 00:22:03,4,2,0.972,1147.0,200.0,Medium
310058,BERGEN NEW BRIDGE MEDICAL CENTER,230 EAST RIDGEWOOD AVE,PARAMUS,BERGEN,NJ,07652,(201) 967-4000,Acute Care Hospitals,Voluntary non-profit - Private,1,,"16, 23",,2026-07-31 00:22:03,1,1,1.0355,61.0,13.0,Low
310060,ST LUKE'S WARREN HOSPITAL,185 ROSEBERRY ST,PHILLIPSBURG,WARREN,NJ,08865,(908) 847-6700,Acute Care Hospitals,Voluntary non-profit - Private,1,5.0,,,2026-07-31 00:22:03,4,4,1.067275,742.0,166.0,High
310061,VIRTUA WILLINGBORO HOSPITAL,218A SUNSET ROAD,WILLINGBORO,BURLINGTON,NJ,08046,(609) 835-2900,Acute Care Hospitals,Voluntary non-profit - Private,1,3.0,,,2026-07-31 00:22:03,3,2,1.0425,390.0,80.0,Medium
310064,ATLANTICARE REGIONAL MEDICAL CENTER - CITY CAMPUS,1925 PACIFIC AVENUE,ATLANTIC CITY,ATLANTIC,NJ,08401,(609) 441-8020,Acute Care Hospitals,Voluntary non-profit - Private,1,4.0,,Y,2026-07-31 00:22:03,6,4,0.9926,2587.0,415.0,High
310069,INSPIRA MEDICAL CENTER MULLICA HILL,501 WEST FRONT STREET,ELMER,SALEM,NJ,08318,(856) 363-1000,Acute Care Hospitals,Voluntary non-profit - Private,1,3.0,,Y,2026-07-31 00:22:03,4,2,1.058775,1766.0,339.0,Medium
310070,SAINT PETER'S UNIVERSITY HOSPITAL,254 EASTON AVE,NEW BRUNSWICK,MIDDLESEX,NJ,08901,(732) 745-8600,Acute Care Hospitals,Voluntary non-profit - Private,1,3.0,,Y,2026-07-31 00:22:03,5,3,1.00656,842.0,150.0,Medium
310073,JERSEY SHORE UNIVERSITY MEDICAL CENTER,1945 RTE 33,NEPTUNE,MONMOUTH,NJ,07754,(732) 775-5500,Acute Care Hospitals,Voluntary non-profit - Private,1,4.0,,Y,2026-07-31 00:22:03,6,2,1.0043833333333334,4380.0,744.0,Medium
310074,JERSEY CITY MEDICAL CENTER,355 GRAND STREET,JERSEY CITY,HUDSON,NJ,07302,(201) 915-2000,Acute Care Hospitals,Voluntary non-profit - Private,1,3.0,,Y,2026-07-31 00:22:03,5,4,1.0233,518.0,110.0,High
310075,MONMOUTH MEDICAL CENTER,300 SECOND AVENUE,LONG BRANCH,MONMOUTH,NJ,07740,(732) 222-5200,Acute Care Hospitals,Voluntary non-profit - Private,1,3.0,,Y,2026-07-31 00:22:03,5,3,1.01558,596.0,107.0,Medium
310076,COOPERMAN BARNABAS MEDICAL CENTER,94 OLD SHORT HILLS ROAD,LIVINGSTON,ESSEX,NJ,07039,(973) 322-5000,Acute Care Hospitals,Voluntary non-profit - Private,1,3.0,,Y,2026-07-31 00:22:03,6,5,1.0463,1881.0,328.0,High
310083,CAREWELL HEALTH MEDICAL CENTER,300 CENTRAL AVE,EAST ORANGE,ESSEX,NJ,07018,(973) 672-8400,Acute Care Hospitals,Proprietary,1,1.0,,,2026-07-31 00:22:03,2,2,1.1467,113.0,46.0,Medium
310084,MONMOUTH MEDICAL CENTER-SOUTHERN CAMPUS,600 RIVER AVE,LAKEWOOD,OCEAN,NJ,08701,(732) 363-1900,Acute Care Hospitals,Voluntary non-profit - Private,1,3.0,,,2026-07-31 00:22:03,3,3,1.1016333333333332,808.0,186.0,Medium
310086,JEFFERSON STRATFORD HOSPITAL,18 EAST LAUREL ROAD,STRATFORD,CAMDEN,NJ,08084,(856) 346-7802,Acute Care Hospitals,Voluntary non-profit - Private,1,2.0,,Y,2026-07-31 00:22:03,5,5,1.15514,2503.0,558.0,High
310092,CAPITAL HEALTH REGIONAL MEDICAL CENTER,750 BRUNSWICK AVE,TRENTON,MERCER,NJ,08638,(609) 394-6000,Acute Care Hospitals,Voluntary non-profit - Private,1,2.0,,,2026-07-31 00:22:03,3,2,1.0047333333333333,345.0,66.0,Medium
310096,SAINT MICHAEL'S MEDICAL CENTER,111 CENTRAL AVENUE,NEWARK,ESSEX,NJ,07102,(973) 877-5350,Acute Care Hospitals,Voluntary non-profit - Private,1,4.0,,,2026-07-31 00:22:03,3,3,1.0266666666666666,218.0,49.0,Medium
310108,JFK UNIVERSITY MEDICAL CENTER,65 JAMES STREET,EDISON,MIDDLESEX,NJ,08818,(732) 321-7000,Acute Care Hospitals,Voluntary non-profit - Private,1,3.0,,Y,2026-07-31 00:22:03,4,2,1.0102,2070.0,400.0,Medium
310110,ROBERT WOOD JOHNSON UNIVERSITY HOSPITAL AT HAMILTON,ONE HAMILTON HEALTH PLACE,HAMILTON,MERCER,NJ,08690,(609) 586-7900,Acute Care Hospitals,Voluntary non-profit - Private,1,4.0,,,2026-07-31 00:22:03,5,4,1.04836,984.0,208.0,High
310111,CENTRASTATE MEDICAL CENTER,901 WEST MAIN STREET,FREEHOLD,MONMOUTH,NJ,07728,(732) 294-7012,Acute Care Hospitals,Voluntary non-profit - Private,1,4.0,,Y,2026-07-31 00:22:03,4,4,1.063875,1913.0,383.0,High
310112,BAYSHORE MEDICAL CENTER,727 N BEERS ST,HOLMDEL,MONMOUTH,NJ,07733,(732) 739-5900,Acute Care Hospitals,Voluntary non-profit - Private,1,4.0,,,2026-07-31 00:22:03,4,1,1.0047000000000001,1320.0,263.0,Low
310113,SOUTHERN OCEAN MEDICAL CENTER,1140 RT 72 W,MANAHAWKIN,OCEAN,NJ,08050,(609) 597-6011,Acute Care Hospitals,Voluntary non-profit - Private,1,4.0,,Y,2026-07-31 00:22:03,4,2,1.0077,1406.0,269.0,Medium
310115,AHS HOSPITAL CORP,651 WILLOW GROVE ST,HACKETTSTOWN,WARREN,NJ,07840,(908) 852-5100,Acute Care Hospitals,Voluntary non-profit - Private,1,4.0,,,2026-07-31 00:22:03,3,1,1.0069000000000001,735.0,136.0,Low
310118,HUDSON REGIONAL HOSPITAL,55 MEADOWLANDS PKWY,SECAUCUS,HUDSON,NJ,07094,(201) 392-3200,Acute Care Hospitals,Proprietary,1,2.0,,,2026-07-31 00:22:03,4,3,1.00115,134.0,31.0,Medium
310119,THE UNIVERSITY HOSPITAL,150 BERGEN ST,NEWARK,ESSEX,NJ,07103,(973) 972-4300,Acute Care Hospitals,Government - State,1,1.0,,Y,2026-07-31 00:22:03,3,2,1.0215333333333334,113.0,26.0,Medium
310130,HACKENSACK MERIDIAN HEALTH PASCACK VALLEY MEDICAL,250 OLD HOOK ROAD,WESTWOOD,BERGEN,NJ,07675,(201) 880-2700,Acute Care Hospitals,Proprietary,1,5.0,,Y,2026-07-31 00:22:03,4,0,0.936025,477.0,72.0,Low
320001,UNM HOSPITAL,2211 LOMAS BOULEVARD NE,ALBUQUERQUE,BERNALILLO,NM,87106,(505) 272-2111,Acute Care Hospitals,Government - State,1,2.0,,Y,2026-07-31 00:22:03,4,1,0.983825,411.0,70.0,Low
320002,CHRISTUS ST VINCENT REGIONAL MEDICAL CENTER,455 ST MICHAEL'S DRIVE,SANTA FE,SANTA FE,NM,87505,(505) 983-3361,Acute Care Hospitals,Voluntary non-profit - Private,1,4.0,,Y,2026-07-31 00:22:03,4,0,0.884325,1096.0,113.0,Low
320004,CHRISTUS SOUTHERN NEW MEXICO,2669 SCENIC DRIVE,ALAMOGORDO,OTERO,NM,88310,(575) 439-6100,Acute Care Hospitals,Voluntary non-profit - Private,1,3.0,,Y,2026-07-31 00:22:03,5,1,0.96752,660.0,58.0,Low
320005,SAN JUAN REGIONAL MEDICAL CENTER INC,801 WEST MAPLE STREET,FARMINGTON,SAN JUAN,NM,87401,(505) 609-2000,Acute Care Hospitals,Voluntary non-profit - Private,1,2.0,,Y,2026-07-31 00:22:03,4,1,0.96705,972.0,137.0,Low
320006,EASTERN NEW MEXICO MEDICAL CENTER,405 W COUNTRY CLUB ROAD,ROSWELL,CHAVES,NM,88201,(575) 624-8722,Acute Care Hospitals,Proprietary,1,1.0,,Y,2026-07-31 00:22:03,4,3,1.028,567.0,96.0,Medium
320009,LOVELACE MEDICAL CENTER,601 DR MARTIN LUTHER KING JR AVE NE,ALBUQUERQUE,BERNALILLO,NM,87102,(505) 727-8000,Acute Care Hospitals,Proprietary,1,2.0,,,2026-07-31 00:22:03,6,2,0.9669333333333334,1249.0,171.0,Medium
320011,PRESBYTERIAN ESPANOLA HOSPITAL,1010 SPRUCE STREET,ESPANOLA,RIO ARRIBA,NM,87532,(505) 753-1502,Acute Care Hospitals,Voluntary non-profit - Private,1,,16,Y,2026-07-31 00:22:03,1,0,0.9387,0.0,0.0,Low
320017,LOVELACE WOMEN'S HOSPITAL,4701 MONTGOMERY BOULEVARD NE,ALBUQUERQUE,BERNALILLO,NM,87109,(505) 727-7805,Acute Care Hospitals,Proprietary,1,4.0,,Y,2026-07-31 00:22:03,2,1,0.98255,0.0,0.0,Low
320018,MEMORIAL MEDICAL CENTER,2450 SOUTH TELSHOR BLVD,LAS CRUCES,DONA ANA,NM,88011,(575) 522-8641,Acute Care Hospitals,Proprietary,1,2.0,,Y,2026-07-31 00:22:03,5,4,1.0250400000000002,518.0,86.0,High
320021,PRESBYTERIAN HOSPITAL,1100 CENTRAL AVENUE SE,ALBUQUERQUE,BERNALILLO,NM,87106,(505) 724-8386,Acute Care Hospitals,Voluntary non-profit - Private,1,2.0,,Y,2026-07-31 00:22:03,6,1,0.9308833333333334,2165.0,286.0,Low
320022,PLAINS REGIONAL MEDICAL CENTER,"2100 N MARTIN LUTHER KING, JR, BLVD",CLOVIS,CURRY,NM,88101,(575) 769-6332,Acute Care Hospitals,Voluntary non-profit - Private,1,2.0,,Y,2026-07-31 00:22:03,4,1,0.9847,178.0,24.0,Low
320030,ARTESIA GENERAL HOSPITAL,702 N 13TH STREET,ARTESIA,EDDY,NM,88210,(575) 748-3333,Acute Care Hospitals,Voluntary non-profit - Private,1,,16,,2026-07-31 00:22:03,3,1,1.0339666666666667,0.0,0.0,Low
320033,LOS ALAMOS MEDICAL CENTER,3917 WEST ROAD,LOS ALAMOS,LOS ALAMOS,NM,87544,(505) 662-4201,Acute Care Hospitals,Proprietary,1,,16,Y,2026-07-31 00:22:03,2,1,1.0049000000000001,84.0,11.0,Low
320059,NORTHERN NAVAJO MEDICAL CENTER,US HWY 491 NORTH,SHIPROCK,SAN JUAN,NM,87420,(505) 368-6001,Acute Care Hospitals,Government - Federal,1,3.0,,,2026-07-31 00:22:03,2,1,1.0198,0.0,0.0,Low
320061,GALLUP INDIAN MEDICAL CENTER,516 E NIZHONI BLVD,GALLUP,MCKINLEY,NM,87301,(505) 722-1000,Acute Care Hospitals,Government - Federal,1,2.0,,Y,2026-07-31 00:22:03,2,1,0.9953000000000001,0.0,0.0,Low
320063,CARLSBAD MEDICAL CENTER,2430 WEST PIERCE STREET,CARLSBAD,EDDY,NM,88220,(575) 887-4570,Acute Care Hospitals,Voluntary non-profit - Other,1,1.0,,Y,2026-07-31 00:22:03,4,2,1.003675,288.0,45.0,Medium
320065,COVENANT HEALTH HOBBS HOSPITAL,5419 N LOVINGTON HIGHWAY,HOBBS,LEA,NM,88240,(575) 492-5000,Acute Care Hospitals,Voluntary non-profit - Private,1,3.0,,,2026-07-31 00:22:03,2,0,0.9786,0.0,0.0,Low
320074,LOVELACE WESTSIDE HOSPITAL,10501 GOLF COURSE ROAD NW,ALBUQUERQUE,BERNALILLO,NM,87114,(505) 727-2001,Acute Care Hospitals,Proprietary,1,4.0,,,2026-07-31 00:22:03,2,0,0.9479500000000001,0.0,0.0,Low
320084,ROOSEVELT GENERAL HOSPITAL,42121 US HIGHWAY 70,PORTALES,ROOSEVELT,NM,88130,(575) 356-3412,Acute Care Hospitals,Government - Hospital District or Authority,1,,16,,2026-07-31 00:22:03,1,0,0.9894,0.0,0.0,Low
320085,MOUNTAIN VIEW REGIONAL MEDICAL CENTER,4311 EAST LOHMAN AVENUE,LAS CRUCES,DONA ANA,NM,88011,(575) 556-7610,Acute Care Hospitals,Proprietary,1,2.0,,Y,2026-07-31 00:22:03,5,5,1.04778,689.0,124.0,High
320086,LOVELACE REGIONAL HOSPITAL - ROSWELL,117 EAST 19TH STREET,ROSWELL,CHAVES,NM,88201,(575) 625-3345,Acute Care Hospitals,Proprietary,1,2.0,,Y,2026-07-31 00:22:03,2,0,0.99245,0.0,0.0,Low
320090,PRESBYTERIAN SANTA FE MEDICAL CENTER,4801 BECKNER ROAD,SANTA FE,SANTA FE,NM,87507,(505) 772-6216,Acute Care Hospitals,Voluntary non-profit - Private,1,5.0,,Y,2026-07-31 00:22:03,2,0,0.9821,0.0,0.0,Low
320091,THREE CROSSES REGIONAL HOSPITAL LLC,2560 SAMARITAN DRIVE,LAS CRUCES,DONA ANA,NM,88001,(800) 421-8274,Acute Care Hospitals,Proprietary,1,3.0,,,2026-07-31 00:22:03,4,3,0.985775,181.0,40.0,Medium
330005,KALEIDA HEALTH,100 HIGH STREET,BUFFALO,ERIE,NY,14210,(716) 859-8620,Acute Care Hospitals,Voluntary non-profit - Private,1,3.0,,Y,2026-07-31 00:22:03,6,3,1.0028,2074.0,362.0,Medium
330006,ST JOSEPH'S MEDICAL CENTER,127 SOUTH BROADWAY,YONKERS,WESTCHESTER,NY,10701,(914) 378-7000,Acute Care Hospitals,Voluntary non-profit - Private,1,1.0,,,2026-07-31 00:22:03,2,2,1.0296500000000002,93.0,17.0,Medium
330009,BRONXCARE HOSPITAL CENTER,1276 FULTON AVENUE,BRONX,BRONX,NY,10456,(212) 588-7000,Acute Care Hospitals,Voluntary non-profit - Private,1,1.0,,Y,2026-07-31 00:22:03,3,3,1.0893,281.0,79.0,Medium
330011,"OUR LADY OF LOURDES MEMORIAL HOSPITAL, INC",169 RIVERSIDE DRIVE,BINGHAMTON,BROOME,NY,13905,(607) 798-5111,Acute Care Hospitals,Voluntary non-profit - Private,1,3.0,,Y,2026-07-31 00:22:03,5,3,1.02628,570.0,103.0,Medium
330013,ALBANY MEDICAL CENTER HOSPITAL,"43 NEW SCOTLAND AVENUE, MAIL CODE 34",ALBANY,ALBANY,NY,12208,(518) 262-2400,Acute Care Hospitals,Voluntary non-profit - Private,1,1.0,,Y,2026-07-31 00:22:03,6,1,0.9571333333333333,1271.0,189.0,Low
330014,JAMAICA HOSPITAL MEDICAL CENTER,89TH AVENUE AND VAN WYCK EXPRESSWAY,JAMAICA,QUEENS,NY,11418,(718) 262-6000,Acute Care Hospitals,Voluntary non-profit - Private,1,1.0,,Y,2026-07-31 00:22:03,4,4,1.05795,487.0,116.0,High
330019,"NEW YORK COMMUNITY HOSPITAL OF BROOKLYN, INC.",2525 KINGS HIGHWAY,BROOKLYN,KINGS,NY,11229,(718) 692-5302,Acute Care Hospitals,Voluntary non-profit - Private,1,1.0,,,2026-07-31 00:22:03,3,3,1.1778,992.0,259.0,Medium
330023,VASSAR BROTHERS MEDICAL CENTER,45 READE PLACE,POUGHKEEPSIE,DUTCHESS,NY,12601,(845) 454-8500,Acute Care Hospitals,Voluntary non-profit - Private,1,3.0,,Y,2026-07-31 00:22:03,5,4,1.04948,2939.0,544.0,High
330024,MOUNT SINAI HOSPITAL,ONE GUSTAVE L LEVY PLACE,NEW YORK,NEW YORK,NY,10029,(212) 241-7981,Acute Care Hospitals,Voluntary non-profit - Private,1,4.0,,Y,2026-07-31 00:22:03,6,2,0.9057333333333334,1978.0,356.0,Medium
330027,NASSAU UNIVERSITY MEDICAL CENTER,2201 HEMPSTEAD TURNPIKE,EAST MEADOW,NASSAU,NY,11554,(516) 572-0123,Acute Care Hospitals,Government - State,1,1.0,,Y,2026-07-31 00:22:03,3,3,1.0907333333333333,321.0,82.0,Medium
330028,RICHMOND UNIVERSITY MEDICAL CENTER,355 BARD AVENUE,STATEN ISLAND,RICHMOND,NY,10310,(718) 354-5047,Acute Care Hospitals,Voluntary non-profit - Private,1,1.0,,Y,2026-07-31 00:22:03,5,5,1.07492,510.0,119.0,High
330030,NEWARK-WAYNE COMMUNITY HOSPITAL,1200 DRIVING PARK AVENUE,NEWARK,WAYNE,NY,14513,(315) 332-2022,Acute Care Hospitals,Voluntary non-profit - Private,1,2.0,,Y,2026-07-31 00:22:03,3,3,1.0920666666666667,297.0,75.0,Medium
330033,CHENANGO MEMORIAL HOSPITAL,179 NORTH BROAD STREET,NORWICH,CHENANGO,NY,13815,(607) 337-4111,Acute Care Hospitals,Voluntary non-profit - Private,1,2.0,,Y,2026-07-31 00:22:03,2,1,0.9794499999999999,92.0,14.0,Low
330043,NS/LIJ HS SOUTHSIDE HOSPITAL,301 EAST MAIN STREET,BAY SHORE,SUFFOLK,NY,11706,(631) 968-3000,Acute Care Hospitals,Voluntary non-profit - Private,1,3.0,,Y,2026-07-31 00:22:03,6,4,0.9896166666666666,2308.0,341.0,High
330044,WYNN HOSPITAL,1656 CHAMPLIN AVENUE,UTICA,ONEIDA,NY,13503,(315) 624-6002,Acute Care Hospitals,Voluntary non-profit - Private,1,1.0,,Y,2026-07-31 00:22:03,4,3,1.013675,897.0,167.0,Medium
330045,NS/LIJ HS HUNTINGTON HOSPITAL,270 PARK AVENUE,HUNTINGTON,SUFFOLK,NY,11743,(631) 351-2000,Acute Care Hospitals,Voluntary non-profit - Private,1,5.0,,Y,2026-07-31 00:22:03,5,3,0.9734,3276.0,513.0,Medium
330046,MOUNT SINAI WEST,1000 TENTH AVENUE,NEW YORK,NEW YORK,NY,10019,(212) 523-4000,Acute Care Hospitals,Voluntary non-profit - Church,1,4.0,,Y,2026-07-31 00:22:03,6,3,1.0312333333333334,1621.0,256.0,Medium
330047,ST MARY'S HEALTHCARE,427 GUY PARK AVENUE,AMSTERDAM,MONTGOMERY,NY,12010,(518) 842-1900,Acute Care Hospitals,Voluntary non-profit - Private,1,3.0,,Y,2026-07-31 00:22:03,3,2,1.0064333333333335,433.0,79.0,Medium
330049,NORTHERN DUTCHESS HOSPITAL,6511 SPRINGBROOK AVENUE,RHINEBECK,DUTCHESS,NY,12572,(845) 871-3391,Acute Care Hospitals,Voluntary non-profit - Private,1,4.0,,Y,2026-07-31 00:22:03,4,1,0.981525,711.0,102.0,Low
330055,NEW YORK-PRESBYTERIAN/QUEENS,56-45 MAIN STREET,FLUSHING,QUEENS,NY,11355,(718) 670-2000,Acute Care Hospitals,Voluntary non-profit - Private,1,5.0,,Y,2026-07-31 00:22:03,5,1,0.93864,2087.0,315.0,Low
330056,BROOKLYN HOSPITAL CENTER - DOWNTOWN CAMPUS,121 DEKALB AVENUE,BROOKLYN,KINGS,NY,11201,(718) 250-8000,Acute Care Hospitals,Voluntary non-profit - Other,1,2.0,,Y,2026-07-31 00:22:03,5,5,1.04556,369.0,84.0,High
330057,ST PETER'S HOSPITAL,315 SOUTH MANNING BOULEVARD,ALBANY,ALBANY,NY,12208,(518) 525-1550,Acute Care Hospitals,Voluntary non-profit - Private,1,2.0,,Y,2026-07-31 00:22:03,6,4,1.06645,2414.0,443.0,High
330058,GENEVA GENERAL HOSPITAL,196 -198 NORTH STREET,GENEVA,ONTARIO,NY,14456,(315) 787-4175,Acute Care Hospitals,Voluntary non-profit - Other,1,2.0,,,2026-07-31 00:22:03,4,3,1.0088,329.0,68.0,Medium
330059,MONTEFIORE MEDICAL CENTER,111 EAST 210TH STREET,BRONX,BRONX,NY,10467,(718) 920-4321,Acute Care Hospitals,Voluntary non-profit - Private,1,3.0,,Y,2026-07-31 00:22:03,6,3,1.0363499999999999,2806.0,489.0,Medium
330065,NIAGARA FALLS MEMORIAL MEDICAL CENTER,621 TENTH STREET,NIAGARA FALLS,NIAGARA,NY,14302,(716) 278-4000,Acute Care Hospitals,Voluntary non-profit - Private,1,1.0,,Y,2026-07-31 00:22:03,4,2,1.0071,54.0,12.0,Medium
330073,UNITED MEMORIAL MEDICAL CENTER,127 NORTH STREET,BATAVIA,GENESEE,NY,14020,(585) 343-6030,Acute Care Hospitals,Voluntary non-profit - Private,1,2.0,,Y,2026-07-31 00:22:03,3,3,1.0491333333333335,293.0,66.0,Medium
330074,F F THOMPSON HOSPITAL,350 PARRISH STREET,CANANDAIGUA,ONTARIO,NY,14424,(585) 396-6000,Acute Care Hospitals,Voluntary non-profit - Private,1,2.0,,Y,2026-07-31 00:22:03,3,3,1.0714333333333335,295.0,66.0,Medium
330078,SISTERS OF CHARITY HOSPITAL,2157 MAIN STREET,BUFFALO,ERIE,NY,14214,(716) 862-1000,Acute Care Hospitals,Voluntary non-profit - Private,1,3.0,,Y,2026-07-31 00:22:03,3,2,1.0353,236.0,53.0,Medium
330079,ADIRONDACK MEDICAL CENTER - SARANAC LAKE,"2233 STATE ROUTE 86, PO BOX 471",SARANAC LAKE,FRANKLIN,NY,12983,(518) 891-4141,Acute Care Hospitals,Voluntary non-profit - Other,1,4.0,,Y,2026-07-31 00:22:03,4,2,0.8922749999999999,75.0,13.0,Medium
330080,LINCOLN MEDICAL & MENTAL HEALTH CENTER,234 EAST 149TH STREET,BRONX,BRONX,NY,10451,(718) 579-5000,Acute Care Hospitals,Government - Local,1,2.0,,Y,2026-07-31 00:22:03,2,0,0.9806,65.0,14.0,Low
330085,AURELIA OSBORN FOX MEMORIAL HOSPITAL,ONE NORTON AVENUE,ONEONTA,OTSEGO,NY,13820,(607) 432-2000,Acute Care Hospitals,Voluntary non-profit - Private,1,3.0,,,2026-07-31 00:22:03,3,2,1.0158666666666667,254.0,47.0,Medium
330086,MONTEFIORE MOUNT VERNON HOSPITAL,12 NORTH 7TH AVENUE,MOUNT VERNON,WESTCHESTER,NY,10550,(914) 664-8000,Acute Care Hospitals,Voluntary non-profit - Private,1,3.0,,,2026-07-31 00:22:03,1,0,0.969,0.0,0.0,Low
330090,ARNOT OGDEN MEDICAL CENTER,600 ROE AVENUE,ELMIRA,CHEMUNG,NY,14905,(607) 737-4100,Acute Care Hospitals,Voluntary non-profit - Private,1,2.0,,Y,2026-07-31 00:22:03,5,1,0.9922599999999999,727.0,120.0,Low
330094,COLUMBIA MEMORIAL HOSPITAL,71 PROSPECT AVENUE,HUDSON,COLUMBIA,NY,12534,(518) 828-7601,Acute Care Hospitals,Voluntary non-profit - Private,1,1.0,,,2026-07-31 00:22:03,4,2,1.0064,404.0,73.0,Medium
330096,JONES MEMORIAL HOSPITAL,191 NORTH MAIN STREET,WELLSVILLE,ALLEGANY,NY,14895,(585) 593-1100,Acute Care Hospitals,Voluntary non-profit - Private,1,4.0,,Y,2026-07-31 00:22:03,3,0,0.9537666666666667,83.0,16.0,Low
330101,NEW YORK-PRESBYTERIAN HOSPITAL,525 EAST 68TH STREET,NEW YORK,NEW YORK,NY,10065,(212) 746-5454,Acute Care Hospitals,Voluntary non-profit - Private,1,5.0,,Y,2026-07-31 00:22:03,6,0,0.90505,7865.0,1192.0,Low
330102,KENMORE MERCY HOSPITAL,2950 ELMWOOD AVENUE,KENMORE,ERIE,NY,14217,(716) 447-6100,Acute Care Hospitals,Voluntary non-profit - Private,1,3.0,,,2026-07-31 00:22:03,4,2,1.028875,339.0,67.0,Medium
330103,OLEAN GENERAL HOSPITAL,515 MAIN STREET,OLEAN,CATTARAUGUS,NY,14760,(716) 373-2600,Acute Care Hospitals,Proprietary,1,1.0,,Y,2026-07-31 00:22:03,5,3,1.01714,811.0,138.0,Medium
330104,NYACK HOSPITAL,160 NORTH MIDLAND AVENUE,NYACK,ROCKLAND,NY,10960,(845) 348-2000,Acute Care Hospitals,Voluntary non-profit - Private,1,2.0,,Y,2026-07-31 00:22:03,5,4,1.0805399999999998,1456.0,261.0,High
330106,NORTH SHORE UNIVERSITY HOSPITAL,300 COMMUNITY DRIVE,MANHASSET,NASSAU,NY,11030,(516) 562-0100,Acute Care Hospitals,Voluntary non-profit - Private,1,5.0,,Y,2026-07-31 00:22:03,6,3,0.98585,4856.0,729.0,Medium
330107,PECONIC BAY MEDICAL CENTER,1 HEROS WAY,RIVERHEAD,SUFFOLK,NY,11901,(631) 548-6000,Acute Care Hospitals,Voluntary non-profit - Other,1,2.0,,Y,2026-07-31 00:22:03,5,2,0.9929600000000001,2536.0,285.0,Medium
330111,BERTRAND CHAFFEE HOSPITAL,224 EAST MAIN STREET,SPRINGVILLE,ERIE,NY,14141,(716) 592-2871,Acute Care Hospitals,Voluntary non-profit - Private,1,,16,,2026-07-31 00:22:03,1,0,0.9947,0.0,0.0,Low
330115,ONEIDA HEALTH HOSPITAL,321 GENESEE STREET,ONEIDA,MADISON,NY,13421,(315) 363-6000,Acute Care Hospitals,Voluntary non-profit - Private,1,2.0,,Y,2026-07-31 00:22:03,3,3,1.0550666666666666,204.0,42.0,Medium
330119,LENOX HILL HOSPITAL,100 EAST 77TH STREET,NEW YORK,NEW YORK,NY,10075,(212) 434-2000,Acute Care Hospitals,Voluntary non-profit - Private,1,5.0,,Y,2026-07-31 00:22:03,6,1,0.93615,1337.0,198.0,Low
330125,ROCHESTER GENERAL HOSPITAL,1425 PORTLAND AVENUE,ROCHESTER,MONROE,NY,14621,(585) 922-4000,Acute Care Hospitals,Voluntary non-profit - Private,1,2.0,,Y,2026-07-31 00:22:03,6,5,1.0618666666666667,993.0,205.0,High
330126,GARNET HEALTH MEDICAL CENTER,707 EAST MAIN STREET,MIDDLETOWN,ORANGE,NY,10940,(845) 343-2424,Acute Care Hospitals,Voluntary non-profit - Private,1,4.0,,Y,2026-07-31 00:22:03,6,3,1.0268166666666667,2681.0,532.0,Medium
330127,JACOBI MEDICAL CENTER,1400 PELHAM PARKWAY SOUTH,BRONX,BRONX,NY,10461,(718) 918-5000,Acute Care Hospitals,Government - Local,1,2.0,,Y,2026-07-31 00:22:03,3,2,1.0097333333333334,374.0,80.0,Medium
330128,ELMHURST HOSPITAL CENTER,79-01 BROADWAY,ELMHURST,QUEENS,NY,11373,(718) 334-1141,Acute Care Hospitals,Government - Local,1,2.0,,Y,2026-07-31 00:22:03,4,1,0.97995,298.0,48.0,Low
330135,BON SECOURS COMMUNITY HOSPITAL,160 EAST MAIN STREET,PORT JERVIS,ORANGE,NY,12771,(845) 856-5351,Acute Care Hospitals,Voluntary non-profit - Private,1,2.0,,,2026-07-31 00:22:03,3,2,1.0320333333333334,408.0,78.0,Medium
330136,BASSETT HEALTHCARE,ONE ATWELL ROAD,COOPERSTOWN,OTSEGO,NY,13326,(607) 547-3456,Acute Care Hospitals,Voluntary non-profit - Private,1,2.0,,Y,2026-07-31 00:22:03,6,0,0.9497666666666666,853.0,133.0,Low
330140,ST JOSEPH'S HOSPITAL HEALTH CENTER,301 PROSPECT AVENUE,SYRACUSE,ONONDAGA,NY,13203,(315) 448-5111,Acute Care Hospitals,Voluntary non-profit - Church,1,2.0,,Y,2026-07-31 00:22:03,6,5,1.07935,2506.0,445.0,High
330141,LONG ISLAND COMMUNITY HOSPITAL,101 HOSPITAL ROAD,PATCHOGUE,SUFFOLK,NY,11772,(631) 654-7100,Acute Care Hospitals,Voluntary non-profit - Private,1,4.0,,,2026-07-31 00:22:03,5,2,0.9513400000000001,1425.0,290.0,Medium
330151,ST JAMES HOSPITAL,411 CANISTEO STREET,HORNELL,STEUBEN,NY,14843,(607) 324-8000,Acute Care Hospitals,Voluntary non-profit - Private,1,3.0,,,2026-07-31 00:22:03,3,3,1.0312000000000001,120.0,19.0,Medium
330153,ELLIS HOSPITAL,1101 NOTT STREET,SCHENECTADY,SCHENECTADY,NY,12308,(518) 243-4196,Acute Care Hospitals,Voluntary non-profit - Private,1,3.0,,Y,2026-07-31 00:22:03,5,2,0.9976,1107.0,188.0,Medium
330157,SAMARITAN MEDICAL CENTER,830 WASHINGTON STREET,WATERTOWN,JEFFERSON,NY,13601,(315) 785-4000,Acute Care Hospitals,Voluntary non-profit - Private,1,2.0,,Y,2026-07-31 00:22:03,3,2,1.0179333333333334,527.0,102.0,Medium
330158,GOOD SAMARITAN HOSPITAL OF SUFFERN,255 LAFAYETTE AVENUE,SUFFERN,ROCKLAND,NY,10901,(914) 368-5000,Acute Care Hospitals,Voluntary non-profit - Private,1,3.0,,Y,2026-07-31 00:22:03,6,4,1.0313666666666668,1795.0,364.0,High
330160,STATEN ISLAND UNIVERSITY HOSPITAL,475 SEAVIEW AVENUE,STATEN ISLAND,RICHMOND,NY,10305,(418) 226-9761,Acute Care Hospitals,Voluntary non-profit - Private,1,3.0,,Y,2026-07-31 00:22:03,6,4,1.0219,2545.0,457.0,High
330162,NORTHERN WESTCHESTER HOSPITAL,400 EAST MAIN STREET,MOUNT KISCO,WESTCHESTER,NY,10549,(914) 666-1200,Acute Care Hospitals,Voluntary non-profit - Private,1,5.0,,Y,2026-07-31 00:22:03,5,4,1.02206,891.0,140.0,High
330164,HIGHLAND HOSPITAL,1000 SOUTH AVENUE,ROCHESTER,MONROE,NY,14617,(585) 341-6711,Acute Care Hospitals,Voluntary non-profit - Private,1,3.0,,Y,2026-07-31 00:22:03,4,4,1.0322,643.0,120.0,High
330166,"WESTFIELD MEMORIAL HOSPITAL, INC",189 EAST MAIN STREET,WESTFIELD,CHAUTAUQUA,NY,14787,(716) 326-4921,Acute Care Hospitals,Voluntary non-profit - Private,1,,16,,2026-07-31 00:22:03,1,0,0.9932,0.0,0.0,Low
330169,MOUNT SINAI BETH ISRAEL,281 1ST AVE,NEW YORK,NEW YORK,NY,10003,(212) 420-2000,Acute Care Hospitals,Voluntary non-profit - Private,1,3.0,,,2026-07-31 00:22:03,4,2,1.0604,1376.0,287.0,Medium
330175,GUTHRIE CORTLAND REGIONAL MEDICAL CENTER,134 HOMER AVENUE,CORTLAND,CORTLAND,NY,13045,(607) 756-3501,Acute Care Hospitals,Voluntary non-profit - Private,1,3.0,,Y,2026-07-31 00:22:03,3,2,1.0260333333333334,441.0,78.0,Medium
330180,"SAMARITAN HOSPITAL OF TROY, NEW YORK",2215 BURDETT AVENUE,TROY,RENSSELAER,NY,12180,(518) 427-3402,Acute Care Hospitals,Voluntary non-profit - Private,1,3.0,,Y,2026-07-31 00:22:03,4,0,0.92625,874.0,137.0,Low
330181,NORTHWELL HOSPITAL GLEN COVE,101 ST ANDREWS LANE,GLEN COVE,NASSAU,NY,11542,(516) 674-7300,Acute Care Hospitals,Voluntary non-profit - Private,1,5.0,,,2026-07-31 00:22:03,4,1,0.939725,395.0,42.0,Low
330182,ST FRANCIS HOSPITAL - THE HEART CENTER,100 PORT WASHINGTON BOULEVARD,ROSLYN,NASSAU,NY,11576,(516) 562-6000,Acute Care Hospitals,Voluntary non-profit - Church,1,5.0,,,2026-07-31 00:22:03,6,2,0.9459333333333334,5547.0,816.0,Medium
330184,MONTEFIORE NEW ROCHELLE HOSPITAL,16 GUION PLACE,NEW ROCHELLE,WESTCHESTER,NY,10802,(914) 632-5000,Acute Care Hospitals,Voluntary non-profit - Private,1,1.0,,Y,2026-07-31 00:22:03,4,3,1.031825,714.0,106.0,Medium
330185,JOHN T MATHER MEMORIAL HOSPITAL  OF PORT JEFFERSON,75 NORTH COUNTRY ROAD,PORT JEFFERSON,SUFFOLK,NY,11777,(631) 473-1320,Acute Care Hospitals,Voluntary non-profit - Private,1,5.0,,,2026-07-31 00:22:03,5,0,0.9515399999999999,1657.0,267.0,Low
330188,MOUNT ST. MARY'S HOSPITAL & HEALTH CENTER,5300 MILITARY ROAD,LEWISTON,NIAGARA,NY,14092,(716) 297-4800,Acute Care Hospitals,Voluntary non-profit - Private,1,2.0,,,2026-07-31 00:22:03,3,3,1.0542666666666667,294.0,60.0,Medium
330191,GLENS FALLS HOSPITAL,100 PARK STREET,GLENS FALLS,WARREN,NY,12801,(518) 926-1000,Acute Care Hospitals,Voluntary non-profit - Private,1,3.0,,Y,2026-07-31 00:22:03,4,1,0.973425,951.0,146.0,Low
330193,FLUSHING HOSPITAL MEDICAL CENTER,45TH AVENUE AND PARSONS BOULEVARD,FLUSHING,QUEENS,NY,11355,(718) 670-5000,Acute Care Hospitals,Voluntary non-profit - Private,1,2.0,,Y,2026-07-31 00:22:03,3,1,0.9946999999999999,453.0,98.0,Low
330194,MAIMONIDES MEDICAL CENTER,4802 TENTH AVENUE,BROOKLYN,KINGS,NY,11219,(718) 283-6000,Acute Care Hospitals,Voluntary non-profit - Private,1,2.0,,Y,2026-07-31 00:22:03,6,5,1.0896,2776.0,638.0,High
330195,LONG ISLAND JEWISH MEDICAL CENTER,270 - 05 76TH AVENUE,NEW HYDE PARK,NASSAU,NY,11040,(718) 470-7000,Acute Care Hospitals,Voluntary non-profit - Private,1,4.0,,Y,2026-07-31 00:22:03,5,4,1.02386,3189.0,560.0,High
330196,SOUTH BROOKLYN HEALTH,2601 OCEAN PARKWAY,BROOKLYN,KINGS,NY,11235,(718) 616-4834,Acute Care Hospitals,Voluntary non-profit - Other,1,2.0,,Y,2026-07-31 00:22:03,4,4,1.10785,1285.0,316.0,High
330197,CANTON-POTSDAM HOSPITAL,50 LEROY STREET,POTSDAM,ST. LAWRENCE,NY,13676,(315) 265-3300,Acute Care Hospitals,Voluntary non-profit - Private,1,2.0,,Y,2026-07-31 00:22:03,4,2,1.023425,489.0,88.0,Medium
330198,MOUNT SINAI SOUTH NASSAU,ONE HEALTHY WAY,OCEANSIDE,NASSAU,NY,11572,(516) 632-3000,Acute Care Hospitals,Voluntary non-profit - Private,1,3.0,,Y,2026-07-31 00:22:03,5,3,1.0804,2377.0,457.0,Medium
330199,METROPOLITAN HOSPITAL CENTER,1901 FIRST AVENUE,NEW YORK,NEW YORK,NY,10029,(212) 423-6262,Acute Care Hospitals,Government - Local,1,3.0,,Y,2026-07-31 00:22:03,1,0,0.977,0.0,0.0,Low
330202,KINGS COUNTY HOSPITAL CENTER,451 CLARKSON AVENUE,BROOKLYN,KINGS,NY,11203,(718) 245-3901,Acute Care Hospitals,Government - Local,1,1.0,,Y,2026-07-31 00:22:03,3,1,0.9803999999999999,212.0,34.0,Low
330203,CROUSE HOSPITAL,736 IRVING AVENUE,SYRACUSE,ONONDAGA,NY,13210,(315) 470-7449,Acute Care Hospitals,Voluntary non-profit - Private,1,2.0,,Y,2026-07-31 00:22:03,5,5,1.05322,1239.0,220.0,High
330204,BELLEVUE HOSPITAL CENTER,462 FIRST AVENUE,NEW YORK,NEW YORK,NY,10016,(212) 561-4132,Acute Care Hospitals,Government - Local,1,2.0,,Y,2026-07-31 00:22:03,4,2,1.005875,112.0,30.0,Medium
330205,ST ANTHONY COMMUNITY HOSPITAL,15 MAPLE AVENUE -19,WARWICK,ORANGE,NY,10990,(845) 986-2276,Acute Care Hospitals,Voluntary non-profit - Church,0,4.0,,Y,2026-07-31 00:22:03,4,1,0.939925,280.0,31.0,Low
330208,ST JOHN'S RIVERSIDE HOSPITAL,976 NORTH BROADWAY,YONKERS,WESTCHESTER,NY,10701,(914) 964-4444,Acute Care Hospitals,Voluntary non-profit - Private,1,3.0,,Y,2026-07-31 00:22:03,4,2,1.00435,830.0,168.0,Medium
330214,NYU LANGONE HOSPITALS,550 FIRST AVENUE,NEW YORK,NEW YORK,NY,10016,(212) 263-7300,Acute Care Hospitals,Voluntary non-profit - Private,1,5.0,,Y,2026-07-31 00:22:03,6,0,0.8559833333333332,11138.0,1540.0,Low
330215,"ROME MEMORIAL HOSPITAL, INC",1500 NORTH JAMES STREET,ROME,ONEIDA,NY,13440,(315) 338-7000,Acute Care Hospitals,Voluntary non-profit - Private,1,2.0,,Y,2026-07-31 00:22:03,3,3,1.0207,301.0,55.0,Medium
330218,OSWEGO HOSPITAL,110 WEST SIXTH STREET,OSWEGO,OSWEGO,NY,13069,(315) 349-5511,Acute Care Hospitals,Voluntary non-profit - Private,1,3.0,,,2026-07-31 00:22:03,3,3,1.0283666666666667,409.0,82.0,Medium
330219,ERIE COUNTY MEDICAL CENTER,462 GRIDER STREET,BUFFALO,ERIE,NY,14215,(716) 898-3936,Acute Care Hospitals,Voluntary non-profit - Other,1,2.0,,,2026-07-31 00:22:03,4,2,0.975725,292.0,65.0,Medium
330221,WYCKOFF HEIGHTS MEDICAL CENTER,374 STOCKHOLM STREET,BROOKLYN,KINGS,NY,11237,(718) 963-7272,Acute Care Hospitals,Voluntary non-profit - Private,1,2.0,,Y,2026-07-31 00:22:03,4,1,0.991,243.0,45.0,Low
330222,SARATOGA HOSPITAL,211 CHURCH STREET,SARATOGA SPRINGS,SARATOGA,NY,12866,(518) 587-3222,Acute Care Hospitals,Voluntary non-profit - Private,1,3.0,,Y,2026-07-31 00:22:03,5,2,0.99312,864.0,148.0,Medium
330224,HEALTHALLIANCE HOSPITAL MARYS AVENUE CAMPUS,105 MARY'S AVENUE,KINGSTON,ULSTER,NY,12401,(845) 338-2500,Acute Care Hospitals,Voluntary non-profit - Private,1,1.0,,Y,2026-07-31 00:22:03,5,3,1.0405000000000002,863.0,149.0,Medium
330226,UNITY HOSPITAL,1555 LONG POND ROAD,ROCHESTER,MONROE,NY,14626,(585) 723-7000,Acute Care Hospitals,Voluntary non-profit - Private,1,2.0,,Y,2026-07-31 00:22:03,5,4,1.1007200000000001,835.0,180.0,High
330229,"BROOKS-TLC HOSPITAL SYSTEM, INC",529 CENTRAL AVENUE,DUNKIRK,CHAUTAUQUA,NY,14048,(716) 366-1111,Acute Care Hospitals,Voluntary non-profit - Private,1,1.0,,,2026-07-31 00:22:03,3,2,0.9960333333333332,0.0,0.0,Medium
330231,QUEENS HOSPITAL CENTER,82-68 164TH STREET,JAMAICA,QUEENS,NY,11432,(718) 883-3000,Acute Care Hospitals,Voluntary non-profit - Other,1,2.0,,Y,2026-07-31 00:22:03,3,2,1.0119333333333334,282.0,55.0,Medium
330233,BROOKDALE HOSPITAL MEDICAL CENTER,1 BROOKDALE PLAZA,BROOKLYN,KINGS,NY,11212,(718) 240-5966,Acute Care Hospitals,Voluntary non-profit - Private,1,1.0,,Y,2026-07-31 00:22:03,4,3,1.01225,440.0,89.0,Medium
330234,WESTCHESTER MEDICAL CENTER,100 WOODS RD,VALHALLA,WESTCHESTER,NY,10595,(914) 493-7000,Acute Care Hospitals,Voluntary non-profit - Other,1,2.0,,Y,2026-07-31 00:22:03,6,2,0.9627499999999999,1143.0,186.0,Medium
330235,AUBURN  COMMUNITY  HOSPITAL,17 LANSING STREET,AUBURN,CAYUGA,NY,13021,(315) 255-7011,Acute Care Hospitals,Voluntary non-profit - Private,1,2.0,,Y,2026-07-31 00:22:03,4,4,1.0783,736.0,158.0,High
330238,NICHOLAS H NOYES MEMORIAL HOSPITAL,111  CLARA BARTON STREET,DANSVILLE,LIVINGSTON,NY,14437,(585) 335-6001,Acute Care Hospitals,Voluntary non-profit - Private,1,3.0,,Y,2026-07-31 00:22:03,3,1,0.9885666666666667,123.0,18.0,Low
330239,UPMC CHAUTAUQUA AT WCA,207 FOOTE AVENUE,JAMESTOWN,CHAUTAUQUA,NY,14701,(716) 487-0141,Acute Care Hospitals,Voluntary non-profit - Private,1,2.0,,Y,2026-07-31 00:22:03,5,2,0.9949,423.0,75.0,Medium
330240,HARLEM HOSPITAL CENTER,506 LENOX AVENUE,NEW YORK,NEW YORK,NY,10037,(212) 939-1000,Acute Care Hospitals,Voluntary non-profit - Other,1,2.0,,Y,2026-07-31 00:22:03,3,3,1.0424333333333333,179.0,51.0,Medium
330241,UNIVERSITY HOSPITAL S U N Y HEALTH SCIENCE CENTER,750 EAST ADAMS STREET,SYRACUSE,ONONDAGA,NY,13210,(315) 473-4240,Acute Care Hospitals,Government - State,1,3.0,,Y,2026-07-31 00:22:03,6,3,0.9612833333333333,1131.0,198.0,Medium
330246,ST CHARLES HOSPITAL,200 BELLE TERRE ROAD,PORT JEFFERSON,SUFFOLK,NY,11777,(631) 474-6000,Acute Care Hospitals,Voluntary non-profit - Church,1,5.0,,Y,2026-07-31 00:22:03,4,0,0.900925,421.0,51.0,Low
330250,THE UNIVERSITY OF VERMONT HEALTH NETWORK  - CHAMPL,75 BEEKMAN STREET,PLATTSBURGH,CLINTON,NY,12901,(518) 562-7767,Acute Care Hospitals,Voluntary non-profit - Private,1,2.0,,Y,2026-07-31 00:22:03,5,4,1.0048,1275.0,212.0,High
330259,MERCY MEDICAL CENTER,1000 NORTH VILLAGE AVENUE,ROCKVILLE CENTRE,NASSAU,NY,11571,(516) 705-2525,Acute Care Hospitals,Voluntary non-profit - Church,1,5.0,,Y,2026-07-31 00:22:03,5,0,0.94664,647.0,107.0,Low
330261,PHELPS HOSPITAL,701 NORTH BROADWAY,SLEEPY HOLLOW,WESTCHESTER,NY,10591,(914) 366-3000,Acute Care Hospitals,Voluntary non-profit - Private,1,4.0,,Y,2026-07-31 00:22:03,4,0,0.9317249999999999,555.0,76.0,Low
330264,MONTEFIORE ST LUKE'S CORNWALL,70 DUBOIS STREET,NEWBURGH,ORANGE,NY,12550,(845) 458-4900,Acute Care Hospitals,Voluntary non-profit - Private,1,2.0,,Y,2026-07-31 00:22:03,5,5,1.03982,1063.0,203.0,High
330265,CLIFTON SPRINGS HOSPITAL AND CLINIC,2 COULTER ROAD,CLIFTON SPRINGS,ONTARIO,NY,14432,(315) 462-9561,Acute Care Hospitals,Voluntary non-profit - Private,1,2.0,,,2026-07-31 00:22:03,2,2,1.05225,27.0,11.0,Medium
330267,HUDSON VALLEY HOSPITAL CENTER,1980 CROMPOND ROAD,CORTLANDT MANOR,WESTCHESTER,NY,10567,(914) 734-3611,Acute Care Hospitals,Voluntary non-profit - Private,1,5.0,,Y,2026-07-31 00:22:03,5,0,0.9300599999999999,1073.0,175.0,Low
330270,HOSPITAL FOR SPECIAL SURGERY,535 EAST 70TH STREET,NEW YORK,NEW YORK,NY,10021,(212) 606-1000,Acute Care Hospitals,Voluntary non-profit - Private,0,5.0,,,2026-07-31 00:22:03,1,0,0.6738,3253.0,104.0,Low
330273,PUTNAM HOSPITAL CENTER,670 STONELEIGH AVENUE,CARMEL,PUTNAM,NY,10512,(914) 279-5711,Acute Care Hospitals,Voluntary non-profit - Private,1,3.0,,Y,2026-07-31 00:22:03,4,1,0.9678749999999999,529.0,83.0,Low
330276,NATHAN LITTAUER HOSPITAL,99 EAST STATE STREET,GLOVERSVILLE,FULTON,NY,12078,(518) 725-8621,Acute Care Hospitals,Voluntary non-profit - Private,1,2.0,,Y,2026-07-31 00:22:03,3,1,0.9894,154.0,24.0,Low
330277,CORNING HOSPITAL,1 GUTHRIE DRIVE,CORNING,STEUBEN,NY,14830,(607) 937-7200,Acute Care Hospitals,Voluntary non-profit - Private,1,3.0,,Y,2026-07-31 00:22:03,3,2,1.0287666666666668,397.0,73.0,Medium
330279,MERCY HOSPITAL OF BUFFALO,565 ABBOTT ROAD,BUFFALO,ERIE,NY,14220,(716) 826-7000,Acute Care Hospitals,Voluntary non-profit - Private,1,2.0,,Y,2026-07-31 00:22:03,5,4,1.04368,932.0,178.0,High
330285,STRONG MEMORIAL HOSPITAL,601 ELMWOOD AVE,ROCHESTER,MONROE,NY,14642,(585) 275-2121,Acute Care Hospitals,Voluntary non-profit - Private,1,3.0,,Y,2026-07-31 00:22:03,5,1,0.9583400000000001,982.0,161.0,Low
330286,GOOD SAMARITAN HOSPITAL MEDICAL CENTER,1000 MONTAUK HIGHWAY,WEST ISLIP,SUFFOLK,NY,11795,(631) 376-3000,Acute Care Hospitals,Voluntary non-profit - Private,1,3.0,,Y,2026-07-31 00:22:03,6,1,0.8888166666666667,2040.0,290.0,Low
330304,WHITE PLAINS HOSPITAL CENTER,DAVIS AVE AT E POST ROAD,WHITE PLAINS,WESTCHESTER,NY,10601,(914) 681-0600,Acute Care Hospitals,Voluntary non-profit - Private,1,5.0,,Y,2026-07-31 00:22:03,6,3,0.971,2835.0,437.0,Medium
330307,CAYUGA MEDICAL CENTER AT ITHACA,101 DATES DRIVE,ITHACA,TOMPKINS,NY,14850,(607) 274-4401,Acute Care Hospitals,Voluntary non-profit - Private,1,3.0,,Y,2026-07-31 00:22:03,5,0,0.9620799999999999,423.0,60.0,Low
330331,PLAINVIEW HOSPITAL,888 OLD COUNTRY ROAD,PLAINVIEW,NASSAU,NY,11803,(516) 719-3000,Acute Care Hospitals,Voluntary non-profit - Private,1,4.0,,,2026-07-31 00:22:03,5,3,0.9963599999999999,1270.0,209.0,Medium
330332,CHSLI ST JOSEPH HOSPITAL,4295 HEMPSTEAD TURNPIKE,BETHPAGE,NASSAU,NY,11714,(516) 759-6000,Acute Care Hospitals,Voluntary non-profit - Private,1,3.0,,,2026-07-31 00:22:03,5,2,0.9879,1089.0,176.0,Medium
330350,SUNY/DOWNSTATE UNIVERSITY HOSPITAL OF BROOKLYN,445 LENOX ROAD,BROOKLYN,KINGS,NY,11203,(718) 270-1000,Acute Care Hospitals,Government - State,1,1.0,,Y,2026-07-31 00:22:03,4,2,1.0285000000000002,157.0,42.0,Medium
330386,GARNET HEALTH  MEDICAL CENTER CATSKILLS,"68 HARRIS BUSHVILLE ROAD, P O BOX 800",HARRIS,SULLIVAN,NY,12742,(845) 794-3300,Acute Care Hospitals,Voluntary non-profit - Private,1,2.0,,Y,2026-07-31 00:22:03,3,2,1.0092333333333334,407.0,79.0,Medium
330393,SUNY/STONY BROOK UNIVERSITY HOSPITAL,HEALTH SCIENCES CENTER SUNY,STONY BROOK,SUFFOLK,NY,11794,(631) 444-4000,Acute Care Hospitals,Government - State,1,5.0,,Y,2026-07-31 00:22:03,6,1,0.9277666666666667,5346.0,837.0,Low
330394,"UNITED HEALTH SERVICES HOSPITALS, INC",10-42 MITCHELL AVENUE,BINGHAMTON,BROOME,NY,13903,(607) 763-6000,Acute Care Hospitals,Voluntary non-profit - Private,1,2.0,,Y,2026-07-31 00:22:03,6,3,0.9843166666666666,1181.0,186.0,Medium
330395,ST JOHN'S EPISCOPAL HOSPITAL AT SOUTH SHORE,327 BEACH 19TH STREET,FAR ROCKAWAY,QUEENS,NY,11691,(718) 869-7000,Acute Care Hospitals,Voluntary non-profit - Private,1,1.0,,Y,2026-07-31 00:22:03,3,3,1.1635,426.0,126.0,Medium
330396,WOODHULL MEDICAL & MENTAL HEALTH CENTER,760 BROADWAY,BROOKLYN,KINGS,NY,11206,(718) 963-8100,Acute Care Hospitals,Government - Local,1,2.0,,Y,2026-07-31 00:22:03,2,2,1.0247,57.0,16.0,Medium
330399,ST BARNABAS HOSPITAL,4422 THIRD AVENUE,BRONX,BRONX,NY,10457,(212) 960-9000,Acute Care Hospitals,Voluntary non-profit - Private,1,1.0,,Y,2026-07-31 00:22:03,2,1,1.02875,49.0,15.0,Low
330401,ST CATHERINE OF SIENA HOSPITAL,50 ROUTE 25A,SMITHTOWN,SUFFOLK,NY,11787,(631) 862-3000,Acute Care Hospitals,Voluntary non-profit - Church,1,5.0,,,2026-07-31 00:22:03,4,0,0.88975,1025.0,152.0,Low
340001,CAROLINAS MEDICAL CENTER-NORTHEAST,920 CHURCH ST N,CONCORD,CABARRUS,NC,28025,(704) 783-3000,Acute Care Hospitals,Government - Hospital District or Authority,1,4.0,,Y,2026-07-31 00:22:03,6,3,0.9770833333333333,2072.0,354.0,Medium
340002,MEMORIAL MISSION HOSPITAL AND ASHEVILLE SURGERY CE,509 BILTMORE AVE,ASHEVILLE,BUNCOMBE,NC,28801,(828) 213-1111,Acute Care Hospitals,Voluntary non-profit - Private,1,3.0,,Y,2026-07-31 00:22:03,6,0,0.9002,4070.0,512.0,Low
340003,NORTHERN REGIONAL HOSPITAL,830 ROCKFORD ST,MOUNT AIRY,SURRY,NC,27030,(336) 719-7000,Acute Care Hospitals,Government - Hospital District or Authority,1,4.0,,Y,2026-07-31 00:22:03,3,0,0.9715666666666666,433.0,61.0,Low
340004,HIGH POINT REGIONAL HEALTH SYSTEM,601 N ELM ST,HIGH POINT,GUILFORD,NC,27261,(336) 878-6000,Acute Care Hospitals,Voluntary non-profit - Private,1,2.0,,Y,2026-07-31 00:22:03,4,3,1.01795,772.0,155.0,Medium
340008,SCOTLAND MEMORIAL HOSPITAL,500 LAUCHWOOD DR,LAURINBURG,SCOTLAND,NC,28352,(910) 291-7000,Acute Care Hospitals,Voluntary non-profit - Private,1,3.0,,Y,2026-07-31 00:22:03,5,2,0.97452,348.0,68.0,Medium
340010,UNC HEALTH CARE WAYNE,2700 WAYNE MEMORIAL DR,GOLDSBORO,WAYNE,NC,27534,(919) 736-1110,Acute Care Hospitals,Voluntary non-profit - Private,1,3.0,,Y,2026-07-31 00:22:03,4,0,0.96515,991.0,159.0,Low
340013,RUTHERFORD REGIONAL MEDICAL CENTER,288 SOUTH RIDGECREST AVE,RUTHERFORDTON,RUTHERFORD,NC,28139,(828) 286-5000,Acute Care Hospitals,Proprietary,1,2.0,,Y,2026-07-31 00:22:03,4,1,0.9799,228.0,35.0,Low
340014,NOVANT HEALTH FORSYTH MEDICAL CENTER,3333 SILAS CREEK PARKWAY,WINSTON-SALEM,FORSYTH,NC,27103,(336) 718-5000,Acute Care Hospitals,Voluntary non-profit - Private,1,4.0,,Y,2026-07-31 00:22:03,6,1,0.9028499999999999,3647.0,451.0,Low
340015,NOVANT HEALTH ROWAN MEDICAL CENTER,612 MOCKSVILLE AVE,SALISBURY,ROWAN,NC,28144,(704) 210-5000,Acute Care Hospitals,Voluntary non-profit - Private,1,4.0,,Y,2026-07-31 00:22:03,5,0,0.96,554.0,80.0,Low
340016,HARRIS REGIONAL HOSPITAL,68 HOSPITAL RD,SYLVA,JACKSON,NC,28779,(828) 586-7000,Acute Care Hospitals,Proprietary,1,3.0,,Y,2026-07-31 00:22:03,4,0,0.96395,173.0,24.0,Low
340017,PARDEE HOSPITAL HENDERSON COUNTY,800 N JUSTICE ST,HENDERSONVILLE,HENDERSON,NC,28791,(828) 696-1000,Acute Care Hospitals,Government - Local,1,5.0,,Y,2026-07-31 00:22:03,5,1,0.9234199999999999,1111.0,104.0,Low
340020,CENTRAL CAROLINA HOSPITAL,1135 CARTHAGE ST,SANFORD,LEE,NC,27330,(919) 774-2100,Acute Care Hospitals,Voluntary non-profit - Private,1,2.0,,Y,2026-07-31 00:22:03,3,2,1.0194,364.0,71.0,Medium
340021,ATRIUM HEALTH CLEVELAND,201 E GROVER ST,SHELBY,CLEVELAND,NC,28150,(704) 487-3000,Acute Care Hospitals,Government - Hospital District or Authority,1,3.0,,Y,2026-07-31 00:22:03,4,2,1.005525,1006.0,160.0,Medium
340023,ADVENTHEALTH HENDERSONVILLE,100 HOSPITAL DRIVE,HENDERSONVILLE,HENDERSON,NC,28792,(828) 684-8501,Acute Care Hospitals,Voluntary non-profit - Private,1,5.0,,Y,2026-07-31 00:22:03,3,0,0.9545,373.0,45.0,Low
340024,SAMPSON REGIONAL MEDICAL CENTER,607 BEAMAN ST,CLINTON,SAMPSON,NC,28328,(910) 592-8511,Acute Care Hospitals,Government - Local,1,2.0,,Y,2026-07-31 00:22:03,3,3,1.0566000000000002,263.0,56.0,Medium
340027,UNC LENOIR HEALTH CARE,100 AIRPORT RD,KINSTON,LENOIR,NC,28501,(252) 522-7000,Acute Care Hospitals,Voluntary non-profit - Private,1,4.0,,Y,2026-07-31 00:22:03,4,1,0.9994,532.0,99.0,Low
340028,CAPE FEAR VALLEY MEDICAL CENTER,1638 OWEN DRIVE P O BOX 2000,FAYETTEVILLE,CUMBERLAND,NC,28302,(910) 609-4000,Acute Care Hospitals,Voluntary non-profit - Private,1,2.0,23,Y,2026-07-31 00:22:03,6,4,1.0169833333333334,1899.0,390.0,High
340030,DUKE UNIVERSITY HOSPITAL,2301  ERWIN RD,DURHAM,DURHAM,NC,27705,(919) 684-8111,Acute Care Hospitals,Proprietary,1,5.0,,Y,2026-07-31 00:22:03,6,1,0.9120166666666667,2458.0,327.0,Low
340032,CAROMONT REGIONAL MEDICAL CENTER,2525 COURT DR,GASTONIA,GASTON,NC,28052,(704) 834-4891,Acute Care Hospitals,Voluntary non-profit - Private,1,4.0,,Y,2026-07-31 00:22:03,6,5,1.0776000000000001,1790.0,345.0,High
340039,IREDELL MEMORIAL HOSPITAL INC,557 BROOKDALE DR,STATESVILLE,IREDELL,NC,28677,(704) 878-5661,Acute Care Hospitals,Voluntary non-profit - Private,1,3.0,,Y,2026-07-31 00:22:03,5,1,1.0062799999999998,836.0,134.0,Low
340040,ECU HEALTH MEDICAL CENTER,2100 STANTONSBURG RD,GREENVILLE,PITT,NC,27834,(252) 847-4100,Acute Care Hospitals,Voluntary non-profit - Private,1,2.0,,Y,2026-07-31 00:22:03,6,5,1.1064666666666667,3938.0,657.0,High
340041,CALDWELL MEMORIAL HOSPITAL,321 MULBERRY ST SW,LENOIR,CALDWELL,NC,28645,(828) 757-5100,Acute Care Hospitals,Voluntary non-profit - Other,1,3.0,,,2026-07-31 00:22:03,5,2,1.02796,241.0,37.0,Medium
340042,ONSLOW MEMORIAL HOSPITAL,317 WESTERN BOULEVARD,JACKSONVILLE,ONSLOW,NC,28546,(910) 577-2345,Acute Care Hospitals,Government - Hospital District or Authority,1,1.0,,Y,2026-07-31 00:22:03,3,2,1.0320333333333334,639.0,114.0,Medium
340047,NORTH CAROLINA BAPTIST HOSPITAL,MEDICAL CENTER BOULEVARD,WINSTON-SALEM,FORSYTH,NC,27157,(336) 716-2011,Acute Care Hospitals,Voluntary non-profit - Private,1,4.0,,Y,2026-07-31 00:22:03,6,3,0.9835833333333334,1538.0,249.0,Medium
340049,NORTH CAROLINA SPECIALTY HOSPITAL,3916 BEN FRANKLIN BOULEVARD,DURHAM,DURHAM,NC,27704,(919) 956-9300,Acute Care Hospitals,Proprietary,0,,16,,2026-07-31 00:22:03,1,1,1.0611,0.0,0.0,Low
340050,SOUTHEASTERN REGIONAL MEDICAL CENTER,300 W 27 ST  PO BOX 1408,LUMBERTON,ROBESON,NC,28359,(910) 671-5000,Acute Care Hospitals,Voluntary non-profit - Private,1,2.0,,Y,2026-07-31 00:22:03,4,3,1.02455,683.0,141.0,Medium
340051,WATAUGA MEDICAL CENTER,336 DEERFIELD ROAD,BOONE,WATAUGA,NC,28607,(828) 262-4100,Acute Care Hospitals,Government - Local,1,3.0,,Y,2026-07-31 00:22:03,5,3,1.02112,546.0,86.0,Medium
340053,NOVANT HEALTH PRESBYTERIAN MEDICAL CENTER,200 HAWTHORNE LANE BOX 33549,CHARLOTTE,MECKLENBURG,NC,28233,(704) 384-4000,Acute Care Hospitals,Voluntary non-profit - Private,1,5.0,,Y,2026-07-31 00:22:03,6,0,0.9008833333333334,1670.0,169.0,Low
340060,UNC ROCKINGHAM,117 E KINGS HIGHWAY,EDEN,ROCKINGHAM,NC,27288,(336) 623-9711,Acute Care Hospitals,Voluntary non-profit - Private,1,4.0,,Y,2026-07-31 00:22:03,3,3,1.0208333333333333,122.0,22.0,Medium
340061,UNC HOSPITALS,101 MANNING DRIVE,CHAPEL HILL,ORANGE,NC,27514,(919) 966-4141,Acute Care Hospitals,Government - State,1,5.0,,Y,2026-07-31 00:22:03,6,2,0.9607166666666666,1165.0,152.0,Medium
340064,WILKES REGIONAL MEDICAL CENTER,1370 WEST D ST,NORTH WILKESBORO,WILKES,NC,28659,(336) 651-8100,Acute Care Hospitals,Government - Local,1,3.0,,Y,2026-07-31 00:22:03,3,2,1.0118666666666667,272.0,50.0,Medium
340068,COLUMBUS REGIONAL HEALTHCARE SYSTEM,500 JEFFERSON ST,WHITEVILLE,COLUMBUS,NC,28472,(910) 642-8011,Acute Care Hospitals,Voluntary non-profit - Other,1,1.0,,Y,2026-07-31 00:22:03,4,3,1.0579,315.0,64.0,Medium
340069,"WAKEMED, RALEIGH CAMPUS",3000 NEW BERN AVE,RALEIGH,WAKE,NC,27610,(919) 350-8000,Acute Care Hospitals,Voluntary non-profit - Private,1,4.0,,Y,2026-07-31 00:22:03,6,1,0.9387500000000001,2384.0,361.0,Low
340070,ALAMANCE REGIONAL MEDICAL CENTER,1240 HUFFMAN MILL RD,BURLINGTON,ALAMANCE,NC,27216,(336) 538-7000,Acute Care Hospitals,Voluntary non-profit - Private,1,3.0,,Y,2026-07-31 00:22:03,5,2,1.0407,806.0,141.0,Medium
340071,BETSY JOHNSON REGIONAL HOSPITAL,800 TILGHMAN DR,DUNN,HARNETT,NC,28334,(910) 892-7161,Acute Care Hospitals,Voluntary non-profit - Private,1,3.0,,,2026-07-31 00:22:03,4,2,0.9883249999999999,444.0,75.0,Medium
340075,"BLUE RIDGE HEALTHCARE HOSPITALS, INC",2201 S STERLING ST,MORGANTON,BURKE,NC,28655,(828) 580-5000,Acute Care Hospitals,Proprietary,1,4.0,,Y,2026-07-31 00:22:03,4,0,0.970475,568.0,95.0,Low
340084,ATRIUM HEALTH ANSON,2301 US HIGHWAY 74 WEST,WADESBORO,ANSON,NC,28170,(704) 694-5131,Acute Care Hospitals,Government - Hospital District or Authority,1,,16,,2026-07-31 00:22:03,1,1,1.0139,0.0,0.0,Low
340085,NOVANT HEALTH THOMASVILLE MEDICAL CENTER,207 OLD LEXINGTON RD BOX 789,THOMASVILLE,DAVIDSON,NC,27360,(336) 472-2000,Acute Care Hospitals,Voluntary non-profit - Private,1,3.0,,Y,2026-07-31 00:22:03,3,0,0.9746666666666667,182.0,25.0,Low
340087,THE MCDOWELL HOSPITAL,430 RANKIN DRIVE P O BOX 730,MARION,MC DOWELL,NC,28752,(828) 659-5000,Acute Care Hospitals,Voluntary non-profit - Private,1,3.0,,Y,2026-07-31 00:22:03,3,2,1.0178,187.0,35.0,Medium
340090,JOHNSTON HEALTH,509 BRIGHT LEAF BLVD,SMITHFIELD,JOHNSTON,NC,27577,(919) 934-8171,Acute Care Hospitals,Government - Hospital District or Authority,1,4.0,,Y,2026-07-31 00:22:03,5,3,1.01834,1159.0,214.0,Medium
340091,"MOSES H. CONE MEMORIAL HOSPITAL, THE",1200 N ELM ST,GREENSBORO,GUILFORD,NC,27401,(336) 832-7000,Acute Care Hospitals,Voluntary non-profit - Private,1,3.0,,Y,2026-07-31 00:22:03,6,2,0.96,2468.0,355.0,Medium
340096,LEXINGTON MEMORIAL HOSPITAL INC,250 HOSPITAL DRIVE PO BOX 1817,LEXINGTON,DAVIDSON,NC,27293,(336) 248-5161,Acute Care Hospitals,Voluntary non-profit - Private,1,2.0,,,2026-07-31 00:22:03,4,2,0.984275,290.0,61.0,Medium
340097,HUGH CHATHAM MEMORIAL HOSPITAL,180 PARKWOOD DR,ELKIN,SURRY,NC,28621,(336) 527-7000,Acute Care Hospitals,Voluntary non-profit - Private,1,3.0,,,2026-07-31 00:22:03,4,4,1.027725,278.0,49.0,High
340098,ATRIUM HEALTH PINEVILLE,10628 PARK RD,CHARLOTTE,MECKLENBURG,NC,28210,(704) 379-5000,Acute Care Hospitals,Government - Hospital District or Authority,1,3.0,,Y,2026-07-31 00:22:03,6,4,1.0055166666666666,2259.0,344.0,High
340099,VIDANT ROANOKE CHOWAN HOSPITAL,500 S ACADEMY ST,AHOSKIE,HERTFORD,NC,27910,(252) 209-3000,Acute Care Hospitals,Voluntary non-profit - Private,1,2.0,,Y,2026-07-31 00:22:03,3,2,1.023,287.0,60.0,Medium
340107,VIDANT EDGECOMBE HOSPITAL,111 HOSPITAL DR,TARBORO,EDGECOMBE,NC,27886,(252) 641-7700,Acute Care Hospitals,Government - Local,1,3.0,,Y,2026-07-31 00:22:03,3,1,1.0285,249.0,53.0,Low
340109,SENTARA ALBEMARLE MEDICAL CENTER,3050 HALSTEAD BLVD EXT,ELIZABETH CITY,PASQUOTANK,NC,27909,(252) 335-0531,Acute Care Hospitals,Government - Hospital District or Authority,1,3.0,,Y,2026-07-31 00:22:03,4,1,0.9937,814.0,154.0,Low
340113,CAROLINAS MEDICAL CENTER/BEHAV HEALTH,1000 BLYTHE BLVD,CHARLOTTE,MECKLENBURG,NC,28203,(704) 355-2000,Acute Care Hospitals,Government - Hospital District or Authority,1,4.0,,Y,2026-07-31 00:22:03,6,0,0.9218833333333333,1417.0,207.0,Low
340114,REX HOSPITAL,4420 LAKE BOONE TRAIL,RALEIGH,WAKE,NC,27607,(919) 784-3100,Acute Care Hospitals,Government - State,1,5.0,,Y,2026-07-31 00:22:03,6,2,0.9751833333333333,3133.0,470.0,Medium
340115,FIRSTHEALTH MOORE REGIONAL HOSPITAL,155 MEMORIAL DRIVE,PINEHURST,MOORE,NC,28374,(910) 715-1000,Acute Care Hospitals,Voluntary non-profit - Private,1,4.0,,Y,2026-07-31 00:22:03,6,4,1.0379500000000002,2779.0,419.0,High
340116,FRYE REGIONAL MEDICAL CENTER,420 N CENTER ST,HICKORY,CATAWBA,NC,28601,(828) 322-6070,Acute Care Hospitals,Proprietary,1,2.0,,Y,2026-07-31 00:22:03,5,5,1.0402,1062.0,172.0,High
340119,STANLY REGIONAL MEDICAL CENTER,301 YADKIN ST,ALBEMARLE,STANLY,NC,28001,(704) 984-4000,Acute Care Hospitals,Voluntary non-profit - Private,1,3.0,,Y,2026-07-31 00:22:03,3,1,1.0099666666666667,526.0,93.0,Low
340120,VIDANT DUPLIN HOSPITAL,401 N MAIN ST,KENANSVILLE,DUPLIN,NC,28349,(910) 296-0941,Acute Care Hospitals,Government - Local,1,3.0,,Y,2026-07-31 00:22:03,3,2,1.0342333333333333,395.0,77.0,Medium
340123,RANDOLPH HOSPITAL,364 WHITE OAK STREET,ASHEBORO,RANDOLPH,NC,27203,(336) 625-5151,Acute Care Hospitals,Voluntary non-profit - Private,1,4.0,,Y,2026-07-31 00:22:03,3,0,0.9849333333333333,275.0,47.0,Low
340126,WILSON MEDICAL CENTER,1705 S TARBORO ST,WILSON,WILSON,NC,27893,(252) 399-8040,Acute Care Hospitals,Voluntary non-profit - Private,1,1.0,,Y,2026-07-31 00:22:03,5,3,1.02682,699.0,139.0,Medium
340127,GRANVILLE HEALTH SYSTEMS,1010 COLLEGE ST,OXFORD,GRANVILLE,NC,27565,(919) 690-3000,Acute Care Hospitals,Government - Local,1,2.0,,Y,2026-07-31 00:22:03,2,1,0.9815,101.0,17.0,Low
340129,DUKE HEALTH LAKE NORMAN HOSPITAL,171 FAIRVIEW ROAD,MOORESVILLE,IREDELL,NC,28117,(704) 660-4000,Acute Care Hospitals,Proprietary,1,1.0,,Y,2026-07-31 00:22:03,5,4,1.0762800000000001,325.0,63.0,High
340130,ATRIUM HEALTH UNION,600 HOSPITAL DR,MONROE,UNION,NC,28112,(704) 283-3100,Acute Care Hospitals,Government - Hospital District or Authority,1,4.0,,Y,2026-07-31 00:22:03,5,3,1.02088,1266.0,204.0,Medium
340131,CAROLINA EAST MEDICAL CENTER,2000 NEUSE BLVD,NEW BERN,CRAVEN,NC,28560,(252) 633-8640,Acute Care Hospitals,Government - Hospital District or Authority,1,4.0,,Y,2026-07-31 00:22:03,6,3,0.9927166666666666,2108.0,323.0,Medium
340132,MARIA PARHAM MEDICAL CENTER,PO BOX 59,HENDERSON,VANCE,NC,27536,(252) 431-3708,Acute Care Hospitals,Proprietary,1,2.0,,Y,2026-07-31 00:22:03,4,2,1.026975,307.0,68.0,Medium
340141,NOVANT HEALTH NEW HANOVER REGIONAL MEDICAL CENTER,2131 S 17TH ST,WILMINGTON,NEW HANOVER,NC,28402,(910) 343-7000,Acute Care Hospitals,Government - Local,1,3.0,,Y,2026-07-31 00:22:03,6,2,0.9324666666666667,4295.0,542.0,Medium
340142,CARTERET GENERAL HOSPITAL,3500 ARENDELL ST,MOREHEAD CITY,CARTERET,NC,28557,(252) 808-6000,Acute Care Hospitals,Proprietary,1,2.0,,Y,2026-07-31 00:22:03,5,5,1.0591000000000002,1306.0,190.0,High
340143,CATAWBA VALLEY MEDICAL CENTER,810 FAIRGROVE CHURCH RD,HICKORY,CATAWBA,NC,28602,(828) 326-3809,Acute Care Hospitals,Voluntary non-profit - Other,1,2.0,,Y,2026-07-31 00:22:03,5,1,0.95548,709.0,99.0,Low
340145,ATRIUM HEALTH LINCOLN,433 MCALISTER RD,LINCOLNTON,LINCOLN,NC,28092,(980) 212-2000,Acute Care Hospitals,Government - Hospital District or Authority,1,3.0,,Y,2026-07-31 00:22:03,3,2,1.0118666666666667,614.0,105.0,Medium
340147,UNC HEALTH NASH,2460 CURTIS ELLIS DRIVE,ROCKY MOUNT,NASH,NC,27804,(252) 443-8000,Acute Care Hospitals,Government - Hospital District or Authority,1,4.0,,Y,2026-07-31 00:22:03,5,3,1.0099399999999998,1150.0,219.0,Medium
340151,ECU HEALTH NORTH HOSPITAL,250 SMITH CHURCH ROAD,ROANOKE RAPIDS,HALIFAX,NC,27870,(252) 535-8005,Acute Care Hospitals,Voluntary non-profit - Private,1,2.0,,Y,2026-07-31 00:22:03,5,2,1.00914,485.0,99.0,Medium
340155,DUKE REGIONAL HOSPITAL,3643 N ROXBORO STREET,DURHAM,DURHAM,NC,27704,(919) 470-4000,Acute Care Hospitals,Government - Local,1,5.0,,Y,2026-07-31 00:22:03,6,3,1.0121833333333334,1013.0,179.0,Medium
340158,NOVANT HEALTH BRUNSWICK MEDICAL CENTER,1 MEDICAL CENTER DR  PO BOX 139,SUPPLY,BRUNSWICK,NC,28462,(910) 755-8121,Acute Care Hospitals,Voluntary non-profit - Other,1,4.0,,Y,2026-07-31 00:22:03,4,2,0.9736750000000001,768.0,129.0,Medium
340159,PERSON MEMORIAL HOSPITAL,615 RIDGE RD,ROXBORO,PERSON,NC,27573,(336) 599-2121,Acute Care Hospitals,Proprietary,1,3.0,,,2026-07-31 00:22:03,2,1,1.0239500000000001,58.0,16.0,Low
340166,ATRIUM HEALTH UNIVERSITY CITY,8800 NORTH TYRON STREET,CHARLOTTE,MECKLENBURG,NC,28262,(704) 548-6000,Acute Care Hospitals,Government - Hospital District or Authority,1,3.0,,Y,2026-07-31 00:22:03,3,1,1.0100333333333333,364.0,64.0,Low
340171,NOVANT HEALTH MATTHEWS MEDICAL CENTER,1500 MATTHEWS TWNSHP PRKWY BOX 3310,MATTHEWS,MECKLENBURG,NC,28106,(704) 384-6500,Acute Care Hospitals,Voluntary non-profit - Other,1,5.0,,Y,2026-07-31 00:22:03,5,2,1.0025600000000001,1087.0,174.0,Medium
340173,"WAKEMED, CARY HOSPITAL",1900 KILDARE FARM ROAD,CARY,WAKE,NC,27518,(919) 350-2550,Acute Care Hospitals,Voluntary non-profit - Private,1,5.0,,Y,2026-07-31 00:22:03,5,1,0.9573,1192.0,179.0,Low
340183,NOVANT HEALTH HUNTERSVILLE MEDICAL CENTER,10030 GILEAD ROAD,HUNTERSVILLE,MECKLENBURG,NC,28078,(704) 316-4000,Acute Care Hospitals,Voluntary non-profit - Private,1,4.0,,Y,2026-07-31 00:22:03,5,1,0.9747,732.0,124.0,Low
340184,HAYWOOD REGIONAL MEDICAL CENTER,262 LEROY GEORGE DRIVE,CLYDE,HAYWOOD,NC,28721,(828) 456-7311,Acute Care Hospitals,Government - Hospital District or Authority,1,3.0,,Y,2026-07-31 00:22:03,4,2,0.984375,641.0,89.0,Medium
340188,CAPE FEAR VALLEY HOKE HOSPITAL,210 MEDICAL PAVILION DRIVE,RAEFORD,HOKE,NC,28376,(910) 904-8000,Acute Care Hospitals,Voluntary non-profit - Private,1,4.0,,,2026-07-31 00:22:03,3,2,1.0096333333333334,146.0,30.0,Medium
340190,NOVANT HEALTH MINT HILL MEDICAL CENTER,8201 HEALTHCARE LOOP,CHARLOTTE,MECKLENBURG,NC,28215,(704) 384-4089,Acute Care Hospitals,Voluntary non-profit - Private,1,5.0,,Y,2026-07-31 00:22:03,3,0,0.9625666666666667,247.0,31.0,Low
340195,NOVANT HEALTH BALLANTYNE MEDICAL CENTER,10905 PROVIDENCE ROAD W,CHARLOTTE,MECKLENBURG,NC,28277,(704) 384-4000,Acute Care Hospitals,Voluntary non-profit - Private,1,,16,Y,2026-07-31 00:22:03,2,0,0.9639,0.0,0.0,Low
350002,CHI ST ALEXIUS HEALTH,900 E BROADWAY,BISMARCK,BURLEIGH,ND,58501,(701) 530-7000,Acute Care Hospitals,Voluntary non-profit - Church,1,4.0,,Y,2026-07-31 00:22:03,6,1,0.9493666666666667,410.0,64.0,Low
350006,TRINITY HOSPITALS,407 3RD ST SE,MINOT,WARD,ND,58701,(701) 857-5000,Acute Care Hospitals,Voluntary non-profit - Private,1,3.0,,Y,2026-07-31 00:22:03,5,1,0.9946999999999999,969.0,163.0,Low
350011,SANFORD MEDICAL CENTER FARGO,801 BROADWAY NORTH,FARGO,CASS,ND,58122,(701) 234-2000,Acute Care Hospitals,Voluntary non-profit - Private,1,4.0,,Y,2026-07-31 00:22:03,6,1,0.90485,2281.0,325.0,Low
350015,SANFORD MEDICAL CENTER BISMARCK,300 N 7TH ST,BISMARCK,BURLEIGH,ND,58506,(701) 323-6000,Acute Care Hospitals,Voluntary non-profit - Private,1,4.0,,Y,2026-07-31 00:22:03,5,1,0.94368,1557.0,223.0,Low
350019,ALTRU HOSPITAL,1200 S  COLUMBIA RD,GRAND FORKS,GRAND FORKS,ND,58201,(701) 780-5000,Acute Care Hospitals,Government - Local,1,3.0,,Y,2026-07-31 00:22:03,5,0,0.89368,1113.0,164.0,Low
350063,P H S INDIAN HOSP AT BELCOURT-QUENTIN N BURDICK,PO BOX 160,BELCOURT,ROLETTE,ND,58316,(701) 477-6111,Acute Care Hospitals,Government - Federal,1,3.0,,,2026-07-31 00:22:03,2,1,1.016,0.0,0.0,Low
350070,ESSENTIA HEALTH,3000 32ND AVE SOUTH,FARGO,CASS,ND,58104,(701) 364-8000,Acute Care Hospitals,Voluntary non-profit - Private,1,3.0,,Y,2026-07-31 00:22:03,6,1,0.9691833333333334,927.0,154.0,Low
360001,MERCY HEALTH-ANDERSON HOSPITAL,7500 STATE ROAD,CINCINNATI,HAMILTON,OH,45255,(513) 624-4500,Acute Care Hospitals,Voluntary non-profit - Private,1,4.0,,Y,2026-07-31 00:22:03,6,2,1.00725,1141.0,191.0,Medium
360002,UNIVERSITY HOSPITALS SAMARITAN MEDICAL CENTER,1025 CENTER ST,ASHLAND,ASHLAND,OH,44805,(419) 289-0491,Acute Care Hospitals,Voluntary non-profit - Other,0,4.0,,,2026-07-31 00:22:03,3,3,1.0178,350.0,64.0,Medium
360003,"UNIVERSITY OF CINCINNATI MEDICAL CENTER, LLC",3188 BELLEVUE AVENUE,CINCINNATI,HAMILTON,OH,45219,(513) 584-1000,Acute Care Hospitals,Voluntary non-profit - Private,1,3.0,,Y,2026-07-31 00:22:03,6,3,0.9783333333333334,557.0,104.0,Medium
360006,RIVERSIDE METHODIST HOSPITAL,3535 OLENTANGY RIVER RD,COLUMBUS,FRANKLIN,OH,43214,(614) 566-5000,Acute Care Hospitals,Voluntary non-profit - Private,1,4.0,,Y,2026-07-31 00:22:03,6,2,0.9336833333333333,2737.0,389.0,Medium
360008,SOUTHERN OHIO MEDICAL CENTER,1805 27TH STREET,PORTSMOUTH,SCIOTO,OH,45662,(740) 356-8435,Acute Care Hospitals,Voluntary non-profit - Other,1,4.0,,Y,2026-07-31 00:22:03,6,1,0.9533833333333334,1117.0,204.0,Low
360009,LIMA MEMORIAL HEALTH SYSTEM,1001 BELLEFONTAINE AVENUE,LIMA,ALLEN,OH,45804,(419) 998-4731,Acute Care Hospitals,Voluntary non-profit - Other,1,3.0,,Y,2026-07-31 00:22:03,5,4,1.05032,880.0,165.0,High
360010,UNION HOSPITAL,659 BOULEVARD,DOVER,TUSCARAWAS,OH,44622,(330) 343-3311,Acute Care Hospitals,Voluntary non-profit - Other,1,3.0,,Y,2026-07-31 00:22:03,3,1,1.0033666666666667,542.0,94.0,Low
360011,MARION GENERAL HOSPITAL,1000 MCKINLEY PARK DRIVE,MARION,MARION,OH,43302,(740) 383-8400,Acute Care Hospitals,Voluntary non-profit - Private,1,4.0,,Y,2026-07-31 00:22:03,4,1,0.9981,1013.0,182.0,Low
360012,MOUNT CARMEL ST ANN'S,500 SOUTH CLEVELAND AVENUE,WESTERVILLE,FRANKLIN,OH,43081,(614) 546-4034,Acute Care Hospitals,Voluntary non-profit - Private,1,3.0,,Y,2026-07-31 00:22:03,5,2,0.99474,788.0,120.0,Medium
360013,WILSON MEMORIAL HOSPITAL,915 WEST MICHIGAN STREET,SIDNEY,SHELBY,OH,45365,(937) 498-5405,Acute Care Hospitals,Voluntary non-profit - Private,1,2.0,,Y,2026-07-31 00:22:03,4,3,0.99475,66.0,11.0,Medium
360014,OHIOHEALTH O'BLENESS HOSPITAL,55 HOSPITAL DRIVE,ATHENS,ATHENS,OH,45701,(740) 593-5551,Acute Care Hospitals,Voluntary non-profit - Other,1,3.0,,Y,2026-07-31 00:22:03,3,1,0.9922,381.0,71.0,Low
360016,THE JEWISH HOSPITAL-MERCY HEALTH,4777 EAST GALBRAITH ROAD,CINCINNATI,HAMILTON,OH,45236,(513) 686-3000,Acute Care Hospitals,Voluntary non-profit - Private,1,4.0,,,2026-07-31 00:22:03,6,4,1.0719833333333333,826.0,147.0,High
360017,GRANT MEDICAL CENTER,111 SOUTH GRANT AVENUE,COLUMBUS,FRANKLIN,OH,43215,(614) 566-9164,Acute Care Hospitals,Voluntary non-profit - Church,1,2.0,,Y,2026-07-31 00:22:03,6,2,1.0115999999999998,796.0,153.0,Medium
360020,SUMMA HEALTH SYSTEM,525 EAST MARKET STREET,AKRON,SUMMIT,OH,44309,(330) 375-3000,Acute Care Hospitals,Voluntary non-profit - Private,1,3.0,,Y,2026-07-31 00:22:03,6,4,1.0573333333333332,1441.0,278.0,High
360025,FIRELANDS REGIONAL MEDICAL CENTER,1111 HAYES AVENUE,SANDUSKY,ERIE,OH,44870,(419) 557-7400,Acute Care Hospitals,Voluntary non-profit - Private,1,4.0,,Y,2026-07-31 00:22:03,4,2,0.989625,888.0,134.0,Medium
360026,KETTERING HEALTH GREENE MEMORIAL,1141 NORTH MONROE DRIVE,XENIA,GREENE,OH,45385,(937) 352-2000,Acute Care Hospitals,Voluntary non-profit - Private,1,5.0,,,2026-07-31 00:22:03,2,1,0.9917499999999999,50.0,11.0,Low
360027,AKRON GENERAL MEDICAL CENTER,1 AKRON GENERAL AVENUE,AKRON,SUMMIT,OH,44307,(330) 344-6000,Acute Care Hospitals,Voluntary non-profit - Private,1,5.0,,Y,2026-07-31 00:22:03,6,1,0.9571,1643.0,265.0,Low
360029,WOOD COUNTY HOSPITAL,950 WEST WOOSTER STREET,BOWLING GREEN,WOOD,OH,43402,(419) 354-8900,Acute Care Hospitals,Voluntary non-profit - Private,1,4.0,,Y,2026-07-31 00:22:03,4,3,1.0296,193.0,32.0,Medium
360032,GRAND LAKE HEALTH SYSTEM,200 SAINT CLAIR STREET,SAINT MARYS,AUGLAIZE,OH,45885,(419) 394-3335,Acute Care Hospitals,Voluntary non-profit - Private,1,4.0,,Y,2026-07-31 00:22:03,3,0,0.9648333333333333,239.0,32.0,Low
360035,MOUNT CARMEL EAST & WEST,6001 EAST BROAD STREET,COLUMBUS,FRANKLIN,OH,43213,(614) 234-5000,Acute Care Hospitals,Voluntary non-profit - Private,1,2.0,,Y,2026-07-31 00:22:03,6,4,1.02205,1591.0,285.0,High
360036,WOOSTER COMMUNITY HOSPITAL,1761 BEALL AVENUE,WOOSTER,WAYNE,OH,44691,(330) 263-8348,Acute Care Hospitals,Government - Local,1,4.0,,Y,2026-07-31 00:22:03,5,2,0.9844200000000001,474.0,83.0,Medium
360039,GENESIS HOSPITAL,2951 MAPLE AVENUE,ZANESVILLE,MUSKINGUM,OH,43701,(740) 454-5000,Acute Care Hospitals,Voluntary non-profit - Private,1,5.0,,Y,2026-07-31 00:22:03,5,1,0.95512,1554.0,256.0,Low
360040,KNOX COMMUNITY HOSPITAL,1330 COSHOCTON ROAD,MOUNT VERNON,KNOX,OH,43050,(740) 393-9000,Acute Care Hospitals,Voluntary non-profit - Other,1,3.0,,Y,2026-07-31 00:22:03,4,2,0.9853500000000001,514.0,83.0,Medium
360041,PARMA COMMUNITY GENERAL HOSPITAL,7007 POWERS BOULEVARD,PARMA,CUYAHOGA,OH,44129,(440) 743-3000,Acute Care Hospitals,Voluntary non-profit - Private,0,4.0,,,2026-07-31 00:22:03,5,4,1.05952,1243.0,215.0,High
360046,MCCULLOUGH-HYDE MEMORIAL HOSPITAL,110 NORTH POPLAR STREET,OXFORD,BUTLER,OH,45056,(513) 523-2111,Acute Care Hospitals,Voluntary non-profit - Private,1,3.0,,Y,2026-07-31 00:22:03,4,3,1.03,160.0,35.0,Medium
360048,UNIVERSITY OF TOLEDO MEDICAL CENTER,3000 ARLINGTON AVENUE,TOLEDO,LUCAS,OH,43614,(419) 383-3407,Acute Care Hospitals,Government - State,1,3.0,,,2026-07-31 00:22:03,5,4,1.0211000000000001,429.0,84.0,High
360051,MIAMI VALLEY HOSPITAL,ONE WYOMING STREET,DAYTON,MONTGOMERY,OH,45409,(937) 208-3023,Acute Care Hospitals,Voluntary non-profit - Private,1,3.0,,Y,2026-07-31 00:22:03,6,4,1.0706666666666667,2395.0,433.0,High
360054,HOLZER MEDICAL CENTER,100 JACKSON PIKE,GALLIPOLIS,GALLIA,OH,45631,(740) 446-5030,Acute Care Hospitals,Voluntary non-profit - Private,1,4.0,,Y,2026-07-31 00:22:03,4,0,0.9598,551.0,86.0,Low
360055,INSIGHT HOSPITAL AND MEDICAL CENTER TRUMBULL,1350 EAST MARKET STREET,WARREN,TRUMBULL,OH,44482,(330) 841-9011,Acute Care Hospitals,Proprietary,1,2.0,,,2026-07-31 00:22:03,4,4,1.0369,667.0,130.0,High
360056,MERCY HEALTH - FAIRFIELD HOSPITAL,3000 MACK ROAD,FAIRFIELD,BUTLER,OH,45014,(513) 870-7000,Acute Care Hospitals,Voluntary non-profit - Private,1,3.0,,Y,2026-07-31 00:22:03,6,4,0.9979333333333334,1053.0,192.0,High
360058,MERCER COUNTY JOINT TOWNSHIP COMMUNITY HOSPITAL,800 WEST MAIN STREET,COLDWATER,MERCER,OH,45828,(419) 678-4843,Acute Care Hospitals,Government - Hospital District or Authority,0,3.0,,Y,2026-07-31 00:22:03,3,1,0.9857333333333335,382.0,55.0,Low
360059,METROHEALTH SYSTEM,2500 METROHEALTH DRIVE,CLEVELAND,CUYAHOGA,OH,44109,(216) 778-7089,Acute Care Hospitals,Voluntary non-profit - Other,1,3.0,,Y,2026-07-31 00:22:03,4,3,1.0336750000000001,706.0,142.0,Medium
360064,ST ELIZABETH YOUNGSTOWN HOSPITAL,1044 BELMONT AVENUE,YOUNGSTOWN,MAHONING,OH,44501,(330) 480-3022,Acute Care Hospitals,Voluntary non-profit - Church,1,3.0,,,2026-07-31 00:22:03,5,3,1.02514,1450.0,269.0,Medium
360065,FISHER-TITUS HOSPITAL,272 BENEDICT AVENUE,NORWALK,HURON,OH,44857,(419) 668-8101,Acute Care Hospitals,Voluntary non-profit - Private,1,4.0,,Y,2026-07-31 00:22:03,5,2,1.01138,476.0,93.0,Medium
360066,MERCY HEALTH ST RITAS MEDICAL CENTER,730 WEST MARKET STREET,LIMA,ALLEN,OH,45801,(419) 227-3361,Acute Care Hospitals,Voluntary non-profit - Private,1,4.0,,Y,2026-07-31 00:22:03,6,2,0.9843666666666667,1634.0,289.0,Medium
360068,PROMEDICA TOLEDO HOSPITAL,2142 NORTH COVE BOULEVARD,TOLEDO,LUCAS,OH,43606,(419) 291-7463,Acute Care Hospitals,Voluntary non-profit - Private,1,4.0,,Y,2026-07-31 00:22:03,6,1,0.9606666666666667,2737.0,415.0,Low
360070,MERCY MEDICAL CENTER,1320 MERCY DRIVE NW,CANTON,STARK,OH,44708,(330) 489-1111,Acute Care Hospitals,Voluntary non-profit - Private,1,3.0,,Y,2026-07-31 00:22:03,6,3,0.9982333333333333,963.0,167.0,Medium
360071,VAN WERT COUNTY HOSPITAL,1250 S WASHINGTON STREET,VAN WERT,VAN WERT,OH,45891,(419) 238-8627,Acute Care Hospitals,Voluntary non-profit - Private,0,5.0,,,2026-07-31 00:22:03,3,1,0.9470999999999999,0.0,0.0,Low
360072,FAIRFIELD MEDICAL CENTER,401 NORTH EWING STREET,LANCASTER,FAIRFIELD,OH,43130,(740) 687-8000,Acute Care Hospitals,Voluntary non-profit - Other,1,2.0,,Y,2026-07-31 00:22:03,6,5,1.1378333333333333,953.0,165.0,High
360075,UH REGIONAL HOSPITALS,13207 RAVENNA ROAD,CHARDON,GEAUGA,OH,44024,(440) 285-6246,Acute Care Hospitals,Proprietary,1,4.0,,Y,2026-07-31 00:22:03,4,2,0.9757750000000001,789.0,129.0,Medium
360076,ATRIUM MEDICAL CENTER,ONE MEDICAL CENTER DRIVE,FRANKLIN,WARREN,OH,45005,(513) 420-5102,Acute Care Hospitals,Voluntary non-profit - Private,1,4.0,,Y,2026-07-31 00:22:03,5,3,1.0270199999999998,767.0,131.0,Medium
360077,FAIRVIEW HOSPITAL,18101 LORAIN AVENUE,CLEVELAND,CUYAHOGA,OH,44111,(216) 476-7000,Acute Care Hospitals,Voluntary non-profit - Private,1,5.0,,Y,2026-07-31 00:22:03,6,3,0.9907666666666667,1793.0,319.0,Medium
360078,UNIVERSITY HOSPITALS PORTAGE MEDICAL CENTER,6847 N CHESTNUT,RAVENNA,PORTAGE,OH,44266,(330) 297-2300,Acute Care Hospitals,Voluntary non-profit - Private,1,3.0,,,2026-07-31 00:22:03,4,2,1.031725,472.0,98.0,Medium
360079,KETTERING HEALTH MAIN CAMPUS,3535 SOUTHERN BOULEVARD,KETTERING,MONTGOMERY,OH,45429,(937) 298-4331,Acute Care Hospitals,Voluntary non-profit - Church,1,3.0,,Y,2026-07-31 00:22:03,5,3,1.05068,1476.0,287.0,Medium
360080,EAST OHIO REGIONAL HOSPITAL,90 NORTH FOURTH STREET,MARTINS FERRY,BELMONT,OH,43935,(740) 633-1100,Acute Care Hospitals,Voluntary non-profit - Other,0,2.0,,,2026-07-31 00:22:03,3,2,1.0514666666666665,145.0,38.0,Medium
360082,EUCLID HOSPITAL,18901 LAKE SHORE BOULEVARD,EUCLID,CUYAHOGA,OH,44119,(216) 531-9000,Acute Care Hospitals,Voluntary non-profit - Other,0,4.0,,,2026-07-31 00:22:03,4,2,1.015475,346.0,66.0,Medium
360084,AULTMAN HOSPITAL,2600 SIXTH STREET SW,CANTON,STARK,OH,44710,(330) 363-9911,Acute Care Hospitals,Voluntary non-profit - Other,1,4.0,,Y,2026-07-31 00:22:03,5,1,0.9341799999999999,1456.0,213.0,Low
360085,OHIO STATE UNIVERSITY STATE HEALTH SYSTEM,410 WEST 10TH AVENUE,COLUMBUS,FRANKLIN,OH,43210,(614) 293-9700,Acute Care Hospitals,Government - State,1,3.0,,Y,2026-07-31 00:22:03,6,3,0.9889333333333333,1948.0,316.0,Medium
360086,SPRINGFIELD REGIONAL MEDICAL CENTER,100 MEDICAL CENTER DRIVE,SPRINGFIELD,CLARK,OH,45504,(937) 523-5500,Acute Care Hospitals,Voluntary non-profit - Private,1,4.0,,Y,2026-07-31 00:22:03,5,3,1.01014,914.0,172.0,Medium
360087,LUTHERAN HOSPITAL,1730 WEST 25TH STREET,CLEVELAND,CUYAHOGA,OH,44113,(216) 696-4300,Acute Care Hospitals,Voluntary non-profit - Private,1,3.0,,,2026-07-31 00:22:03,3,3,1.0257333333333334,0.0,0.0,Medium
360089,MERCY HEALTH - TIFFIN HOSPITAL,45 ST LAWRENCE DRIVE,TIFFIN,SENECA,OH,44883,(419) 455-7000,Acute Care Hospitals,Voluntary non-profit - Church,1,3.0,,Y,2026-07-31 00:22:03,3,1,1.0005666666666666,379.0,69.0,Low
360091,MEDINA HOSPITAL,1000 EAST WASHINGTON STREET,MEDINA,MEDINA,OH,44256,(330) 725-1000,Acute Care Hospitals,Voluntary non-profit - Private,1,5.0,,,2026-07-31 00:22:03,4,0,0.983025,1100.0,195.0,Low
360092,MEMORIAL HOSPITAL,500 LONDON AVENUE,MARYSVILLE,UNION,OH,43040,(937) 644-6115,Acute Care Hospitals,Government - Local,1,5.0,,Y,2026-07-31 00:22:03,3,0,0.9578333333333333,147.0,24.0,Low
360095,BLANCHARD VALLEY HOSPITAL,1900 SOUTH MAIN STREET,FINDLAY,HANCOCK,OH,45840,(419) 423-4500,Acute Care Hospitals,Voluntary non-profit - Other,0,3.0,,Y,2026-07-31 00:22:03,6,3,0.9991,838.0,106.0,Medium
360096,EAST LIVERPOOL CITY HOSPITAL,425 WEST 5TH STREET,EAST LIVERPOOL,COLUMBIANA,OH,43920,(330) 385-7200,Acute Care Hospitals,Voluntary non-profit - Private,1,3.0,,,2026-07-31 00:22:03,4,4,1.060225,414.0,105.0,High
360098,LAKE HEALTH,7590 AUBURN ROAD,CONCORD,LAKE,OH,44077,(440) 953-9600,Acute Care Hospitals,Voluntary non-profit - Private,1,3.0,,,2026-07-31 00:22:03,6,3,1.0211666666666666,1460.0,257.0,Medium
360107,BELLEVUE HOSPITAL,1400 WEST MAIN STREET,BELLEVUE,SANDUSKY,OH,44811,(419) 483-4040,Acute Care Hospitals,Voluntary non-profit - Other,0,4.0,,Y,2026-07-31 00:22:03,3,1,0.9929666666666667,154.0,28.0,Low
360109,COSHOCTON REGIONAL MEDICAL CENTER,1460 ORANGE STREET,COSHOCTON,COSHOCTON,OH,43812,(740) 622-6411,Acute Care Hospitals,Voluntary non-profit - Private,1,4.0,,,2026-07-31 00:22:03,2,1,0.9781500000000001,211.0,33.0,Low
360112,MERCY ST VINCENT MEDICAL CENTER,2213 CHERRY STREET,TOLEDO,LUCAS,OH,43608,(419) 251-3232,Acute Care Hospitals,Voluntary non-profit - Church,1,3.0,,Y,2026-07-31 00:22:03,6,4,1.0633833333333333,2140.0,420.0,High
360118,OHIOHEALTH MANSFIELD HOSPITAL,335 GLESSNER AVENUE,MANSFIELD,RICHLAND,OH,44903,(419) 526-8000,Acute Care Hospitals,Voluntary non-profit - Private,1,3.0,,Y,2026-07-31 00:22:03,5,1,0.98964,1375.0,247.0,Low
360121,COMMUNITY HOSPITALS AND WELLNESS CENTERS,433 WEST HIGH STREET,BRYAN,WILLIAMS,OH,43506,(419) 636-1131,Acute Care Hospitals,Voluntary non-profit - Other,0,3.0,,Y,2026-07-31 00:22:03,4,3,0.9867,88.0,18.0,Medium
360123,UH ST JOHN MEDICAL CENTER,29000 CENTER RIDGE ROAD,WESTLAKE,CUYAHOGA,OH,44145,(440) 835-8000,Acute Care Hospitals,Voluntary non-profit - Private,1,4.0,,,2026-07-31 00:22:03,5,2,0.9923400000000001,899.0,169.0,Medium
360125,ASHTABULA COUNTY MEDICAL CENTER,2420 LAKE AVENUE,ASHTABULA,ASHTABULA,OH,44004,(440) 997-2262,Acute Care Hospitals,Voluntary non-profit - Private,1,3.0,,,2026-07-31 00:22:03,4,4,1.0566499999999999,613.0,138.0,High
360131,ALLIANCE COMMUNITY HOSPITAL,200 EAST STATE STREET,ALLIANCE,STARK,OH,44601,(330) 596-6000,Acute Care Hospitals,Voluntary non-profit - Private,1,4.0,,,2026-07-31 00:22:03,3,0,0.9555666666666666,0.0,0.0,Low
360132,FORT HAMILTON HUGHES MEMORIAL HOSPITAL,630 EATON AVENUE,HAMILTON,BUTLER,OH,45013,(513) 867-2123,Acute Care Hospitals,Voluntary non-profit - Private,1,3.0,,Y,2026-07-31 00:22:03,4,2,1.0137,661.0,119.0,Medium
360133,KETTERING HEALTH DAYTON,405 GRAND AVENUE,DAYTON,MONTGOMERY,OH,45405,(937) 723-3410,Acute Care Hospitals,Voluntary non-profit - Other,0,4.0,,Y,2026-07-31 00:22:03,6,5,1.0614666666666668,982.0,187.0,High
360134,GOOD SAMARITAN HOSPITAL,375 DIXMYTH AVENUE,CINCINNATI,HAMILTON,OH,45220,(513) 862-2601,Acute Care Hospitals,Voluntary non-profit - Private,1,4.0,,Y,2026-07-31 00:22:03,5,2,1.0053800000000002,755.0,116.0,Medium
360137,UH CLEVELAND MEDICAL CENTER,11100 EUCLID AVENUE,CLEVELAND,CUYAHOGA,OH,44106,(216) 844-1000,Acute Care Hospitals,Voluntary non-profit - Private,1,3.0,,Y,2026-07-31 00:22:03,6,4,1.0420166666666668,753.0,143.0,High
360143,MARYMOUNT HOSPITAL,12300 MCCRACKEN ROAD,GARFIELD HEIGHTS,CUYAHOGA,OH,44125,(216) 587-8210,Acute Care Hospitals,Voluntary non-profit - Private,1,5.0,,,2026-07-31 00:22:03,4,2,1.0147,800.0,155.0,Medium
360144,SOUTH POINTE HOSPITAL,20000 HARVARD ROAD,WARRENSVILLE HEIGHTS,CUYAHOGA,OH,44122,(216) 491-6523,Acute Care Hospitals,Voluntary non-profit - Other,0,5.0,,,2026-07-31 00:22:03,3,2,1.031,541.0,111.0,Medium
360145,UNIVERSITY HOSPITALS - ELYRIA MEDICAL CENTER,630 EAST RIVER STREET,ELYRIA,LORAIN,OH,44035,(440) 329-7500,Acute Care Hospitals,Voluntary non-profit - Private,0,4.0,,,2026-07-31 00:22:03,6,4,1.0125833333333334,909.0,177.0,High
360147,MARIETTA MEMORIAL HOSPITAL,401 MATTHEW STREET,MARIETTA,WASHINGTON,OH,45750,(740) 374-1400,Acute Care Hospitals,Voluntary non-profit - Other,1,3.0,,Y,2026-07-31 00:22:03,4,2,1.018225,1157.0,227.0,Medium
360148,POMERENE HOSPITAL,981 WOOSTER ROAD,MILLERSBURG,HOLMES,OH,44654,(330) 674-1015,Acute Care Hospitals,Voluntary non-profit - Private,1,3.0,,Y,2026-07-31 00:22:03,2,0,0.966,0.0,0.0,Low
360150,SUMMA WESTERN RESERVE HOSPITAL,1900 23RD STREET,CUYAHOGA FALLS,SUMMIT,OH,44223,(330) 971-7000,Acute Care Hospitals,Voluntary non-profit - Other,1,3.0,,,2026-07-31 00:22:03,3,3,1.0258333333333332,199.0,40.0,Medium
360152,DOCTORS HOSPITAL,5100 WEST  BROAD STREET,COLUMBUS,FRANKLIN,OH,43228,(614) 544-2136,Acute Care Hospitals,Voluntary non-profit - Church,1,4.0,,Y,2026-07-31 00:22:03,4,2,1.000325,452.0,80.0,Medium
360155,SOUTHWEST GENERAL HEALTH CENTER,18697 BAGLEY ROAD,MIDDLEBURG HEIGHTS,CUYAHOGA,OH,44130,(440) 816-8000,Acute Care Hospitals,Voluntary non-profit - Private,1,4.0,,Y,2026-07-31 00:22:03,5,4,1.09096,1628.0,285.0,High
360156,MEMORIAL HOSPITAL,715 SOUTH TAFT AVENUE,FREMONT,SANDUSKY,OH,43420,(419) 334-6617,Acute Care Hospitals,Voluntary non-profit - Other,0,4.0,,Y,2026-07-31 00:22:03,3,2,0.9994666666666667,197.0,30.0,Medium
360159,ADENA REGIONAL MEDICAL CENTER,272 HOSPITAL ROAD,CHILLICOTHE,ROSS,OH,45601,(740) 779-7500,Acute Care Hospitals,Voluntary non-profit - Private,1,3.0,,Y,2026-07-31 00:22:03,6,3,0.9848833333333333,1078.0,189.0,Medium
360161,MH ST JOSEPH WARREN HOSPITAL,667 EASTLAND AVE SE,WARREN,TRUMBULL,OH,44484,(330) 841-4016,Acute Care Hospitals,Voluntary non-profit - Private,1,3.0,,Y,2026-07-31 00:22:03,5,2,1.01526,634.0,115.0,Medium
360163,CHRIST HOSPITAL,2139 AUBURN AVENUE,CINCINNATI,HAMILTON,OH,45219,(513) 585-2000,Acute Care Hospitals,Voluntary non-profit - Private,1,5.0,,Y,2026-07-31 00:22:03,6,3,0.9860666666666665,2080.0,341.0,Medium
360170,BERGER HOSPITAL,600 NORTH PICKAWAY STREET,CIRCLEVILLE,PICKAWAY,OH,43113,(740) 420-8008,Acute Care Hospitals,Government - Local,1,3.0,,Y,2026-07-31 00:22:03,3,2,1.0109000000000001,246.0,45.0,Medium
360172,MERCY REGIONAL MEDICAL CENTER,3700 KOLBE ROAD,LORAIN,LORAIN,OH,44053,(440) 960-4000,Acute Care Hospitals,Voluntary non-profit - Private,1,2.0,,Y,2026-07-31 00:22:03,5,4,1.0339,669.0,133.0,High
360174,UPPER VALLEY MEDICAL CENTER,3130 N DIXIE HIGHWAY,TROY,MIAMI,OH,45373,(937) 440-7853,Acute Care Hospitals,Voluntary non-profit - Private,1,4.0,,,2026-07-31 00:22:03,4,3,1.03695,600.0,113.0,Medium
360175,CLINTON MEMORIAL HOSPITAL,610 WEST MAIN STREET,WILMINGTON,CLINTON,OH,45177,(937) 382-9335,Acute Care Hospitals,Government - Local,0,2.0,,Y,2026-07-31 00:22:03,4,3,1.0288,194.0,44.0,Medium
360179,BETHESDA NORTH,10500 MONTGOMERY ROAD,CINCINNATI,HAMILTON,OH,45242,(513) 865-5544,Acute Care Hospitals,Voluntary non-profit - Church,1,3.0,,Y,2026-07-31 00:22:03,6,5,1.0674166666666667,2441.0,406.0,High
360180,CLEVELAND CLINIC,9500 EUCLID AVENUE,CLEVELAND,CUYAHOGA,OH,44195,(216) 952-9829,Acute Care Hospitals,Voluntary non-profit - Private,1,4.0,,Y,2026-07-31 00:22:03,6,3,0.9431166666666666,3057.0,470.0,Medium
360185,SALEM REGIONAL MEDICAL CENTER,1995 EAST STATE STREET,SALEM,COLUMBIANA,OH,44460,(330) 332-7214,Acute Care Hospitals,Voluntary non-profit - Private,1,3.0,,,2026-07-31 00:22:03,3,0,0.9660666666666667,236.0,34.0,Low
360189,MADISON HEALTH,210 NORTH MAIN STREET,LONDON,MADISON,OH,43140,(740) 845-7000,Acute Care Hospitals,Voluntary non-profit - Private,1,3.0,,,2026-07-31 00:22:03,2,1,1.0243,40.0,11.0,Low
360197,MARY RUTAN HOSPITAL,205 PALMER AVENUE,BELLEFONTAINE,LOGAN,OH,43311,(937) 651-3257,Acute Care Hospitals,Voluntary non-profit - Private,1,4.0,,Y,2026-07-31 00:22:03,4,0,0.96965,0.0,0.0,Low
360203,SOUTHEASTERN OHIO REGIONAL MEDICAL CENTER,1341 NORTH CLARK STREET,CAMBRIDGE,GUERNSEY,OH,43725,(740) 439-8000,Acute Care Hospitals,Voluntary non-profit - Private,1,4.0,,Y,2026-07-31 00:22:03,3,0,0.9667,273.0,43.0,Low
360210,GRADY MEMORIAL HOSPITAL,561 WEST CENTRAL AVENUE,DELAWARE,DELAWARE,OH,43015,(740) 368-5145,Acute Care Hospitals,Voluntary non-profit - Private,1,4.0,,Y,2026-07-31 00:22:03,3,0,0.9855,219.0,33.0,Low
360211,TRINITY MEDICAL CTR EAST &TRINITY MEDICAL CTR WEST,380 SUMMIT AVENUE,STEUBENVILLE,JEFFERSON,OH,43952,(740) 264-7212,Acute Care Hospitals,Voluntary non-profit - Other,1,2.0,,Y,2026-07-31 00:22:03,6,5,1.0386333333333333,647.0,139.0,High
360218,LICKING MEMORIAL HOSPITAL,1320 WEST MAIN STREET,NEWARK,LICKING,OH,43055,(740) 348-4000,Acute Care Hospitals,Voluntary non-profit - Private,1,2.0,,Y,2026-07-31 00:22:03,5,3,1.0067400000000002,776.0,140.0,Medium
360230,HILLCREST HOSPITAL,6780 MAYFIELD ROAD,MAYFIELD HEIGHTS,CUYAHOGA,OH,44124,(440) 312-4500,Acute Care Hospitals,Voluntary non-profit - Private,0,5.0,,Y,2026-07-31 00:22:03,6,3,0.9856833333333334,2543.0,438.0,Medium
360234,MERCY HEALTH - WEST HOSPITAL,3300 MERCY HEALTH BLVD,CINCINNATI,HAMILTON,OH,45211,(513) 215-5000,Acute Care Hospitals,Voluntary non-profit - Private,1,4.0,,Y,2026-07-31 00:22:03,5,4,1.0416599999999998,1088.0,208.0,High
360236,MERCY HEALTH - CLERMONT HOSPITAL,3000 HOSPITAL DRIVE,BATAVIA,CLERMONT,OH,45103,(513) 732-8278,Acute Care Hospitals,Voluntary non-profit - Church,1,4.0,,,2026-07-31 00:22:03,3,2,0.9949,643.0,115.0,Medium
360239,KETTERING HEALTH MIAMISBURG,4000 MIAMISBURG-CENTERVILLE ROAD,MIAMISBURG,MONTGOMERY,OH,45342,(937) 384-8760,Acute Care Hospitals,Voluntary non-profit - Church,1,4.0,,,2026-07-31 00:22:03,3,3,1.0389,545.0,120.0,Medium
360259,BAY PARK COMMUNITY HOSPITAL,2801 BAY PARK DRIVE,OREGON,LUCAS,OH,43616,(419) 690-7706,Acute Care Hospitals,Voluntary non-profit - Other,1,3.0,,Y,2026-07-31 00:22:03,3,2,1.0279333333333334,323.0,63.0,Medium
360263,INSTITUTE FOR ORTHOPAEDIC SURGERY,"801 MEDICAL DRIVE, SUITE B",LIMA,ALLEN,OH,45804,(419) 224-7586,Acute Care Hospitals,Proprietary,0,,16,,2026-07-31 00:22:03,1,0,0.8619,373.0,12.0,Low
360266,MOUNT CARMEL NEW ALBANY SURGICAL HOSPITAL,7333 SMITH'S MILL ROAD,NEW ALBANY,FRANKLIN,OH,43054,(614) 775-6600,Acute Care Hospitals,Proprietary,0,,16,,2026-07-31 00:22:03,1,0,0.7567,0.0,0.0,Low
360270,MERCY HEALTH - DEFIANCE HOSPITAL,1404 EAST SECOND STREET,DEFIANCE,DEFIANCE,OH,43512,(419) 782-8444,Acute Care Hospitals,Proprietary,1,4.0,,,2026-07-31 00:22:03,3,1,0.9830333333333333,311.0,55.0,Low
360276,HMHP ST ELIZABETH BOARDMAN HEALTH CENTER,8401 MARKET STREET,BOARDMAN,MAHONING,OH,44512,(330) 729-2929,Acute Care Hospitals,Voluntary non-profit - Church,1,2.0,,Y,2026-07-31 00:22:03,4,3,1.0437750000000001,1155.0,234.0,Medium
360348,DUBLIN METHODIST HOSPITAL,7500 HOSPITAL AVENUE,DUBLIN,FRANKLIN,OH,43016,(614) 544-8000,Acute Care Hospitals,Voluntary non-profit - Private,1,4.0,,Y,2026-07-31 00:22:03,4,0,0.9725,471.0,69.0,Low
360351,CRYSTAL CLINIC ORTHOPAEDIC CENTER,444 NORTH MAIN STREET,AKRON,SUMMIT,OH,44310,(330) 670-4152,Acute Care Hospitals,Proprietary,0,5.0,,,2026-07-31 00:22:03,1,0,0.8468,969.0,36.0,Low
360352,SURGICAL HOSPITAL AT SOUTHWOODS,7630 SOUTHERN BLVD,YOUNGSTOWN,MAHONING,OH,44512,(330) 729-8000,Acute Care Hospitals,Proprietary,0,4.0,,,2026-07-31 00:22:03,1,0,0.9309,0.0,0.0,Low
360354,WEST CHESTER HOSPITAL,7700 UNIVERSITY DRIVE,WEST CHESTER,BUTLER,OH,45069,(513) 298-7701,Acute Care Hospitals,Voluntary non-profit - Private,1,3.0,,Y,2026-07-31 00:22:03,5,3,1.0281,989.0,197.0,Medium
360359,UNIVERSITY HOSPITALS AHUJA MEDICAL CENTER,3999 RICHMOND ROAD,BEACHWOOD,CUYAHOGA,OH,44122,(216) 593-5511,Acute Care Hospitals,Voluntary non-profit - Private,1,3.0,,,2026-07-31 00:22:03,6,4,1.0061333333333333,1185.0,233.0,High
360360,SOIN MEDICAL CENTER,3535 PENTAGON PARK BLVD,BEAVER CREEK,GREENE,OH,45431,(937) 702-4000,Acute Care Hospitals,Voluntary non-profit - Private,1,4.0,,Y,2026-07-31 00:22:03,4,3,1.090875,975.0,222.0,Medium
360364,CLEVELAND CLINIC AVON HOSPITAL,33300 CLEVELAND CLINIC BLVD,AVON,LORAIN,OH,44011,(440) 695-5000,Acute Care Hospitals,Voluntary non-profit - Private,1,5.0,,,2026-07-31 00:22:03,4,3,1.007125,1112.0,207.0,Medium
360365,AVITA ONTARIO,715 RICHLAND MALL,ONTARIO,RICHLAND,OH,44906,(419) 462-4534,Acute Care Hospitals,Voluntary non-profit - Private,1,4.0,,Y,2026-07-31 00:22:03,4,1,0.9911749999999999,133.0,26.0,Low
360368,KETTERING HEALTH TROY,600 WEST MAIN STREET,TROY,MIAMI,OH,45373,(937) 980-7000,Acute Care Hospitals,Voluntary non-profit - Private,1,5.0,,,2026-07-31 00:22:03,3,0,0.9745666666666667,233.0,36.0,Low
370001,HILLCREST MEDICAL CENTER,1120 SOUTH UTICA AVENUE,TULSA,TULSA,OK,74104,(918) 579-1000,Acute Care Hospitals,Proprietary,1,3.0,,Y,2026-07-31 00:22:03,6,1,0.9655666666666667,1559.0,266.0,Low
370002,ALLIANCEHEALTH WOODWARD,900 17TH STREET,WOODWARD,WOODWARD,OK,73801,(580) 256-5511,Acute Care Hospitals,Proprietary,1,3.0,,Y,2026-07-31 00:22:03,4,0,0.936825,110.0,12.0,Low
370004,INTEGRIS MIAMI HOSPITAL,200 SECOND AVENUE SOUTHWEST,MIAMI,OTTAWA,OK,74355,(918) 542-6611,Acute Care Hospitals,Voluntary non-profit - Other,1,4.0,,Y,2026-07-31 00:22:03,3,0,0.9782333333333333,0.0,0.0,Low
370006,INTEGRIS HEALTH PONCA CITY,1900 NORTH 14TH STREET,PONCA CITY,KAY,OK,74601,(580) 765-3321,Acute Care Hospitals,Voluntary non-profit - Other,1,2.0,,Y,2026-07-31 00:22:03,4,0,0.973025,128.0,18.0,Low
370008,NORMAN REGIONAL,3300 HEALTHPLEX PKWY,NORMAN,CLEVELAND,OK,73072,(405) 307-1050,Acute Care Hospitals,Government - Hospital District or Authority,1,2.0,,Y,2026-07-31 00:22:03,6,3,1.0536166666666666,1332.0,236.0,Medium
370013,"MERCY HOSPITAL OKLAHOMA CITY, INC",4300 WEST MEMORIAL ROAD,OKLAHOMA CITY,OKLAHOMA,OK,73120,(405) 755-1515,Acute Care Hospitals,Voluntary non-profit - Church,1,4.0,,Y,2026-07-31 00:22:03,4,1,0.9553499999999999,1298.0,171.0,Low
370014,ALLIANCEHEALTH DURANT,1800 UNIVERSITY BOULEVARD,DURANT,BRYAN,OK,74702,(405) 924-3080,Acute Care Hospitals,Proprietary,1,1.0,,Y,2026-07-31 00:22:03,5,5,1.1735200000000001,975.0,252.0,High
370015,HILLCREST HOSPITAL PRYOR,111 NORTH BAILEY STREET,PRYOR,MAYES,OK,74361,(918) 825-1600,Acute Care Hospitals,Proprietary,1,4.0,,,2026-07-31 00:22:03,2,1,0.9579,0.0,0.0,Low
370016,INTEGRIS HEALTH ENID HOSPITAL,600 SOUTH MONROE,ENID,GARFIELD,OK,73701,(580) 233-2300,Acute Care Hospitals,Voluntary non-profit - Private,1,3.0,,Y,2026-07-31 00:22:03,4,0,0.9828,380.0,56.0,Low
370018,ASCENSION ST JOHN JANE PHILLIPS,3500 EAST FRANK PHILLIPS BOULEVARD,BARTLESVILLE,WASHINGTON,OK,74006,(918) 333-7200,Acute Care Hospitals,Voluntary non-profit - Private,1,3.0,29,Y,2026-07-31 00:22:03,5,2,0.9690200000000001,445.0,74.0,Medium
370019,GREAT PLAINS REGIONAL MEDICAL CENTER,1801 WEST 3RD STREET,ELK CITY,BECKHAM,OK,73644,(580) 225-2511,Acute Care Hospitals,Voluntary non-profit - Private,1,2.0,,Y,2026-07-31 00:22:03,3,1,1.1649666666666667,104.0,14.0,Low
370020,MERCY HOSPITAL ADA,430 NORTH MONTE VISTA,ADA,PONTOTOC,OK,74820,(580) 332-2323,Acute Care Hospitals,Voluntary non-profit - Private,1,4.0,,Y,2026-07-31 00:22:03,4,4,1.0392000000000001,539.0,109.0,High
370022,JACKSON COUNTY MEMORIAL HOSPITAL AUTHORITY,1200 EAST PECAN ST,ALTUS,JACKSON,OK,73521,(580) 379-5500,Acute Care Hospitals,Voluntary non-profit - Other,1,3.0,,Y,2026-07-31 00:22:03,4,1,0.97775,445.0,34.0,Low
370023,"DUNCAN REGIONAL HOSPITAL, INC",1407 WHISENANT DRIVE,DUNCAN,STEPHENS,OK,73533,(580) 252-5300,Acute Care Hospitals,Voluntary non-profit - Private,1,3.0,,Y,2026-07-31 00:22:03,5,1,0.96546,804.0,123.0,Low
370025,SAINT FRANCIS HOSPITAL MUSKOGEE,300 ROCKEFELLER DRIVE,MUSKOGEE,MUSKOGEE,OK,74401,(918) 682-5501,Acute Care Hospitals,Voluntary non-profit - Private,1,3.0,,Y,2026-07-31 00:22:03,5,4,1.11958,1122.0,226.0,High
370026,ST MARY'S REGIONAL MEDICAL CENTER,305 SOUTH 5TH STREET,ENID,GARFIELD,OK,73701,(580) 233-6100,Acute Care Hospitals,Proprietary,1,3.0,,Y,2026-07-31 00:22:03,5,1,0.94062,461.0,67.0,Low
370028,"INTEGRIS BAPTIST MEDICAL CENTER, INC",3300 NORTHWEST EXPRESSWAY,OKLAHOMA CITY,OKLAHOMA,OK,73112,(405) 949-3011,Acute Care Hospitals,Voluntary non-profit - Private,1,3.0,,Y,2026-07-31 00:22:03,6,2,0.9861833333333333,2193.0,348.0,Medium
370034,MCALESTER REGIONAL HEALTH CENTER,ONE CLARK BASS BOULEVARD,MCALESTER,PITTSBURG,OK,74501,(918) 426-1800,Acute Care Hospitals,Government - Hospital District or Authority,1,3.0,,Y,2026-07-31 00:22:03,5,3,0.9774799999999999,391.0,62.0,Medium
370037,SSM HEALTH ST ANTHONY HOSPITAL - OKLAHOMA CITY,1000 NORTH LEE AVENUE,OKLAHOMA CITY,OKLAHOMA,OK,73101,(405) 272-7000,Acute Care Hospitals,Voluntary non-profit - Church,1,4.0,,Y,2026-07-31 00:22:03,6,0,0.9033333333333333,1923.0,204.0,Low
370039,HILLCREST HOSPITAL CLAREMORE,1202 N MUSKOGEE PLACE,CLAREMORE,ROGERS,OK,74017,(918) 341-2556,Acute Care Hospitals,Proprietary,1,4.0,,Y,2026-07-31 00:22:03,3,0,0.9346333333333333,123.0,11.0,Low
370047,"MERCY HOSPITAL ARDMORE, INC",1011 14TH AVE NW,ARDMORE,CARTER,OK,73401,(580) 223-5400,Acute Care Hospitals,Voluntary non-profit - Church,1,4.0,,Y,2026-07-31 00:22:03,4,3,1.01315,875.0,173.0,Medium
370049,STILLWATER MEDICAL CENTER,1323 WEST 6TH STREET,STILLWATER,PAYNE,OK,74076,(405) 372-1480,Acute Care Hospitals,Government - Hospital District or Authority,1,4.0,,Y,2026-07-31 00:22:03,5,3,0.9928000000000001,1041.0,130.0,Medium
370054,GRADY MEMORIAL HOSPITAL,2220 IOWA STREET,CHICKASHA,GRADY,OK,73018,(405) 224-2300,Acute Care Hospitals,Government - Hospital District or Authority,1,2.0,,,2026-07-31 00:22:03,4,0,0.951025,71.0,11.0,Low
370056,MEMORIAL HEALTH,3401 WEST GORE BLVD,LAWTON,COMANCHE,OK,73505,(580) 355-8620,Acute Care Hospitals,Government - Hospital District or Authority,1,2.0,,Y,2026-07-31 00:22:03,6,5,1.0712333333333335,1438.0,305.0,High
370057,MUSCOGEE (CREEK) NATION MEDICAL CENTER,1401 MORRIS DRIVE,OKMULGEE,OKMULGEE,OK,74447,(918) 756-4233,Acute Care Hospitals,Tribal,1,,16,,2026-07-31 00:22:03,1,0,0.9651,0.0,0.0,Low
370078,OKLAHOMA STATE UNIVERSITY MEDICAL CENTER,744 WEST 9TH STREET,TULSA,TULSA,OK,74127,(918) 599-1000,Acute Care Hospitals,Government - Hospital District or Authority,1,2.0,,Y,2026-07-31 00:22:03,5,4,1.0327,352.0,70.0,High
370083,PUSHMATAHA HOSPITAL,510 EAST MAIN STREET,ANTLERS,PUSHMATAHA,OK,74523,(580) 298-3341,Acute Care Hospitals,Government - Hospital District or Authority,1,3.0,,,2026-07-31 00:22:03,3,1,0.9965999999999999,0.0,0.0,Low
370089,NORTHEASTERN HEALTH SYSTEM,1400 EAST DOWNING STREET,TAHLEQUAH,CHEROKEE,OK,74465,(918) 456-0641,Acute Care Hospitals,Government - Hospital District or Authority,1,2.0,,Y,2026-07-31 00:22:03,5,4,1.04116,401.0,82.0,High
370091,"SAINT FRANCIS HOSPITAL, INC",6161 SOUTH YALE,TULSA,TULSA,OK,74136,(918) 494-8467,Acute Care Hospitals,Voluntary non-profit - Private,1,5.0,,Y,2026-07-31 00:22:03,6,1,0.9468,3139.0,491.0,Low
370093,O U MEDICAL CENTER,700 NE 13TH STREET,OKLAHOMA CITY,OKLAHOMA,OK,73104,(405) 271-5911,Acute Care Hospitals,Voluntary non-profit - Private,1,2.0,,Y,2026-07-31 00:22:03,5,2,0.99888,852.0,160.0,Medium
370094,SSM HEALTH ST ANTHONY HOSPITAL - MIDWEST,2825 PARKLAWN DRIVE,MIDWEST CITY,OKLAHOMA,OK,73110,(405) 610-4411,Acute Care Hospitals,Voluntary non-profit - Private,1,2.0,,,2026-07-31 00:22:03,5,4,1.12954,618.0,125.0,High
370097,SOUTHWESTERN MEDICAL CENTER,5602 SOUTHWEST LEE BOULEVARD,LAWTON,COMANCHE,OK,73505,(405) 531-4701,Acute Care Hospitals,Proprietary,1,2.0,,Y,2026-07-31 00:22:03,3,1,1.0217,257.0,47.0,Low
370099,HILLCREST HOSPITAL CUSHING,1027 EAST CHERRY STREET,CUSHING,PAYNE,OK,74023,(918) 225-8152,Acute Care Hospitals,Proprietary,1,4.0,,,2026-07-31 00:22:03,2,0,0.97955,0.0,0.0,Low
370100,CHOCTAW MEMORIAL HOSPITAL,1405 EAST KIRK ROAD,HUGO,CHOCTAW,OK,74743,(580) 317-9500,Acute Care Hospitals,Voluntary non-profit - Other,1,1.0,,,2026-07-31 00:22:03,3,2,1.0093333333333334,51.0,13.0,Medium
370106,INTEGRIS SOUTHWEST MEDICAL CENTER,4401 SOUTH WESTERN AVENUE,OKLAHOMA CITY,OKLAHOMA,OK,73109,(405) 636-7000,Acute Care Hospitals,Voluntary non-profit - Private,1,2.0,,Y,2026-07-31 00:22:03,5,2,1.00048,895.0,158.0,Medium
370112,SEQUOYAH COUNTY-CITY OF SALLISAW HOSPITAL AUTHORIT,213 EAST REDWOOD,SALLISAW,SEQUOYAH,OK,74955,(918) 774-1100,Acute Care Hospitals,Government - Local,1,3.0,,,2026-07-31 00:22:03,2,0,0.9717,0.0,0.0,Low
370113,INTEGRIS GROVE HOSPITAL,1001 EAST 18TH STREET,GROVE,DELAWARE,OK,74344,(918) 786-2243,Acute Care Hospitals,Voluntary non-profit - Private,1,4.0,,Y,2026-07-31 00:22:03,3,1,0.9865,181.0,26.0,Low
370114,ASCENSION ST JOHN MEDICAL CENTER,1923 SOUTH UTICA AVENUE,TULSA,TULSA,OK,74104,(918) 744-2296,Acute Care Hospitals,Voluntary non-profit - Private,1,3.0,29,Y,2026-07-31 00:22:03,5,2,0.9491399999999999,1280.0,205.0,Medium
370149,SSM HEALTH ST ANTHONY HOSPITAL - SHAWNEE,1102 W MACARTHUR,SHAWNEE,POTTAWATOMIE,OK,74801,(405) 273-2270,Acute Care Hospitals,Voluntary non-profit - Private,1,3.0,,Y,2026-07-31 00:22:03,5,2,0.97636,334.0,49.0,Medium
370158,PURCELL MUNICIPAL HOSPITAL,1500 NORTH GREEN AVENUE,PURCELL,MCCLAIN,OK,73080,(405) 527-6524,Acute Care Hospitals,Government - Local,1,3.0,,,2026-07-31 00:22:03,2,2,1.00855,0.0,0.0,Medium
370166,WAGONER COMMUNITY HOSPITAL,1200 WEST CHEROKEE STREET,WAGONER,WAGONER,OK,74467,(918) 485-5514,Acute Care Hospitals,Government - Hospital District or Authority,1,2.0,,,2026-07-31 00:22:03,2,1,0.9915499999999999,0.0,0.0,Low
370171,CHEROKEE NATION W W HASTINGS INDIAN HOSPITAL,100 S BLISS AVENUE,TAHLEQUAH,CHEROKEE,OK,74464,(918) 458-3100,Acute Care Hospitals,Voluntary non-profit - Other,1,3.0,,Y,2026-07-31 00:22:03,4,2,1.015825,224.0,37.0,Medium
370172,CHOCTAW NATION HEALTH SERVICES AUTHORITY,1 CHOCTAW WAY,TALIHINA,LATIMER,OK,74571,(918) 567-7000,Acute Care Hospitals,Tribal,1,,16,Y,2026-07-31 00:22:03,2,0,0.9638,0.0,0.0,Low
370178,MEMORIAL HOSPITAL,1401 WEST LOCUST,STILWELL,ADAIR,OK,74960,(918) 696-3101,Acute Care Hospitals,Voluntary non-profit - Private,1,4.0,,,2026-07-31 00:22:03,2,0,0.9863500000000001,0.0,0.0,Low
370180,CHICKASAW NATION MEDICAL CENTER,1921 STONECIPHER BLVD,ADA,PONTOTOC,OK,74820,(580) 436-3980,Acute Care Hospitals,Voluntary non-profit - Other,1,5.0,,Y,2026-07-31 00:22:03,3,1,0.9627333333333334,0.0,0.0,Low
370183,HILLCREST HOSPITAL HENRYETTA,2401 W MAIN,HENRYETTA,OKMULGEE,OK,74437,(918) 650-1511,Acute Care Hospitals,Proprietary,1,,16,,2026-07-31 00:22:03,1,1,1.0356,0.0,0.0,Low
370201,SURGICAL HOSPITAL OF OKLAHOMA,100 SOUTHEAST 59TH STREET,OKLAHOMA CITY,OKLAHOMA,OK,73129,(405) 634-9300,Acute Care Hospitals,Physician,1,,16,,2026-07-31 00:22:03,1,0,0.9407,0.0,0.0,Low
370202,HILLCREST HOSPITAL SOUTH,8801 SOUTH 101ST EAST AVENUE,TULSA,TULSA,OK,74133,(918) 294-4499,Acute Care Hospitals,Proprietary,1,3.0,,Y,2026-07-31 00:22:03,5,2,1.0211999999999999,1018.0,167.0,Medium
370203,"COMMUNITY HOSPITAL, LLC",3100 SOUTHWEST 89TH STREET,OKLAHOMA CITY,OKLAHOMA,OK,73159,(405) 602-8100,Acute Care Hospitals,Physician,1,4.0,,,2026-07-31 00:22:03,1,1,1.0208,0.0,0.0,Low
370210,"OKLAHOMA SURGICAL HOSPITAL, LLC","2408 EAST 81ST STREET, SUITE 300",TULSA,TULSA,OK,74137,(918) 477-5000,Acute Care Hospitals,Physician,1,5.0,,,2026-07-31 00:22:03,1,0,0.7393,732.0,22.0,Low
370211,INTEGRIS CANADIAN VALLEY HOSPITAL,1201 HEALTH CENTER PARKWAY,YUKON,CANADIAN,OK,73099,(405) 717-6800,Acute Care Hospitals,Voluntary non-profit - Private,1,4.0,,Y,2026-07-31 00:22:03,3,1,0.9798333333333332,350.0,50.0,Low
370212,OKLAHOMA CENTER FOR ORTHOPAEDIC & MULTI-SP,8100 SOUTH WALKER BLDG C,OKLAHOMA CITY,OKLAHOMA,OK,73139,(405) 602-6500,Acute Care Hospitals,Physician,1,,16,,2026-07-31 00:22:03,1,1,1.0631,0.0,0.0,Low
370215,"OKLAHOMA HEART HOSPITAL, LLC",4050 WEST MEMORIAL ROAD,OKLAHOMA CITY,OKLAHOMA,OK,73120,(405) 608-3200,Acute Care Hospitals,Physician,1,4.0,,,2026-07-31 00:22:03,5,3,1.00702,2930.0,414.0,Medium
370216,TULSA SPINE & SPECIALTY HOSPITAL,6901 SOUTH OLYMPIA AVENUE,TULSA,TULSA,OK,74132,(918) 388-5701,Acute Care Hospitals,Proprietary,1,,16,,2026-07-31 00:22:03,1,1,1.0973,0.0,0.0,Low
370218,"SAINT FRANCIS HOSPITAL SOUTH, LLC",10501 EAST 91ST STREET SOUTH,TULSA,TULSA,OK,74133,(918) 307-6010,Acute Care Hospitals,Voluntary non-profit - Private,1,5.0,,Y,2026-07-31 00:22:03,5,4,1.08156,668.0,109.0,High
370220,ONECORE HEALTH,100 NE 85TH STREET,OKLAHOMA CITY,OKLAHOMA,OK,73114,(405) 631-3085,Acute Care Hospitals,Proprietary,1,,16,,2026-07-31 00:22:03,1,1,1.0437,0.0,0.0,Low
370222,MCBRIDE ORTHOPEDIC HOSPITAL,9600 NORTH BROADWAY EXTENSION,OKLAHOMA CITY,OKLAHOMA,OK,73114,(405) 486-2100,Acute Care Hospitals,Physician,1,,16,,2026-07-31 00:22:03,1,0,0.6014,1199.0,24.0,Low
370227,ST JOHN OWASSO,12451 EAST 100TH STREET NORTH,OWASSO,TULSA,OK,74055,(918) 274-5100,Acute Care Hospitals,Voluntary non-profit - Private,1,5.0,29,Y,2026-07-31 00:22:03,2,0,0.9439,0.0,0.0,Low
370228,"BAILEY MEDICAL CENTER, LLC",10502 NORTH 110TH EAST AVENUE,OWASSO,TULSA,OK,74055,(918) 376-8000,Acute Care Hospitals,Proprietary,1,5.0,,Y,2026-07-31 00:22:03,3,0,0.9635333333333334,0.0,0.0,Low
370234,"OKLAHOMA HEART HOSPITAL SOUTH, LLC",5200 EAST I-240 SERVICE ROAD,OKLAHOMA CITY,OKLAHOMA,OK,73135,(405) 628-6000,Acute Care Hospitals,Physician,1,5.0,,,2026-07-31 00:22:03,4,0,0.933825,1100.0,165.0,Low
370235,ASCENSION ST JOHN BROKEN ARROW,1000 WEST BOISE CIRCLE,BROKEN ARROW,TULSA,OK,74012,(918) 994-8100,Acute Care Hospitals,Voluntary non-profit - Private,1,4.0,29,,2026-07-31 00:22:03,3,1,0.9838333333333334,0.0,0.0,Low
370236,INTEGRIS HEALTH EDMOND HOSPITAL,4801 INTEGRIS PARKWAY,EDMOND,OKLAHOMA,OK,73034,(405) 657-3000,Acute Care Hospitals,Voluntary non-profit - Private,1,2.0,,Y,2026-07-31 00:22:03,4,1,0.961875,457.0,61.0,Low
370237,"SAINT FRANCIS HOSPITAL VINITA, INC",735 NORTH FOREMAN STREET,VINITA,CRAIG,OK,74301,(918) 256-7551,Acute Care Hospitals,Voluntary non-profit - Private,1,3.0,,,2026-07-31 00:22:03,2,1,1.03455,210.0,38.0,Low
370240,INTEGRIS COMMUNITY HOSPITAL - COUNCIL CROSSING,9417 N COUNCIL ROAD,OKLAHOMA CITY,OKLAHOMA,OK,73162,(405) 550-3280,Acute Care Hospitals,Proprietary,0,,16,,2026-07-31 00:22:03,1,1,1.0111,0.0,0.0,Low
380001,MID-COLUMBIA MEDICAL CENTER,1700 E 19TH STREET,THE DALLES,WASCO,OR,97058,(541) 296-1111,Acute Care Hospitals,Voluntary non-profit - Other,1,4.0,,Y,2026-07-31 00:22:03,3,0,0.9544333333333332,93.0,13.0,Low
380002,ASANTE THREE RIVERS MEDICAL CENTER,500 SW RAMSEY AVENUE,GRANTS PASS,JOSEPHINE,OR,97527,(541) 472-7000,Acute Care Hospitals,Voluntary non-profit - Other,1,3.0,,Y,2026-07-31 00:22:03,4,0,0.9378249999999999,365.0,39.0,Low
380004,PROVIDENCE ST VINCENT MEDICAL CENTER,9205 SW BARNES ROAD,PORTLAND,WASHINGTON,OR,97225,(503) 216-1234,Acute Care Hospitals,Voluntary non-profit - Private,1,4.0,,Y,2026-07-31 00:22:03,6,2,0.9649666666666666,1657.0,236.0,Medium
380005,ASANTE ASHLAND COMMUNITY HOSPITAL,280 MAPLE STREET,ASHLAND,JACKSON,OR,97520,(541) 482-2441,Acute Care Hospitals,Government - Local,1,,16,Y,2026-07-31 00:22:03,2,0,0.9661,0.0,0.0,Low
380007,LEGACY EMANUEL MEDICAL CENTER,2801 N GANTENBEIN AVENUE,PORTLAND,MULTNOMAH,OR,97227,(503) 413-2200,Acute Care Hospitals,Voluntary non-profit - Private,1,3.0,,Y,2026-07-31 00:22:03,5,1,0.9610200000000001,245.0,43.0,Low
380009,OHSU HOSPITAL AND CLINICS,3181 SW SAM JACKSON PARK ROAD,PORTLAND,MULTNOMAH,OR,97239,(503) 494-9000,Acute Care Hospitals,Voluntary non-profit - Other,1,3.0,,Y,2026-07-31 00:22:03,5,2,0.98866,517.0,87.0,Medium
380014,GOOD SAMARITAN REGIONAL MEDICAL CENTER,3600 NW SAMARITAN DRIVE,CORVALLIS,BENTON,OR,97339,(541) 768-5111,Acute Care Hospitals,Voluntary non-profit - Private,1,3.0,,Y,2026-07-31 00:22:03,6,2,0.9640833333333333,597.0,74.0,Medium
380017,LEGACY GOOD SAMARITAN MEDICAL CENTER,"1015 NW 22ND AVENUE, W121",PORTLAND,MULTNOMAH,OR,97210,(503) 413-7682,Acute Care Hospitals,Voluntary non-profit - Private,1,4.0,,Y,2026-07-31 00:22:03,5,2,0.9484,287.0,56.0,Medium
380018,ASANTE ROGUE REGIONAL MEDICAL CENTER,2825 E BARNETT ROAD,MEDFORD,JACKSON,OR,97504,(541) 789-7000,Acute Care Hospitals,Voluntary non-profit - Private,1,4.0,,Y,2026-07-31 00:22:03,5,0,0.88164,1303.0,121.0,Low
380020,MCKENZIE-WILLAMETTE MEDICAL CENTER,1460 G STREET,SPRINGFIELD,LANE,OR,97477,(541) 726-4402,Acute Care Hospitals,Voluntary non-profit - Private,1,4.0,,Y,2026-07-31 00:22:03,6,3,0.9718166666666667,249.0,35.0,Medium
380021,HILLSBORO MEDICAL CENTER,335 SE 8TH AVENUE,HILLSBORO,WASHINGTON,OR,97123,(503) 681-1111,Acute Care Hospitals,Voluntary non-profit - Private,1,3.0,,Y,2026-07-31 00:22:03,4,1,0.974925,253.0,39.0,Low
380022,SAMARITAN ALBANY GENERAL HOSPITAL,1046 6TH AVENUE SW,ALBANY,LINN,OR,97321,(541) 812-4000,Acute Care Hospitals,Voluntary non-profit - Church,1,4.0,,Y,2026-07-31 00:22:03,4,0,0.9401999999999999,0.0,0.0,Low
380025,LEGACY MOUNT HOOD MEDICAL CENTER,24800 SE STARK STREET,GRESHAM,MULTNOMAH,OR,97030,(503) 674-1122,Acute Care Hospitals,Voluntary non-profit - Private,1,3.0,,Y,2026-07-31 00:22:03,3,0,0.9778666666666668,283.0,46.0,Low
380027,MERCY MEDICAL CENTER,2700 NW STEWART PARKWAY,ROSEBURG,DOUGLAS,OR,97471,(541) 673-0611,Acute Care Hospitals,Government - Hospital District or Authority,1,4.0,,Y,2026-07-31 00:22:03,4,0,0.8791,573.0,56.0,Low
380029,LEGACY SILVERTON MEDICAL CENTER,342 FAIRVIEW STREET,SILVERTON,MARION,OR,97381,(503) 873-1500,Acute Care Hospitals,Voluntary non-profit - Private,1,,16,Y,2026-07-31 00:22:03,1,1,1.004,0.0,0.0,Low
380037,PROVIDENCE NEWBERG MEDICAL CENTER,1001 PROVIDENCE DRIVE,NEWBERG,YAMHILL,OR,97132,(503) 537-1555,Acute Care Hospitals,Voluntary non-profit - Church,1,4.0,,Y,2026-07-31 00:22:03,2,0,0.91305,137.0,11.0,Low
380038,PROVIDENCE WILLAMETTE FALLS MEDICAL CENTER,1500 DIVISION STREET,OREGON CITY,CLACKAMAS,OR,97045,(503) 656-1631,Acute Care Hospitals,Voluntary non-profit - Private,1,4.0,,Y,2026-07-31 00:22:03,3,2,1.024,246.0,33.0,Medium
380047,ST CHARLES MEDICAL CENTER - BEND,2500 NE NEFF ROAD,BEND,DESCHUTES,OR,97701,(541) 382-4321,Acute Care Hospitals,Voluntary non-profit - Private,1,4.0,,Y,2026-07-31 00:22:03,6,0,0.9184833333333332,1619.0,194.0,Low
380050,SKY LAKES MEDICAL CENTER,2865 DAGGETT AVENUE,KLAMATH FALLS,KLAMATH,OR,97601,(541) 882-6311,Acute Care Hospitals,Voluntary non-profit - Private,1,2.0,,,2026-07-31 00:22:03,5,2,0.9268599999999999,485.0,70.0,Medium
380051,SALEM HOSPITAL,"890 OAK STREET, SE",SALEM,MARION,OR,97301,(503) 561-5200,Acute Care Hospitals,Voluntary non-profit - Other,1,3.0,,Y,2026-07-31 00:22:03,6,0,0.93365,1433.0,220.0,Low
380052,SAINT ALPHONSUS MEDICAL CENTER ONTARIO,351 SW 9TH STREET,ONTARIO,MALHEUR,OR,97914,(541) 881-7000,Acute Care Hospitals,Voluntary non-profit - Church,1,2.0,,Y,2026-07-31 00:22:03,3,1,0.9963666666666665,57.0,12.0,Low
380056,SANTIAM HOSPITAL & CLINICS,1401 N 10TH AVENUE,STAYTON,MARION,OR,97383,(503) 769-2175,Acute Care Hospitals,Voluntary non-profit - Private,1,,16,,2026-07-31 00:22:03,1,0,0.9932,0.0,0.0,Low
380060,ADVENTIST HEALTH PORTLAND,10123 SE MARKET STREET,PORTLAND,MULTNOMAH,OR,97216,(503) 257-2500,Acute Care Hospitals,Voluntary non-profit - Church,1,4.0,,Y,2026-07-31 00:22:03,5,1,0.9554199999999999,571.0,80.0,Low
380061,PROVIDENCE PORTLAND MEDICAL CENTER,4805 NE GLISAN STREET,PORTLAND,MULTNOMAH,OR,97213,(503) 215-1111,Acute Care Hospitals,Voluntary non-profit - Private,1,4.0,,Y,2026-07-31 00:22:03,5,0,0.9550599999999999,679.0,92.0,Low
380071,WILLAMETTE VALLEY MEDICAL CENTER,2700 SE STRATUS AVE.,MCMINNVILLE,YAMHILL,OR,97128,(503) 472-6131,Acute Care Hospitals,Voluntary non-profit - Private,1,2.0,,Y,2026-07-31 00:22:03,4,1,0.991225,310.0,47.0,Low
380075,PROVIDENCE MEDFORD MEDICAL CENTER,1111 CRATER LAKE AVENUE,MEDFORD,JACKSON,OR,97504,(541) 732-5000,Acute Care Hospitals,Voluntary non-profit - Church,1,2.0,,Y,2026-07-31 00:22:03,5,2,1.03166,381.0,58.0,Medium
380082,PROVIDENCE MILWAUKIE HOSPITAL,10150 SE 32ND AVENUE,MILWAUKIE,CLACKAMAS,OR,97222,(503) 513-8300,Acute Care Hospitals,Voluntary non-profit - Church,0,3.0,,,2026-07-31 00:22:03,2,1,0.97865,113.0,15.0,Low
380089,LEGACY MERIDIAN PARK MEDICAL CENTER,19300 SW 65TH AVENUE,TUALATIN,WASHINGTON,OR,97062,(503) 692-1212,Acute Care Hospitals,Voluntary non-profit - Private,1,2.0,,Y,2026-07-31 00:22:03,5,2,1.03222,355.0,51.0,Medium
380090,BAY AREA HOSPITAL,1775 THOMPSON ROAD,COOS BAY,COOS,OR,97420,(541) 269-8111,Acute Care Hospitals,Government - Hospital District or Authority,1,2.0,,,2026-07-31 00:22:03,5,4,1.0125600000000001,1026.0,180.0,High
380091,KAISER SUNNYSIDE MEDICAL CENTER,10180 SE SUNNYSIDE ROAD,CLACKAMAS,CLACKAMAS,OR,97015,(503) 652-2880,Acute Care Hospitals,Voluntary non-profit - Other,1,4.0,,Y,2026-07-31 00:22:03,3,0,0.9509333333333334,0.0,0.0,Low
380102,SACRED HEART MEDICAL CENTER - RIVERBEND,3333 RIVERBEND DRIVE,SPRINGFIELD,LANE,OR,97477,(541) 222-7300,Acute Care Hospitals,Voluntary non-profit - Private,1,4.0,,Y,2026-07-31 00:22:03,6,0,0.9106666666666667,1813.0,206.0,Low
380103,KAISER FOUNDATION HOSPITAL WESTSIDE,2875 NW STUCKI AVE,HILLSBORO,WASHINGTON,OR,97124,(971) 310-0100,Acute Care Hospitals,Voluntary non-profit - Private,1,4.0,,Y,2026-07-31 00:22:03,2,0,0.9879,0.0,0.0,Low
390001,GEISINGER-COMMUNITY MEDICAL CENTER,1822 MULBERRY STREET,SCRANTON,LACKAWANNA,PA,18510,(570) 703-8000,Acute Care Hospitals,Voluntary non-profit - Private,1,2.0,,Y,2026-07-31 00:22:03,6,4,1.0391333333333332,1480.0,265.0,High
390002,UPMC MCKEESPORT HOSPITAL,1500 FIFTH AVENUE,MC KEESPORT,ALLEGHENY,PA,15132,(412) 664-2000,Acute Care Hospitals,Voluntary non-profit - Private,1,3.0,,,2026-07-31 00:22:03,3,1,1.0008333333333332,139.0,25.0,Low
390003,GEISINGER-BLOOMSBURG HOSPITAL,549 EAST FAIR STREET,BLOOMSBURG,COLUMBIA,PA,17815,(570) 387-2118,Acute Care Hospitals,Voluntary non-profit - Private,1,4.0,,Y,2026-07-31 00:22:03,3,1,0.9921666666666665,74.0,14.0,Low
390004,PENN STATE HEALTH HOLY SPIRIT MEDICAL CENTER,503 NORTH 21ST STREET,CAMP HILL,CUMBERLAND,PA,17011,(717) 763-2100,Acute Care Hospitals,Voluntary non-profit - Private,1,3.0,,,2026-07-31 00:22:03,6,4,1.01435,801.0,146.0,High
390006,GEISINGER MEDICAL CENTER,100 NORTH ACADEMY AVENUE,DANVILLE,MONTOUR,PA,17822,(570) 271-6211,Acute Care Hospitals,Voluntary non-profit - Private,1,4.0,,Y,2026-07-31 00:22:03,6,3,0.9827500000000001,1738.0,307.0,Medium
390009,SAINT VINCENT HOSPITAL,232 WEST 25TH STREET,ERIE,ERIE,PA,16544,(814) 452-5111,Acute Care Hospitals,Voluntary non-profit - Private,1,4.0,,Y,2026-07-31 00:22:03,6,2,0.9922333333333334,1116.0,189.0,Medium
390012,JEFFERSON LANSDALE HOSPITAL,100 MEDICAL CAMPUS DRIVE,LANSDALE,MONTGOMERY,PA,19446,(215) 368-2100,Acute Care Hospitals,Voluntary non-profit - Private,1,3.0,,,2026-07-31 00:22:03,3,3,1.0412,809.0,149.0,Medium
390013,WELLSPAN EVANGELICAL COMMUNITY HOSPITAL,ONE HOSPITAL DRIVE,LEWISBURG,UNION,PA,17837,(570) 522-2000,Acute Care Hospitals,Voluntary non-profit - Private,1,4.0,,Y,2026-07-31 00:22:03,5,1,0.9571999999999999,644.0,84.0,Low
390016,UPMC JAMESON,1211 WILMINGTON AVENUE,NEW CASTLE,LAWRENCE,PA,16105,(724) 656-4100,Acute Care Hospitals,Voluntary non-profit - Other,1,3.0,,,2026-07-31 00:22:03,4,2,0.985,366.0,74.0,Medium
390026,TEMPLE HEALTH - CHESTNUT HILL HOSPITAL,8835 GERMANTOWN AVENUE,PHILADELPHIA,PHILADELPHIA,PA,19118,(215) 248-8200,Acute Care Hospitals,Voluntary non-profit - Private,1,2.0,,,2026-07-31 00:22:03,4,2,1.054,794.0,154.0,Medium
390027,TEMPLE UNIVERSITY HOSPITAL,3401 NORTH BROAD STREET,PHILADELPHIA,PHILADELPHIA,PA,19140,(215) 707-2000,Acute Care Hospitals,Voluntary non-profit - Private,1,4.0,,Y,2026-07-31 00:22:03,6,2,0.9812833333333333,1531.0,311.0,Medium
390028,UPMC MERCY,1400 LOCUST STREET,PITTSBURGH,ALLEGHENY,PA,15219,(412) 232-8111,Acute Care Hospitals,Voluntary non-profit - Private,1,4.0,,,2026-07-31 00:22:03,4,2,0.997325,249.0,45.0,Medium
390030,SCHUYLKILL MEDICAL CENTER - SOUTH JACKSON STREET,420 SOUTH JACKSON STREET,POTTSVILLE,SCHUYLKILL,PA,17901,(570) 621-5102,Acute Care Hospitals,Voluntary non-profit - Private,1,4.0,,Y,2026-07-31 00:22:03,4,1,0.9784999999999999,513.0,89.0,Low
390032,ALLEGHENY VALLEY HOSPITAL,1301 CARLISLE ST,NATRONA,ALLEGHENY,PA,15065,(412) 224-5100,Acute Care Hospitals,Voluntary non-profit - Private,1,4.0,,,2026-07-31 00:22:03,3,2,1.0057,259.0,45.0,Medium
390035,ST LUKE'S HOSPITAL - UPPER BUCKS CAMPUS,3000 ST. LUKE'S DRIVE,QUAKERTOWN,BUCKS,PA,18951,(267) 985-1000,Acute Care Hospitals,Proprietary,1,5.0,,Y,2026-07-31 00:22:03,4,3,1.0144250000000001,475.0,87.0,Medium
390036,HERITAGE VALLEY BEAVER,1000 DUTCH RIDGE ROAD,BEAVER,BEAVER,PA,15009,(412) 728-7000,Acute Care Hospitals,Voluntary non-profit - Private,1,3.0,,,2026-07-31 00:22:03,6,3,1.00175,584.0,89.0,Medium
390037,HERITAGE VALLEY SEWICKLEY,720 BLACKBURN ROAD,SEWICKLEY,ALLEGHENY,PA,15143,(412) 741-6600,Acute Care Hospitals,Voluntary non-profit - Private,1,4.0,,,2026-07-31 00:22:03,4,2,0.9870999999999999,249.0,37.0,Medium
390039,UPMC SOMERSET,225 SOUTH CENTER AVENUE,SOMERSET,SOMERSET,PA,15501,(814) 443-5000,Acute Care Hospitals,Voluntary non-profit - Private,1,4.0,,,2026-07-31 00:22:03,3,1,0.9934,0.0,0.0,Low
390041,UNIONTOWN HOSPITAL,500 WEST BERKELEY STREET,UNIONTOWN,FAYETTE,PA,15401,(724) 430-5000,Acute Care Hospitals,Voluntary non-profit - Private,1,2.0,,,2026-07-31 00:22:03,4,3,1.02505,514.0,100.0,Medium
390042,"WASHINGTON HOSPITAL, THE",155 WILSON AVENUE,WASHINGTON,WASHINGTON,PA,15301,(724) 225-7000,Acute Care Hospitals,Voluntary non-profit - Private,1,4.0,,Y,2026-07-31 00:22:03,6,3,0.9904000000000001,444.0,76.0,Medium
390044,READING HOSPITAL,420 S 5TH AVENUE,WEST READING,BERKS,PA,19611,(610) 988-8000,Acute Care Hospitals,Voluntary non-profit - Private,1,4.0,,Y,2026-07-31 00:22:03,6,4,0.9927999999999999,3354.0,580.0,High
390045,UPMC WILLIAMSPORT,700 HIGH STREET,WILLIAMSPORT,LYCOMING,PA,17701,(570) 321-1000,Acute Care Hospitals,Voluntary non-profit - Private,1,3.0,,Y,2026-07-31 00:22:03,6,3,1.0054666666666667,1102.0,197.0,Medium
390046,WELLSPAN YORK HOSPITAL,1001 SOUTH GEORGE STREET,YORK,YORK,PA,17403,(717) 851-2345,Acute Care Hospitals,Voluntary non-profit - Private,1,4.0,,Y,2026-07-31 00:22:03,5,2,0.98354,2255.0,350.0,Medium
390048,GEISINGER-LEWISTOWN HOSPITAL,400 HIGHLAND AVENUE,LEWISTOWN,MIFFLIN,PA,17044,(717) 248-5411,Acute Care Hospitals,Voluntary non-profit - Private,1,5.0,,Y,2026-07-31 00:22:03,3,1,0.9726333333333333,552.0,88.0,Low
390049,ST LUKES HOSPITAL,801 OSTRUM STREET,BETHLEHEM,NORTHAMPTON,PA,18015,(484) 526-4000,Acute Care Hospitals,Voluntary non-profit - Private,1,5.0,,Y,2026-07-31 00:22:03,6,4,1.0271666666666668,2686.0,466.0,High
390050,ALLEGHENY GENERAL HOSPITAL,320 EAST NORTH AVENUE,PITTSBURGH,ALLEGHENY,PA,15212,(412) 359-3131,Acute Care Hospitals,Voluntary non-profit - Private,1,3.0,,,2026-07-31 00:22:03,6,4,1.0324166666666665,828.0,147.0,High
390056,PENN HIGHLANDS HUNTINGDON,1225 WARM SPRINGS AVE,HUNTINGDON,HUNTINGDON,PA,16652,(814) 643-2290,Acute Care Hospitals,Voluntary non-profit - Private,1,3.0,,,2026-07-31 00:22:03,4,3,1.0141499999999999,163.0,26.0,Medium
390057,ST LUKE'S HOSPITAL - GRAND VIEW CAMPUS,700 LAWN AVENUE,SELLERSVILLE,BUCKS,PA,18960,(215) 453-4000,Acute Care Hospitals,Voluntary non-profit - Other,1,4.0,,Y,2026-07-31 00:22:03,5,2,0.9921,816.0,130.0,Medium
390058,UPMC CARLISLE,361 ALEXANDER SPRING ROAD,CARLISLE,CUMBERLAND,PA,17015,(717) 249-1212,Acute Care Hospitals,Voluntary non-profit - Private,1,4.0,,Y,2026-07-31 00:22:03,4,1,0.9800249999999999,539.0,95.0,Low
390062,CONEMAUGH NASON MEDICAL CENTER,105 NASON DRIVE,ROARING SPRING,BLAIR,PA,16673,(814) 224-2141,Acute Care Hospitals,Voluntary non-profit - Other,1,5.0,,,2026-07-31 00:22:03,3,0,0.9590666666666667,77.0,11.0,Low
390063,UPMC HAMOT,201 STATE STREET,ERIE,ERIE,PA,16550,(814) 877-6000,Acute Care Hospitals,Voluntary non-profit - Private,1,3.0,,Y,2026-07-31 00:22:03,6,3,0.9961833333333333,1325.0,238.0,Medium
390065,GETTYSBURG HOSPITAL,147 GETTYS STREET,GETTYSBURG,ADAMS,PA,17325,(717) 334-2121,Acute Care Hospitals,Voluntary non-profit - Private,1,4.0,,Y,2026-07-31 00:22:03,4,0,0.915775,777.0,97.0,Low
390066,WELLSPAN GOOD SAMARITAN HOSPITAL,252 SOUTH 4TH STREET,LEBANON,LEBANON,PA,17042,(717) 270-7500,Acute Care Hospitals,Voluntary non-profit - Private,1,5.0,,Y,2026-07-31 00:22:03,5,0,0.9222400000000001,605.0,100.0,Low
390067,UPMC PINNACLE HOSPITALS,409 SOUTH SECOND STREET,HARRISBURG,DAUPHIN,PA,17104,(717) 782-3131,Acute Care Hospitals,Voluntary non-profit - Private,1,4.0,,Y,2026-07-31 00:22:03,6,3,1.0273,3193.0,465.0,Medium
390068,UPMC LITITZ,1500 HIGHLANDS DRIVE,LITITZ,LANCASTER,PA,17543,(717) 625-2000,Acute Care Hospitals,Voluntary non-profit - Other,1,4.0,,Y,2026-07-31 00:22:03,4,2,1.0160749999999998,121.0,23.0,Medium
390070,LOWER BUCKS HOSPITAL,501 BATH ROAD,BRISTOL,BUCKS,PA,19007,(215) 785-9200,Acute Care Hospitals,Voluntary non-profit - Private,1,3.0,,,2026-07-31 00:22:03,4,2,1.0201,70.0,18.0,Medium
390073,UPMC ALTOONA,620 HOWARD AVENUE,ALTOONA,BLAIR,PA,16601,(814) 889-2011,Acute Care Hospitals,Voluntary non-profit - Private,1,3.0,,Y,2026-07-31 00:22:03,6,1,0.9676666666666667,932.0,159.0,Low
390079,ROBERT PACKER HOSPITAL,ONE GUTHRIE SQUARE,SAYRE,BRADFORD,PA,18840,(570) 888-6666,Acute Care Hospitals,Voluntary non-profit - Private,1,2.0,,Y,2026-07-31 00:22:03,6,1,0.9456833333333333,1301.0,209.0,Low
390086,PENN HIGHLANDS DUBOIS,100 HOSPITAL AVENUE,DUBOIS,CLEARFIELD,PA,15801,(814) 371-2200,Acute Care Hospitals,Voluntary non-profit - Private,1,2.0,,Y,2026-07-31 00:22:03,6,0,0.9162499999999999,1000.0,146.0,Low
390090,WEST PENN HOSPITAL,4800 FRIENDSHIP AVENUE,PITTSBURGH,ALLEGHENY,PA,15224,(412) 578-5000,Acute Care Hospitals,Voluntary non-profit - Private,1,3.0,,Y,2026-07-31 00:22:03,3,1,0.9809333333333333,63.0,13.0,Low
390091,UPMC NORTHWEST,100 FAIRFIELD DRIVE,SENECA,VENANGO,PA,16346,(814) 676-7600,Acute Care Hospitals,Voluntary non-profit - Other,1,4.0,,Y,2026-07-31 00:22:03,4,2,1.00725,487.0,96.0,Medium
390093,CLARION HOSPITAL,ONE HOSPITAL DRIVE,CLARION,CLARION,PA,16214,(814) 226-9500,Acute Care Hospitals,Voluntary non-profit - Private,1,2.0,,,2026-07-31 00:22:03,3,1,0.9960666666666667,68.0,11.0,Low
390096,PENN STATE HEALTH ST. JOSEPH,2500 BERNVILLE ROAD,READING,BERKS,PA,19605,(610) 378-2000,Acute Care Hospitals,Voluntary non-profit - Private,1,3.0,,Y,2026-07-31 00:22:03,5,2,0.9914399999999999,847.0,154.0,Medium
390097,HOLY REDEEMER HOSPITAL AND MEDICAL CENTER,1648 HUNTINGDON PIKE,MEADOWBROOK,MONTGOMERY,PA,19046,(215) 947-3000,Acute Care Hospitals,Voluntary non-profit - Church,1,3.0,,Y,2026-07-31 00:22:03,5,3,1.02766,1346.0,196.0,Medium
390100,LANCASTER GENERAL HOSPITAL,555 NORTH DUKE STREET,LANCASTER,LANCASTER,PA,17602,(717) 544-5511,Acute Care Hospitals,Voluntary non-profit - Private,1,5.0,,Y,2026-07-31 00:22:03,6,2,0.9655666666666667,3028.0,428.0,Medium
390101,UPMC MEMORIAL,1701 INNOVATION DRIVE,YORK,YORK,PA,17408,(717) 843-8623,Acute Care Hospitals,Voluntary non-profit - Private,1,4.0,,Y,2026-07-31 00:22:03,5,3,1.0301,464.0,80.0,Medium
390102,UPMC ST MARGARET,815 FREEPORT ROAD,PITTSBURGH,ALLEGHENY,PA,15215,(412) 784-4000,Acute Care Hospitals,Voluntary non-profit - Private,1,3.0,,,2026-07-31 00:22:03,4,3,1.1289500000000001,611.0,97.0,Medium
390107,UPMC PASSAVANT,9100 BABCOCK BOULEVARD,PITTSBURGH,ALLEGHENY,PA,15237,(412) 367-6700,Acute Care Hospitals,Voluntary non-profit - Private,1,4.0,,,2026-07-31 00:22:03,6,4,1.0022166666666668,1010.0,176.0,High
390110,CONEMAUGH MEMORIAL MEDICAL CENTER,1086 FRANKLIN STREET,JOHNSTOWN,CAMBRIA,PA,15905,(814) 534-9000,Acute Care Hospitals,Proprietary,1,2.0,,Y,2026-07-31 00:22:03,5,3,1.01708,613.0,127.0,Medium
390111,HOSPITAL OF UNIV OF PENNSYLVANIA,3400 SPRUCE ST,PHILADELPHIA,PHILADELPHIA,PA,19104,(215) 662-6289,Acute Care Hospitals,Voluntary non-profit - Private,1,5.0,,Y,2026-07-31 00:22:03,5,3,1.00496,1463.0,267.0,Medium
390112,CHAN SOON- SHIONG MEDICAL CENTER AT WINDBER,600 SOMERSET AVENUE,WINDBER,SOMERSET,PA,15963,(814) 467-3000,Acute Care Hospitals,Voluntary non-profit - Private,1,2.0,,,2026-07-31 00:22:03,4,4,1.0365,53.0,11.0,High
390113,MEADVILLE MEDICAL CENTER,751 LIBERTY STREET,MEADVILLE,CRAWFORD,PA,16335,(814) 333-5000,Acute Care Hospitals,Voluntary non-profit - Private,1,4.0,,Y,2026-07-31 00:22:03,5,1,0.90678,415.0,68.0,Low
390114,MAGEE WOMENS HOSPITAL OF UPMC HEALTH SYSTEM,300 HALKET STREET,PITTSBURGH,ALLEGHENY,PA,15213,(412) 641-4010,Acute Care Hospitals,Voluntary non-profit - Other,1,4.0,,Y,2026-07-31 00:22:03,3,1,1.0443666666666667,0.0,0.0,Low
390115,JEFFERSON HEALTH- NORTHEAST,10800 KNIGHTS ROAD,PHILADELPHIA,PHILADELPHIA,PA,19114,(215) 612-4000,Acute Care Hospitals,Voluntary non-profit - Private,1,2.0,,,2026-07-31 00:22:03,6,6,1.1096166666666667,2126.0,436.0,High
390116,SUBURBAN COMMUNITY HOSPITAL,2701 DEKALB PIKE,NORRISTOWN,MONTGOMERY,PA,19401,(610) 278-2000,Acute Care Hospitals,Voluntary non-profit - Private,1,4.0,,,2026-07-31 00:22:03,2,1,1.0062,187.0,36.0,Low
390117,UPMC BEDFORD MEMORIAL,10455 LINCOLN HIGHWAY,EVERETT,BEDFORD,PA,15537,(814) 623-6161,Acute Care Hospitals,Voluntary non-profit - Private,1,4.0,,,2026-07-31 00:22:03,3,1,0.9591333333333333,142.0,23.0,Low
390123,POTTSTOWN HOSPITAL,1600 EAST HIGH STREET,POTTSTOWN,MONTGOMERY,PA,19464,(610) 327-7000,Acute Care Hospitals,Voluntary non-profit - Private,1,2.0,,,2026-07-31 00:22:03,5,3,1.01624,612.0,107.0,Medium
390125,WAYNE MEMORIAL HOSPITAL,601 PARK STREET,HONESDALE,WAYNE,PA,18431,(570) 253-8100,Acute Care Hospitals,Voluntary non-profit - Private,1,2.0,,Y,2026-07-31 00:22:03,5,1,1.01948,569.0,74.0,Low
390127,PHOENIXVILLE HOSPITAL,140 NUTT ROAD,PHOENIXVILLE,CHESTER,PA,19460,(610) 983-1000,Acute Care Hospitals,Voluntary non-profit - Private,1,3.0,,Y,2026-07-31 00:22:03,4,4,1.099875,919.0,198.0,High
390133,LEHIGH VALLEY HOSPITAL,1200 SOUTH CEDAR CREST BOULEVARD,ALLENTOWN,LEHIGH,PA,18103,(610) 402-8000,Acute Care Hospitals,Voluntary non-profit - Private,1,4.0,,Y,2026-07-31 00:22:03,6,5,1.0905500000000001,5973.0,1038.0,High
390137,WILKES-BARRE GENERAL HOSPITAL,575 NORTH RIVER STREET,WILKES-BARRE,LUZERNE,PA,18764,(570) 829-8111,Acute Care Hospitals,Proprietary,1,2.0,,,2026-07-31 00:22:03,6,1,0.9740333333333333,1328.0,246.0,Low
390138,WELLSPAN WAYNESBORO HOSPITAL,501 EAST MAIN ST,WAYNESBORO,FRANKLIN,PA,17268,(717) 765-4000,Acute Care Hospitals,Voluntary non-profit - Private,1,4.0,,,2026-07-31 00:22:03,3,1,1.0113666666666667,333.0,57.0,Low
390139,BRYN MAWR HOSPITAL,130 SOUTH BRYN MAWR AVE,BRYN MAWR,MONTGOMERY,PA,19010,(610) 526-3000,Acute Care Hospitals,Voluntary non-profit - Private,1,5.0,,Y,2026-07-31 00:22:03,5,4,1.07318,2090.0,342.0,High
390142,JEFFERSON EINSTEIN PHILADELPHIA HOSPITAL,5501 OLD YORK ROAD,PHILADELPHIA,PHILADELPHIA,PA,19141,(215) 456-6090,Acute Care Hospitals,Voluntary non-profit - Other,1,3.0,,Y,2026-07-31 00:22:03,6,4,1.0106166666666667,589.0,133.0,High
390145,EXCELA HEALTH WESTMORELAND REGIONAL HOSPITAL,532 WEST PITTSBURGH STREET,GREENSBURG,WESTMORELAND,PA,15601,(724) 832-4000,Acute Care Hospitals,Voluntary non-profit - Other,1,3.0,,Y,2026-07-31 00:22:03,6,3,1.0466,1167.0,169.0,Medium
390146,WARREN GENERAL HOSPITAL,2 CRESCENT PARK WEST,WARREN,WARREN,PA,16365,(814) 723-4973,Acute Care Hospitals,Voluntary non-profit - Private,1,3.0,,Y,2026-07-31 00:22:03,4,2,0.987125,204.0,43.0,Medium
390147,PENN HIGHLANDS MON VALLEY,1163 COUNTRY CLUB ROAD,MONONGAHELA,WASHINGTON,PA,15063,(724) 258-1000,Acute Care Hospitals,Voluntary non-profit - Private,1,1.0,,,2026-07-31 00:22:03,4,2,1.0077500000000001,87.0,22.0,Medium
390150,UPMC GREENE,350 BONAR AVENUE,WAYNESBURG,GREENE,PA,15370,(724) 627-2602,Acute Care Hospitals,Voluntary non-profit - Private,1,,16,,2026-07-31 00:22:03,1,0,0.9832,0.0,0.0,Low
390151,WELLSPAN CHAMBERSBURG HOSPITAL,112 NORTH SEVENTH STREET,CHAMBERSBURG,FRANKLIN,PA,17201,(717) 267-3000,Acute Care Hospitals,Voluntary non-profit - Private,1,4.0,,Y,2026-07-31 00:22:03,4,2,0.99745,1539.0,252.0,Medium
390153,PAOLI HOSPITAL,255 WEST LANCASTER AVENUE,PAOLI,CHESTER,PA,19301,(610) 648-1000,Acute Care Hospitals,Voluntary non-profit - Private,1,5.0,,Y,2026-07-31 00:22:03,5,1,0.9642799999999999,1978.0,327.0,Low
390156,MERCY CATHOLIC MEDICAL CENTER- MERCY FITZGERALD,1500 LANSDOWNE  AVE,DARBY,DELAWARE,PA,19023,(215) 237-4000,Acute Care Hospitals,Voluntary non-profit - Private,1,2.0,,,2026-07-31 00:22:03,4,3,1.048575,391.0,98.0,Medium
390160,CANONSBURG GENERAL HOSPITAL,100 MEDICAL BOULEVARD,CANONSBURG,WASHINGTON,PA,15317,(724) 745-6100,Acute Care Hospitals,Voluntary non-profit - Private,1,3.0,,,2026-07-31 00:22:03,2,2,1.0072999999999999,136.0,25.0,Medium
390162,ST LUKE'S HOSPITAL - EASTON CAMPUS,250 SOUTH 21ST STREET,EASTON,NORTHAMPTON,PA,18042,(610) 250-4076,Acute Care Hospitals,Voluntary non-profit - Private,1,4.0,,,2026-07-31 00:22:03,3,1,0.9949333333333333,90.0,16.0,Low
390163,ACMH HOSPITAL,ONE NOLTE DRIVE,KITTANNING,ARMSTRONG,PA,16201,(724) 543-8500,Acute Care Hospitals,Voluntary non-profit - Private,1,3.0,,Y,2026-07-31 00:22:03,3,2,1.0244333333333333,78.0,19.0,Medium
390164,UPMC PRESBYTERIAN SHADYSIDE,200 LOTHROP STREET,PITTSBURGH,ALLEGHENY,PA,15213,(412) 647-2345,Acute Care Hospitals,Voluntary non-profit - Private,1,4.0,,,2026-07-31 00:22:03,6,4,1.0172999999999999,1402.0,265.0,High
390168,INDEPENDENCE HEALTH SYSTEM BUTLER MEMORIAL HOSPITA,ONE HOSPITAL WAY,BUTLER,BUTLER,PA,16001,(724) 284-4403,Acute Care Hospitals,Voluntary non-profit - Private,1,2.0,,Y,2026-07-31 00:22:03,5,3,0.9949199999999999,629.0,95.0,Medium
390173,INDIANA REGIONAL MEDICAL CENTER,835 HOSPITAL ROAD,INDIANA,INDIANA,PA,15701,(724) 357-7000,Acute Care Hospitals,Voluntary non-profit - Private,1,2.0,,Y,2026-07-31 00:22:03,5,3,1.01594,254.0,48.0,Medium
390174,THOMAS JEFFERSON UNIVERSITY HOSPITAL,111 SOUTH 11TH STREET,PHILADELPHIA,PHILADELPHIA,PA,19107,(215) 955-6000,Acute Care Hospitals,Voluntary non-profit - Private,1,3.0,,Y,2026-07-31 00:22:03,6,5,1.1137666666666666,1925.0,337.0,High
390178,UPMC HORIZON,110 NORTH MAIN STREET,GREENVILLE,MERCER,PA,16125,(724) 588-2100,Acute Care Hospitals,Voluntary non-profit - Private,1,4.0,,Y,2026-07-31 00:22:03,4,3,1.015325,227.0,40.0,Medium
390179,CHESTER COUNTY HOSPITAL,701 EAST MARSHALL STREET,WEST CHESTER,CHESTER,PA,19380,(610) 431-5000,Acute Care Hospitals,Voluntary non-profit - Private,1,5.0,,Y,2026-07-31 00:22:03,6,3,0.9958666666666667,2250.0,363.0,Medium
390180,CROZER CHESTER MEDICAL CENTER,ONE MEDICAL CENTER BOULEVARD,UPLAND,DELAWARE,PA,19013,(610) 447-2000,Acute Care Hospitals,Voluntary non-profit - Other,1,1.0,,,2026-07-31 00:22:03,4,2,1.00475,808.0,139.0,Medium
390183,ST LUKE'S MINERS MEMORIAL HOSPITAL,360 W RUDDLE STREET,COALDALE,SCHUYLKILL,PA,18218,(570) 645-2131,Acute Care Hospitals,Voluntary non-profit - Private,1,4.0,,,2026-07-31 00:22:03,3,2,1.0261333333333333,440.0,89.0,Medium
390185,LEHIGH VALLEY HOSPITAL - HAZLETON,700 EAST BROAD STREET,HAZLETON,LUZERNE,PA,18201,(570) 501-4000,Acute Care Hospitals,Voluntary non-profit - Other,1,2.0,,Y,2026-07-31 00:22:03,4,0,0.937,664.0,93.0,Low
390195,MAIN LINE HOSPITAL LANKENAU,100 LANCASTER AVE,WYNNEWOOD,MONTGOMERY,PA,19096,(610) 645-2000,Acute Care Hospitals,Voluntary non-profit - Private,1,4.0,,Y,2026-07-31 00:22:03,6,3,1.0343666666666667,2315.0,377.0,Medium
390198,LECOM MEDICAL CENTER AND BEHAVIORAL HEALTH PAV,5515 PEACH STREET,ERIE,ERIE,PA,16509,(814) 864-4031,Acute Care Hospitals,Voluntary non-profit - Private,1,1.0,,,2026-07-31 00:22:03,2,2,1.0293999999999999,0.0,0.0,Medium
390199,PUNXSUTAWNEY AREA HOSPITAL,81 HILLCREST DRIVE,PUNXSUTAWNEY,JEFFERSON,PA,15767,(814) 938-1800,Acute Care Hospitals,Voluntary non-profit - Private,1,2.0,,Y,2026-07-31 00:22:03,2,1,0.99995,0.0,0.0,Low
390201,LEHIGH VALLEY HOSPITAL - POCONO,206 EAST BROWN STREET,EAST STROUDSBURG,MONROE,PA,18301,(570) 421-4000,Acute Care Hospitals,Voluntary non-profit - Private,1,3.0,,Y,2026-07-31 00:22:03,6,5,1.0639,854.0,145.0,High
390203,DOYLESTOWN HOSPITAL,595 WEST STATE ST,DOYLESTOWN,BUCKS,PA,18901,(215) 345-2200,Acute Care Hospitals,Voluntary non-profit - Private,1,4.0,,Y,2026-07-31 00:22:03,6,5,1.04515,2977.0,457.0,High
390204,NAZARETH HOSPITAL,2601 HOLME AVE,PHILADELPHIA,PHILADELPHIA,PA,19152,(215) 335-6000,Acute Care Hospitals,Voluntary non-profit - Private,1,2.0,,,2026-07-31 00:22:03,4,2,0.981125,597.0,108.0,Medium
390211,SHARON REGIONAL MEDICAL CENTER,740 EAST STATE STREET,SHARON,MERCER,PA,16146,(724) 983-3911,Acute Care Hospitals,Proprietary,1,3.0,,,2026-07-31 00:22:03,5,1,0.99278,301.0,58.0,Low
390217,EXCELA HEALTH - FRICK HOSPITAL,508 SOUTH CHURCH STREET,MOUNT PLEASANT,WESTMORELAND,PA,15666,(724) 547-1500,Acute Care Hospitals,Voluntary non-profit - Other,1,3.0,,,2026-07-31 00:22:03,3,2,0.9890333333333333,163.0,25.0,Medium
390219,EXCELA HEALTH LATROBE HOSPITAL,ONE MELLON WAY,LATROBE,WESTMORELAND,PA,15650,(724) 832-4000,Acute Care Hospitals,Voluntary non-profit - Private,1,4.0,,,2026-07-31 00:22:03,4,0,0.9834,319.0,57.0,Low
390222,RIDDLE MEMORIAL HOSPITAL,1068 WEST BALTIMORE PIKE,MEDIA,DELAWARE,PA,19063,(610) 566-9400,Acute Care Hospitals,Voluntary non-profit - Private,1,4.0,,Y,2026-07-31 00:22:03,5,3,1.0526399999999998,1893.0,267.0,Medium
390223,PENN PRESBYTERIAN MEDICAL CENTER,51 NORTH 39TH STREET,PHILADELPHIA,PHILADELPHIA,PA,19104,(215) 662-8000,Acute Care Hospitals,Voluntary non-profit - Other,1,4.0,,,2026-07-31 00:22:03,6,2,0.9538833333333333,1668.0,194.0,Medium
390225,WELLSPAN EPHRATA COMMUNITY HOSPITAL,169 MARTIN AVENUE,EPHRATA,LANCASTER,PA,17522,(717) 733-0311,Acute Care Hospitals,Voluntary non-profit - Other,1,5.0,,Y,2026-07-31 00:22:03,4,1,0.9359000000000001,410.0,50.0,Low
390226,PENNSYLVANIA HOSPITAL,800 SPRUCE STREET,PHILADELPHIA,PHILADELPHIA,PA,19107,(215) 829-3000,Acute Care Hospitals,Voluntary non-profit - Private,1,4.0,,Y,2026-07-31 00:22:03,5,4,0.9921200000000001,588.0,120.0,High
390228,ST CLAIR HOSPITAL,1000 BOWER HILL ROAD,PITTSBURGH,ALLEGHENY,PA,15243,(412) 942-4000,Acute Care Hospitals,Voluntary non-profit - Private,1,4.0,,Y,2026-07-31 00:22:03,5,3,0.9997199999999999,1148.0,185.0,Medium
390231,JEFFERSON ABINGTON HOSPITAL,1200 OLD YORK ROAD,ABINGTON,MONTGOMERY,PA,19001,(215) 481-2000,Acute Care Hospitals,Voluntary non-profit - Private,1,3.0,,Y,2026-07-31 00:22:03,6,4,1.0549166666666667,2747.0,522.0,High
390233,UPMC HANOVER,300 HIGHLAND AVE,HANOVER,YORK,PA,17331,(717) 637-3711,Acute Care Hospitals,Voluntary non-profit - Private,1,4.0,,Y,2026-07-31 00:22:03,5,1,0.9961399999999999,1010.0,161.0,Low
390237,REGIONAL HOSPITAL OF SCRANTON,746 JEFFERSON AVENUE,SCRANTON,LACKAWANNA,PA,18501,(570) 348-7100,Acute Care Hospitals,Proprietary,1,2.0,,Y,2026-07-31 00:22:03,5,2,1.00916,1710.0,305.0,Medium
390256,MILTON S HERSHEY MEDICAL CENTER,500 UNIVERSITY DRIVE,HERSHEY,DAUPHIN,PA,17033,(717) 531-8521,Acute Care Hospitals,Voluntary non-profit - Private,1,4.0,,Y,2026-07-31 00:22:03,6,3,1.0088000000000001,1128.0,204.0,Medium
390258,ST MARY MEDICAL CENTER,LANGHORNE-NEWTOWN RD,LANGHORNE,BUCKS,PA,19047,(215) 750-2003,Acute Care Hospitals,Voluntary non-profit - Private,1,2.0,,Y,2026-07-31 00:22:03,6,5,1.1069666666666667,2401.0,432.0,High
390265,JEFFERSON HOSPITAL,565 COAL VALLEY ROAD,JEFFERSON HILLS,ALLEGHENY,PA,15025,(412) 469-5000,Acute Care Hospitals,Voluntary non-profit - Private,1,4.0,,Y,2026-07-31 00:22:03,6,4,1.0882666666666667,825.0,145.0,High
390266,GROVE CITY MEDICAL CENTER,631 NORTH BROAD STREET EXT.,GROVE CITY,MERCER,PA,16127,(724) 450-7000,Acute Care Hospitals,Voluntary non-profit - Private,1,4.0,,,2026-07-31 00:22:03,2,1,0.98345,0.0,0.0,Low
390267,FORBES HOSPITAL,2570 HAYMAKER ROAD,MONROEVILLE,ALLEGHENY,PA,15146,(412) 858-2000,Acute Care Hospitals,Voluntary non-profit - Private,1,3.0,,Y,2026-07-31 00:22:03,6,3,1.02185,853.0,168.0,Medium
390268,MOUNT NITTANY MEDICAL CENTER,155 WELLNESS WAY,STATE COLLEGE,CENTRE,PA,16803,(814) 231-7000,Acute Care Hospitals,Voluntary non-profit - Private,1,5.0,,Y,2026-07-31 00:22:03,5,2,1.00564,895.0,155.0,Medium
390270,GEISINGER WYOMING VALLEY MEDICAL CENTER,1000 EAST MOUNTAIN BOULEVARD,WILKES BARRE,LUZERNE,PA,18711,(570) 826-7300,Acute Care Hospitals,Voluntary non-profit - Private,1,4.0,,Y,2026-07-31 00:22:03,6,2,0.9833999999999999,1599.0,292.0,Medium
390304,ROXBOROUGH MEMORIAL HOSPITAL,5800 RIDGE AVE,PHILADELPHIA,PHILADELPHIA,PA,19128,(215) 483-9900,Acute Care Hospitals,Proprietary,1,2.0,,,2026-07-31 00:22:03,2,1,0.98355,151.0,28.0,Low
390307,EDGEWOOD SURGICAL HOSPITAL,239 EDGEWOOD DRIVE EXTENSION,TRANSFER,MERCER,PA,16154,(724) 646-0400,Acute Care Hospitals,Physician,0,,16,,2026-07-31 00:22:03,1,0,0.8259,0.0,0.0,Low
390316,SURGICAL INSTITUTE OF READING,2752 CENTURY BOULEVARD,WYOMISSING,BERKS,PA,19610,(717) 999-9999,Acute Care Hospitals,Physician,0,,16,,2026-07-31 00:22:03,1,1,1.3097,241.0,18.0,Low
390322,ROTHMAN ORTHOPAEDIC SPECIALTY HOSPITAL,3300 TILLMAN DRIVE,BENSALEM,BUCKS,PA,19020,(215) 244-7400,Acute Care Hospitals,Proprietary,0,,16,,2026-07-31 00:22:03,1,0,0.7084,720.0,14.0,Low
390323,ADVANCED SURGICAL HOSPITAL,100 TRICH DRIVE,WASHINGTON,WASHINGTON,PA,15301,(724) 884-0710,Acute Care Hospitals,Physician,0,,16,,2026-07-31 00:22:03,1,0,0.7732,0.0,0.0,Low
390324,PHYSICIANS CARE SURGICAL HOSPITAL,454 ENTERPRISE DRIVE,ROYERSFORD,MONTGOMERY,PA,19468,(610) 495-3330,Acute Care Hospitals,Physician,0,,16,,2026-07-31 00:22:03,1,0,0.7041,0.0,0.0,Low
390325,OSS ORTHOPAEDIC HOSPITAL,1861 POWDER MILL RD,YORK,YORK,PA,17402,(717) 718-2000,Acute Care Hospitals,Proprietary,0,,16,,2026-07-31 00:22:03,1,0,0.6843,811.0,22.0,Low
390328,UPMC EAST,2775 MOSSIDE BOULEVARD,MONROEVILLE,ALLEGHENY,PA,15146,(412) 357-3000,Acute Care Hospitals,Voluntary non-profit - Private,1,4.0,,,2026-07-31 00:22:03,5,4,1.00824,419.0,84.0,High
390329,JEFFERSON EINSTEIN MONTGOMERY HOSPITAL,559 WEST GERMANTOWN PIKE,EAST NORRITON,MONTGOMERY,PA,19403,(484) 662-1000,Acute Care Hospitals,Voluntary non-profit - Private,1,4.0,,Y,2026-07-31 00:22:03,5,3,1.01868,1171.0,227.0,Medium
390330,ST LUKE'S HOSPITAL - MONROE CAMPUS,100 ST LUKE'S LANE,STROUDSBURG,MONROE,PA,18360,(272) 212-1000,Acute Care Hospitals,Voluntary non-profit - Private,1,5.0,,,2026-07-31 00:22:03,5,5,1.09316,838.0,182.0,High
390332,GEISINGER ST. LUKE'S  HOSPITAL,100 PARAMOUNT BOULEVARD,ORWIGSBURG,SCHUYLKILL,PA,17961,(272) 639-4990,Acute Care Hospitals,Voluntary non-profit - Private,0,5.0,,,2026-07-31 00:22:03,3,2,1.0170333333333332,499.0,96.0,Medium
390333,"AHN EMERUS WESTMORELAND, LLC",6321 ROUTE 30,GREENSBURG,WESTMORELAND,PA,15601,(787) 295-4735,Acute Care Hospitals,Proprietary,1,,16,,2026-07-31 00:22:03,1,0,0.9963,0.0,0.0,Low
390334,AHN WEXFORD HOSPITAL,12351 PERRY HIGHWAY,WEXFORD,ALLEGHENY,PA,15090,(412) 295-3319,Acute Care Hospitals,Voluntary non-profit - Private,1,5.0,,Y,2026-07-31 00:22:03,3,1,0.9720333333333334,301.0,51.0,Low
390335,ST LUKE'S HOSPITAL - CARBON CAMPUS,500 ST LUKE'S DRIVE,LEHIGHTON,CARBON,PA,18235,(610) 377-7001,Acute Care Hospitals,Voluntary non-profit - Private,1,5.0,,,2026-07-31 00:22:03,4,4,1.041975,458.0,88.0,High
390336,PENN STATE HEALTH HAMPDEN MEDICAL CENTER,2200 GOOD HOPE ROAD,ENOLA,CUMBERLAND,PA,17025,(717) 981-9000,Acute Care Hospitals,Voluntary non-profit - Private,1,4.0,,Y,2026-07-31 00:22:03,4,2,0.9779,210.0,38.0,Medium
390337,GEISINGER MEDICAL CENTER MUNCY,255 ROUTE 220 HIGHWAY,MUNCY,LYCOMING,PA,17756,(570) 308-2475,Acute Care Hospitals,Voluntary non-profit - Private,1,4.0,,,2026-07-31 00:22:03,2,2,1.01885,0.0,0.0,Medium
390338,LEHIGH VALLEY HOSPITAL - DICKSON CITY,330 MAIN STREET,DICKSON CITY,LACKAWANNA,PA,18519,(570) 330-5000,Acute Care Hospitals,Voluntary non-profit - Private,1,3.0,,,2026-07-31 00:22:03,3,0,0.9834,0.0,0.0,Low
390339,PENN STATE HEALTH LANCASTER MEDICAL CENTER,2160 STATE ROAD,LANCASTER,LANCASTER,PA,17601,(223) 287-9000,Acute Care Hospitals,Voluntary non-profit - Private,1,3.0,,Y,2026-07-31 00:22:03,4,2,0.999175,92.0,18.0,Medium
410004,ROGER WILLIAMS MEDICAL CENTER,825 CHALKSTONE AVENUE,PROVIDENCE,PROVIDENCE,RI,02908,(401) 456-2025,Acute Care Hospitals,Proprietary,1,3.0,,,2026-07-31 00:22:03,3,0,0.9631,204.0,28.0,Low
410005,OUR LADY OF FATIMA HOSPITAL,200 HIGH SERVICE AVENUE,NORTH PROVIDENCE,PROVIDENCE,RI,02904,(401) 456-3000,Acute Care Hospitals,Proprietary,1,3.0,,,2026-07-31 00:22:03,4,2,1.0784,286.0,44.0,Medium
410006,NEWPORT HOSPITAL,11 FRIENDSHIP STREET,NEWPORT,NEWPORT,RI,02840,(401) 846-6400,Acute Care Hospitals,Voluntary non-profit - Private,1,4.0,,Y,2026-07-31 00:22:03,4,0,0.966025,520.0,71.0,Low
410007,RHODE ISLAND HOSPITAL,593 EDDY STREET,PROVIDENCE,PROVIDENCE,RI,02902,(401) 444-4000,Acute Care Hospitals,Voluntary non-profit - Private,1,4.0,,,2026-07-31 00:22:03,5,2,0.95952,1464.0,250.0,Medium
410008,SOUTH COUNTY HOSPITAL INC,100 KENYON AVE,WAKEFIELD,WASHINGTON,RI,02879,(401) 782-8000,Acute Care Hospitals,Voluntary non-profit - Private,1,4.0,,Y,2026-07-31 00:22:03,4,1,0.994725,1071.0,119.0,Low
410009,KENT COUNTY MEMORIAL HOSPITAL,455 TOLL GATE RD,WARWICK,KENT,RI,02886,(401) 737-7010,Acute Care Hospitals,Proprietary,1,3.0,,Y,2026-07-31 00:22:03,5,2,0.9941600000000002,1513.0,275.0,Medium
410011,LANDMARK MEDICAL CENTER,115 CASS AVENUE,WOONSOCKET,PROVIDENCE,RI,02895,(401) 769-4100,Acute Care Hospitals,Voluntary non-profit - Private,1,2.0,,Y,2026-07-31 00:22:03,4,4,1.080525,509.0,118.0,High
410012,THE MIRIAM HOSPITAL,164 SUMMIT AVENUE,PROVIDENCE,PROVIDENCE,RI,02906,(401) 793-2500,Acute Care Hospitals,Voluntary non-profit - Private,1,4.0,,,2026-07-31 00:22:03,5,2,0.9137600000000001,1885.0,293.0,Medium
410013,WESTERLY HOSPITAL,25 WELLS STREET,WESTERLY,WASHINGTON,RI,02891,(401) 596-6000,Acute Care Hospitals,Voluntary non-profit - Private,1,4.0,,,2026-07-31 00:22:03,3,0,0.9655666666666667,461.0,65.0,Low
420002,PIEDMONT MEDICAL CENTER,1731 FRANK GASTON BLVD,ROCK HILL,YORK,SC,29732,(803) 329-1234,Acute Care Hospitals,Proprietary,1,2.0,,Y,2026-07-31 00:22:03,6,4,1.0104,1475.0,244.0,High
420004,MUSC MEDICAL CENTER,169 ASHLEY AVE,CHARLESTON,CHARLESTON,SC,29425,(843) 792-2300,Acute Care Hospitals,Government - Hospital District or Authority,1,2.0,,Y,2026-07-31 00:22:03,6,5,1.0655833333333333,1769.0,320.0,High
420005,MCLEOD MEDICAL CENTER - DILLON,301 E JACKSON STREET PO BOX 1327,DILLON,DILLON,SC,29536,(843) 774-4111,Acute Care Hospitals,Voluntary non-profit - Private,1,3.0,,Y,2026-07-31 00:22:03,3,2,1.0398333333333334,197.0,45.0,Medium
420007,SPARTANBURG MEDICAL CENTER,101 E WOOD ST,SPARTANBURG,SPARTANBURG,SC,29303,(864) 560-6554,Acute Care Hospitals,Government - Hospital District or Authority,1,2.0,,Y,2026-07-31 00:22:03,6,3,0.9984166666666666,2553.0,388.0,Medium
420009,PRISMA HEALTH OCONEE MEMORIAL HOSPITAL,298 MEMORIAL DR,SENECA,OCONEE,SC,29672,(864) 482-3100,Acute Care Hospitals,Voluntary non-profit - Private,1,4.0,,Y,2026-07-31 00:22:03,5,3,1.06314,802.0,143.0,Medium
420010,CAROLINA PINES REGIONAL MEDICAL CENTER,1304 W BOBO NEWSOM HWY,HARTSVILLE,DARLINGTON,SC,29550,(864) 339-2100,Acute Care Hospitals,Proprietary,1,2.0,,Y,2026-07-31 00:22:03,3,3,1.0663666666666665,303.0,66.0,Medium
420011,CANNON MEMORIAL HOSPITAL,123 W G ACKER DRIVE,PICKENS,PICKENS,SC,29671,(864) 878-4791,Acute Care Hospitals,Voluntary non-profit - Private,1,,16,,2026-07-31 00:22:03,1,0,0.9643,0.0,0.0,Low
420015,PRISMA HEALTH BAPTIST EASLEY HOSPITAL,200 FLEETWOOD DRIVE,EASLEY,PICKENS,SC,29640,(864) 442-7606,Acute Care Hospitals,Voluntary non-profit - Private,1,4.0,,,2026-07-31 00:22:03,3,1,0.9772,480.0,77.0,Low
420018,PRISMA HEALTH RICHLAND HOSPITAL,5 MEDICAL PARK,COLUMBIA,RICHLAND,SC,29203,(803) 296-2548,Acute Care Hospitals,Voluntary non-profit - Private,1,3.0,,Y,2026-07-31 00:22:03,5,2,0.9861599999999999,1637.0,259.0,Medium
420019,MUSC HEALTH CHESTER MEDICAL CENTER,1 MEDICAL PARK DRIVE,CHESTER,CHESTER,SC,29706,(803) 581-3151,Acute Care Hospitals,Proprietary,1,,16,,2026-07-31 00:22:03,1,1,1.0005,0.0,0.0,Low
420020,TIDELANDS GEORGETOWN MEMORIAL HOSPITAL,606 BLACK RIVER RD DRAWER 1718,GEORGETOWN,GEORGETOWN,SC,29440,(843) 527-7000,Acute Care Hospitals,Voluntary non-profit - Private,1,2.0,,,2026-07-31 00:22:03,4,1,1.019425,447.0,72.0,Low
420023,ST FRANCIS-DOWNTOWN,ONE ST FRANCIS DR,GREENVILLE,GREENVILLE,SC,29601,(800) 805-5678,Acute Care Hospitals,Voluntary non-profit - Private,1,4.0,,Y,2026-07-31 00:22:03,6,2,0.9415166666666668,2168.0,276.0,Medium
420026,MUSC HEALTH COLUMBIA MEDICAL CENTER DOWNTOWN,2435 FOREST DRIVE,COLUMBIA,RICHLAND,SC,29204,(803) 256-5300,Acute Care Hospitals,Voluntary non-profit - Private,1,3.0,,,2026-07-31 00:22:03,6,1,0.9234666666666667,1191.0,179.0,Low
420027,ANMED HEALTH,800 N FANT ST,ANDERSON,ANDERSON,SC,29621,(864) 512-2830,Acute Care Hospitals,Voluntary non-profit - Private,1,4.0,,Y,2026-07-31 00:22:03,5,1,0.97638,1842.0,292.0,Low
420030,COLLETON MEDICAL CENTER,501 ROBERTSON BOULEVARD,WALTERBORO,COLLETON,SC,29488,(843) 782-2000,Acute Care Hospitals,Proprietary,1,3.0,,Y,2026-07-31 00:22:03,4,4,1.054875,230.0,45.0,High
420033,PRISMA HEALTH GREER MEMORIAL HOSPITAL,1413 JOHN B WHITE SR BLVD SUITE D,SPARTANBURG,SPARTANBURG,SC,29306,(864) 848-8200,Acute Care Hospitals,Voluntary non-profit - Private,1,5.0,,Y,2026-07-31 00:22:03,3,0,0.9188000000000001,399.0,43.0,Low
420036,MUSC HEALTH LANCASTER MEDICAL CENTER,800 W MEETING ST,LANCASTER,LANCASTER,SC,29720,(803) 286-1481,Acute Care Hospitals,Proprietary,1,4.0,,Y,2026-07-31 00:22:03,3,1,0.9961000000000001,329.0,56.0,Low
420037,PRISMA HEALTH HILLCREST HOSPITAL,741 SOUTH EAST MAIN STREET,SIMPSONVILLE,GREENVILLE,SC,29681,(864) 454-6100,Acute Care Hospitals,Voluntary non-profit - Private,1,4.0,,,2026-07-31 00:22:03,3,0,0.9712333333333333,265.0,37.0,Low
420038,PRISMA HEALTH LAURENS COUNTY HOSPITAL,22725 HIGHWAY 76 EAST,CLINTON,LAURENS,SC,29325,(864) 833-9100,Acute Care Hospitals,Voluntary non-profit - Private,1,4.0,,,2026-07-31 00:22:03,3,2,1.0124666666666666,278.0,50.0,Medium
420043,CHEROKEE MEDICAL CENTER,1530 N LIMESTONE ST,GAFFNEY,CHEROKEE,SC,29340,(864) 487-4271,Acute Care Hospitals,Government - Hospital District or Authority,1,2.0,,,2026-07-31 00:22:03,3,1,1.0047333333333335,35.0,11.0,Low
420048,KERSHAWHEALTH,1315 ROBERTS STREET,CAMDEN,KERSHAW,SC,29020,(803) 432-4311,Acute Care Hospitals,Proprietary,1,3.0,,Y,2026-07-31 00:22:03,4,1,0.938025,338.0,46.0,Low
420049,CONWAY MEDICAL CENTER,300 SINGLETON RIDGE ROAD,CONWAY,HORRY,SC,29526,(843) 347-8037,Acute Care Hospitals,Voluntary non-profit - Private,1,2.0,,Y,2026-07-31 00:22:03,4,2,1.050975,739.0,136.0,Medium
420051,MCLEOD REGIONAL MEDICAL CENTER-PEE DEE,555 E CHEVES ST BOX 8700,FLORENCE,FLORENCE,SC,29506,(843) 777-2900,Acute Care Hospitals,Voluntary non-profit - Private,1,3.0,,Y,2026-07-31 00:22:03,6,4,1.0699666666666667,2547.0,501.0,High
420053,NEWBERRY COUNTY MEMORIAL HOSPITAL,2669 KINARD ST PO BOX 497,NEWBERRY,NEWBERRY,SC,29108,(803) 405-7145,Acute Care Hospitals,Voluntary non-profit - Other,1,3.0,,Y,2026-07-31 00:22:03,3,1,0.9576333333333333,136.0,22.0,Low
420055,MUSC HEALTH MARION MEDICAL CENTER,2829 E HWY 76,MULLINS,MARION,SC,29574,(843) 431-2000,Acute Care Hospitals,Government - State,1,3.0,,,2026-07-31 00:22:03,2,2,1.01665,135.0,25.0,Medium
420065,BON SECOURS-ST FRANCIS XAVIER HOSPITAL,2095 HENRY TECKLENBURG DRIVE,CHARLESTON,CHARLESTON,SC,29414,(843) 402-1006,Acute Care Hospitals,Voluntary non-profit - Private,1,3.0,,Y,2026-07-31 00:22:03,3,1,0.9957333333333334,633.0,102.0,Low
420067,BEAUFORT COUNTY MEMORIAL HOSPITAL,955 RIBAUT RD,BEAUFORT,BEAUFORT,SC,29902,(843) 522-5200,Acute Care Hospitals,Government - Local,1,4.0,,Y,2026-07-31 00:22:03,5,4,1.0046599999999999,831.0,158.0,High
420070,PRISMA HEALTH TUOMEY HOSPITAL,129 N WASHINGTON ST,SUMTER,SUMTER,SC,29150,(803) 774-8900,Acute Care Hospitals,Voluntary non-profit - Private,1,3.0,,Y,2026-07-31 00:22:03,3,2,1.0123666666666669,665.0,121.0,Medium
420071,SELF REGIONAL HEALTHCARE,1325 SPRING STREET,GREENWOOD,GREENWOOD,SC,29646,(864) 227-4111,Acute Care Hospitals,Voluntary non-profit - Private,1,4.0,,Y,2026-07-31 00:22:03,6,2,1.0018666666666667,1057.0,161.0,Medium
420072,HAMPTON REGIONAL MEDICAL CENTER,595 WEST CAROLINA AVENUE,VARNVILLE,HAMPTON,SC,29944,(803) 943-2771,Acute Care Hospitals,Voluntary non-profit - Private,1,,16,,2026-07-31 00:22:03,2,0,0.97875,0.0,0.0,Low
420073,LEXINGTON MEDICAL CENTER,2720 SUNSET BLVD,WEST COLUMBIA,LEXINGTON,SC,29169,(803) 791-2000,Acute Care Hospitals,Voluntary non-profit - Private,1,3.0,,Y,2026-07-31 00:22:03,6,5,1.0873166666666665,3236.0,540.0,High
420078,PRISMA HEALTH GREENVILLE MEMORIAL HOSPITAL,701 GROVE ROAD,GREENVILLE,GREENVILLE,SC,29605,(864) 455-7000,Acute Care Hospitals,Voluntary non-profit - Private,0,4.0,,Y,2026-07-31 00:22:03,5,1,1.01456,2073.0,313.0,Low
420079,TRIDENT MEDICAL CENTER,9330 MEDICAL PLAZA DR,CHARLESTON,CHARLESTON,SC,29406,(843) 847-4100,Acute Care Hospitals,Proprietary,1,3.0,,Y,2026-07-31 00:22:03,6,4,1.0441666666666667,2041.0,354.0,High
420080,NOVANT HEALTH HILTON HEAD MEDICAL CENTER,25 HOSPITAL CENTER BLVD,HILTON HEAD ISLAND,BEAUFORT,SC,29926,(843) 681-6122,Acute Care Hospitals,Voluntary non-profit - Other,1,2.0,,Y,2026-07-31 00:22:03,6,5,1.0421166666666666,1114.0,194.0,High
420082,AIKEN REGIONAL MEDICAL CENTER,302 UNIVERSITY PARKWAY,AIKEN,AIKEN,SC,29801,(803) 641-5900,Acute Care Hospitals,Proprietary,1,2.0,,Y,2026-07-31 00:22:03,4,1,0.9733499999999999,783.0,126.0,Low
420085,GRAND STRAND REGIONAL MEDICAL CENTER,809 82ND PARKWAY,MYRTLE BEACH,HORRY,SC,29572,(843) 692-1000,Acute Care Hospitals,Proprietary,1,2.0,,Y,2026-07-31 00:22:03,6,4,1.0688,2860.0,441.0,High
420086,PRISMA HEALTH BAPTIST,1330 TAYLOR AT MARION ST,COLUMBIA,RICHLAND,SC,29220,(803) 296-5678,Acute Care Hospitals,Voluntary non-profit - Private,1,4.0,,Y,2026-07-31 00:22:03,4,1,1.02245,254.0,41.0,Low
420087,ROPER HOSPITAL,316 CALHOUN ST,CHARLESTON,CHARLESTON,SC,29401,(843) 724-2800,Acute Care Hospitals,Voluntary non-profit - Private,1,4.0,,,2026-07-31 00:22:03,6,2,0.9931166666666668,2075.0,295.0,Medium
420089,EAST COOPER MEDICAL CENTER,2000 HOSPITAL DR,MOUNT PLEASANT,CHARLESTON,SC,29464,(843) 881-0100,Acute Care Hospitals,Proprietary,1,4.0,,Y,2026-07-31 00:22:03,3,1,1.0262,220.0,32.0,Low
420091,MUSC HEALTH FLORENCE MEDICAL CENTER,805 PAMPLICO HWY BOX 100550,FLORENCE,FLORENCE,SC,29505,(843) 674-2500,Acute Care Hospitals,Government - State,1,3.0,,Y,2026-07-31 00:22:03,4,2,1.017025,1066.0,208.0,Medium
420098,TIDELANDS WACCAMAW COMMUNITY HOSPITAL,4070 HWY 17,MURRELLS INLET,HORRY,SC,29576,(843) 652-1000,Acute Care Hospitals,Voluntary non-profit - Private,1,4.0,,Y,2026-07-31 00:22:03,5,2,1.00114,1038.0,143.0,Medium
420101,COASTAL CAROLINA HOSPITAL,1000 MEDICAL CENTER DRIVE,HARDEEVILLE,JASPER,SC,29927,(843) 784-8000,Acute Care Hospitals,Proprietary,1,4.0,,Y,2026-07-31 00:22:03,3,0,0.9608,276.0,37.0,Low
420102,PRISMA HEALTH  PATEWOOD HOSPITAL,175 PATEWOOD DRIVE,GREENVILLE,GREENVILLE,SC,29615,(864) 797-1000,Acute Care Hospitals,Voluntary non-profit - Private,0,5.0,,Y,2026-07-31 00:22:03,1,0,0.9472,0.0,0.0,Low
420103,PELHAM MEDICAL CENTER,250 WESTMORELAND ROAD,GREER,GREENVILLE,SC,29651,(864) 560-6554,Acute Care Hospitals,Government - Hospital District or Authority,1,5.0,,,2026-07-31 00:22:03,3,1,0.9816666666666668,268.0,39.0,Low
420104,MOUNT PLEASANT HOSPITAL,3510 HIGHWAY 17 NORTH SUITE 140,MOUNT PLEASANT,CHARLESTON,SC,29466,(843) 724-2954,Acute Care Hospitals,Voluntary non-profit - Private,1,5.0,,,2026-07-31 00:22:03,4,1,0.9842500000000001,378.0,65.0,Low
420105,MCLEOD LORIS  HOSPITAL,3655 MITCHELL STREET,LORIS,HORRY,SC,29569,(843) 716-7000,Acute Care Hospitals,Voluntary non-profit - Private,0,4.0,,Y,2026-07-31 00:22:03,5,1,0.9654999999999999,1386.0,256.0,Low
420106,PRISMA HEALTH BAPTIST PARKRIDGE,400 PALMETTO HEALTH PARKWAY,COLUMBIA,LEXINGTON,SC,29212,(803) 907-7011,Acute Care Hospitals,Voluntary non-profit - Private,1,4.0,,Y,2026-07-31 00:22:03,3,1,0.9561666666666667,399.0,48.0,Low
420107,MCLEOD HEALTH CHERAW,711 CHESTERFIELD HIGHWAY,CHERAW,CHESTERFIELD,SC,29520,(843) 537-7881,Acute Care Hospitals,Voluntary non-profit - Private,1,3.0,,,2026-07-31 00:22:03,3,2,1.0521333333333331,250.0,62.0,Medium
420108,UNION MEDICAL CENTER,322 WEST SOUTH STREET,UNION,UNION,SC,29379,(864) 301-2000,Acute Care Hospitals,Voluntary non-profit - Other,1,,16,,2026-07-31 00:22:03,1,0,0.986,0.0,0.0,Low
420109,MCLEOD HEALTH CLARENDON,10 EAST HOSPITAL STREET,MANNING,CLARENDON,SC,29102,(803) 435-8463,Acute Care Hospitals,Voluntary non-profit - Private,1,3.0,,Y,2026-07-31 00:22:03,3,1,0.9969666666666667,176.0,29.0,Low
420110,ROPER ST FRANCIS HOSPITAL-BERKELEY INC,100 CALLEN BLVD.,SUMMERVILLE,DORCHESTER,SC,29486,(854) 529-3002,Acute Care Hospitals,Voluntary non-profit - Private,1,5.0,,Y,2026-07-31 00:22:03,4,2,0.9757750000000001,319.0,53.0,Medium
430005,"PRAIRIE LAKES HEALTHCARE SYSTEM, INC",401 9TH AVENUE NW  POST OFFICE BOX 1210,WATERTOWN,CODINGTON,SD,57201,(605) 882-7000,Acute Care Hospitals,Voluntary non-profit - Private,1,3.0,,Y,2026-07-31 00:22:03,5,1,0.96366,65.0,12.0,Low
430008,BROOKINGS HEALTH SYSTEM,300 22ND AVE,BROOKINGS,BROOKINGS,SD,57006,(605) 696-9000,Acute Care Hospitals,Government - Local,1,4.0,,Y,2026-07-31 00:22:03,3,1,0.9471333333333334,68.0,13.0,Low
430012,AVERA SACRED HEART HOSPITAL,501 SUMMIT ST,YANKTON,YANKTON,SD,57078,(605) 668-8000,Acute Care Hospitals,Voluntary non-profit - Private,1,3.0,,Y,2026-07-31 00:22:03,3,3,1.0134333333333334,269.0,46.0,Medium
430014,AVERA ST LUKES,305 S STATE ST  POST OFFICE BOX 4450,ABERDEEN,BROWN,SD,57401,(605) 622-5000,Acute Care Hospitals,Voluntary non-profit - Church,1,4.0,,Y,2026-07-31 00:22:03,5,2,0.97708,666.0,70.0,Medium
430015,AVERA ST MARY'S HOSPITAL,801 E SIOUX,PIERRE,HUGHES,SD,57501,(605) 224-3100,Acute Care Hospitals,Voluntary non-profit - Private,1,2.0,,Y,2026-07-31 00:22:03,4,1,0.946425,109.0,12.0,Low
430016,AVERA MCKENNAN HOSPITAL & UNIVERSITY HEALTH CENTER,1325 S CLIFF AVE  POST OFFICE BOX 5045,SIOUX FALLS,MINNEHAHA,SD,57117,(605) 322-8000,Acute Care Hospitals,Voluntary non-profit - Private,1,4.0,,Y,2026-07-31 00:22:03,4,1,0.968,1420.0,176.0,Low
430027,SANFORD USD MEDICAL CENTER,1305 W 18TH ST  POST OFFICE BOX 5039,SIOUX FALLS,MINNEHAHA,SD,57117,(605) 333-1000,Acute Care Hospitals,Voluntary non-profit - Private,1,5.0,,Y,2026-07-31 00:22:03,6,2,0.9566333333333333,1869.0,265.0,Medium
430048,MONUMENT HEALTH SPEARFISH HOSPITAL,1440 N MAIN ST,SPEARFISH,LAWRENCE,SD,57783,(605) 644-4000,Acute Care Hospitals,Voluntary non-profit - Private,1,4.0,,,2026-07-31 00:22:03,2,1,1.00115,0.0,0.0,Low
430077,MONUMENT HEALTH RAPID CITY HOSPITAL,353 FAIRMONT BLVD,RAPID CITY,PENNINGTON,SD,57701,(605) 755-1000,Acute Care Hospitals,Voluntary non-profit - Private,1,3.0,,Y,2026-07-31 00:22:03,6,2,0.9494833333333333,1804.0,231.0,Medium
430089,DUNES SURGICAL HOSPITAL,600 N SIOUX POINT ROAD,DAKOTA DUNES,UNION,SD,57049,(605) 232-3332,Acute Care Hospitals,Proprietary,0,,16,,2026-07-31 00:22:03,1,1,1.1335,0.0,0.0,Low
430090,SIOUX FALLS SPECIALTY HOSPITAL,910 EAST 20TH STREET,SIOUX FALLS,MINNEHAHA,SD,57105,(605) 334-6730,Acute Care Hospitals,Proprietary,0,,16,,2026-07-31 00:22:03,1,1,1.2516,318.0,21.0,Low
430091,BLACK HILLS SURGICAL HOSPITAL LLC,216 ANAMARIA DR,RAPID CITY,PENNINGTON,SD,57703,(605) 721-4700,Acute Care Hospitals,Proprietary,0,,16,,2026-07-31 00:22:03,1,0,0.6587,1026.0,23.0,Low
430095,AVERA HEART HOSPITAL OF SOUTH DAKOTA,4500 W 69TH ST,SIOUX FALLS,LINCOLN,SD,57108,(605) 977-7000,Acute Care Hospitals,Proprietary,1,5.0,,,2026-07-31 00:22:03,3,0,0.8814333333333333,1143.0,99.0,Low
430097,SANFORD MEDICAL CENTER ABERDEEN,2905 3RD AVE SE,ABERDEEN,BROWN,SD,57402,(605) 626-4200,Acute Care Hospitals,Voluntary non-profit - Private,1,4.0,,Y,2026-07-31 00:22:03,3,0,0.9743666666666666,165.0,25.0,Low
430098,PINE RIDGE IHS HOSPITAL,EAST HIGHWAY 18,PINE RIDGE,OGLALA LAKOTA COUNTY,SD,57770,(605) 867-5131,Acute Care Hospitals,Government - Federal,1,,16,Y,2026-07-31 00:22:03,2,1,0.9964,0.0,0.0,Low
440002,JACKSON-MADISON COUNTY GENERAL HOSPITAL,620 SKYLINE DRIVE,JACKSON,MADISON,TN,38301,(731) 541-5000,Acute Care Hospitals,Government - Hospital District or Authority,1,3.0,,Y,2026-07-31 00:22:03,5,2,0.9798600000000001,3526.0,585.0,Medium
440003,HIGHPOINT HEALTH-SUMNER WITH ASCENSION SAINT THOMA,555 HARTSVILLE PIKE,GALLATIN,SUMNER,TN,37066,(615) 328-8888,Acute Care Hospitals,Proprietary,1,3.0,,Y,2026-07-31 00:22:03,4,2,1.01025,543.0,98.0,Medium
440006,TRISTAR SKYLINE MEDICAL CENTER,3441 DICKERSON PIKE,NASHVILLE,DAVIDSON,TN,37207,(615) 769-2000,Acute Care Hospitals,Voluntary non-profit - Private,1,2.0,,,2026-07-31 00:22:03,4,4,1.0404,607.0,124.0,High
440007,UNITY MEDICAL CENTER,481 INTERSTATE DRIVE,MANCHESTER,COFFEE,TN,37355,(931) 728-6354,Acute Care Hospitals,Voluntary non-profit - Private,1,3.0,,,2026-07-31 00:22:03,2,1,1.0136,151.0,25.0,Low
440009,CUMBERLAND MEDICAL CENTER,421 S MAIN ST,CROSSVILLE,CUMBERLAND,TN,38555,(931) 484-9511,Acute Care Hospitals,Voluntary non-profit - Private,1,4.0,,Y,2026-07-31 00:22:03,5,2,0.98528,537.0,102.0,Medium
440011,BLOUNT MEMORIAL HOSPITAL,907 E LAMAR ALEXANDER PARKWAY,MARYVILLE,BLOUNT,TN,37804,(865) 983-7211,Acute Care Hospitals,Government - Local,1,2.0,,Y,2026-07-31 00:22:03,5,2,1.0006,1011.0,164.0,Medium
440012,WELLMONT BRISTOL REGIONAL MEDICAL CENTER,ONE MEDICAL PARK BLVD,BRISTOL,SULLIVAN,TN,37620,(423) 844-1121,Acute Care Hospitals,Government - Hospital District or Authority,1,2.0,,Y,2026-07-31 00:22:03,6,4,1.0250833333333331,1142.0,227.0,High
440015,"UNIVERSITY HEALTH SYSTEM, INC",1924 ALCOA HIGHWAY,KNOXVILLE,KNOX,TN,37920,(865) 305-9000,Acute Care Hospitals,Voluntary non-profit - Private,1,4.0,,Y,2026-07-31 00:22:03,6,3,0.9907166666666667,2022.0,315.0,Medium
440016,BAPTIST MEMORIAL HOSPITAL - CARROLL COUNTY,631 RB WILSON DR,HUNTINGDON,CARROLL,TN,38344,(731) 986-4461,Acute Care Hospitals,Voluntary non-profit - Private,1,4.0,23,,2026-07-31 00:22:03,2,1,1.03785,192.0,36.0,Low
440017,WELLMONT HOLSTON VALLEY MEDICAL CENTER,130 WEST RAVINE ROAD,KINGSPORT,SULLIVAN,TN,37662,(423) 224-4000,Acute Care Hospitals,Voluntary non-profit - Private,1,2.0,,,2026-07-31 00:22:03,6,1,0.9711500000000001,1072.0,170.0,Low
440018,SYCAMORE SHOALS HOSPITAL,1501 WEST ELK AVENUE,ELIZABETHTON,CARTER,TN,37643,(423) 542-1300,Acute Care Hospitals,Voluntary non-profit - Private,1,2.0,,,2026-07-31 00:22:03,4,3,1.09265,209.0,49.0,Medium
440020,SOUTHERN TENNESSEE REGIONAL HEALTH SYSTEM PULASKI,1265 E COLLEGE ST,PULASKI,GILES,TN,38478,(931) 363-7531,Acute Care Hospitals,Proprietary,1,3.0,,Y,2026-07-31 00:22:03,3,0,0.9754666666666667,170.0,24.0,Low
440029,WILLIAMSON MEDICAL CENTER,4321 CAROTHERS PARKWAY,FRANKLIN,WILLIAMSON,TN,37067,(615) 435-5000,Acute Care Hospitals,Government - Hospital District or Authority,1,5.0,,Y,2026-07-31 00:22:03,5,0,0.8957200000000001,969.0,112.0,Low
440030,MORRISTOWN HAMBLEN HOSPITAL ASSOCIATION,908 W 4TH NORTH ST,MORRISTOWN,HAMBLEN,TN,37814,(423) 492-6900,Acute Care Hospitals,Government - Local,1,2.0,,Y,2026-07-31 00:22:03,4,3,1.05605,505.0,117.0,Medium
440031,ROANE MEDICAL CENTER,8045 ROANE MEDICAL CENTER DRIVE,HARRIMAN,ROANE,TN,37748,(865) 316-1000,Acute Care Hospitals,Government - Hospital District or Authority,1,4.0,,,2026-07-31 00:22:03,3,3,1.0399,353.0,70.0,Medium
440032,HAWKINS COUNTY MEMORIAL HOSPITAL,851 LOCUST STREET,ROGERSVILLE,HAWKINS,TN,37857,(423) 921-7000,Acute Care Hospitals,Voluntary non-profit - Private,1,,16,,2026-07-31 00:22:03,1,0,0.9646,0.0,0.0,Low
440033,LAFOLLETTE MEDICAL CENTER,923 EAST CENTRAL AVENUE,LA FOLLETTE,CAMPBELL,TN,37766,(423) 907-1200,Acute Care Hospitals,Voluntary non-profit - Church,1,3.0,,,2026-07-31 00:22:03,2,0,0.94945,116.0,15.0,Low
440034,METHODIST MEDICAL CENTER OF OAK RIDGE,990 OAK RIDGE TURNPIKE BOX 529,OAK RIDGE,ANDERSON,TN,37830,(865) 835-1000,Acute Care Hospitals,Voluntary non-profit - Private,1,4.0,,Y,2026-07-31 00:22:03,6,4,1.0235333333333334,889.0,164.0,High
440035,TENNOVA HEALTHCARE - CLARKSVILLE,651 DUNLOP LANE,CLARKSVILLE,MONTGOMERY,TN,37040,(931) 502-1000,Acute Care Hospitals,Proprietary,1,1.0,,Y,2026-07-31 00:22:03,4,3,1.0706250000000002,1094.0,216.0,Medium
440039,VANDERBILT UNIVERSITY MEDICAL CENTER,1211 MEDICAL CENTER DRIVE,NASHVILLE,DAVIDSON,TN,37232,(615) 322-3454,Acute Care Hospitals,Voluntary non-profit - Private,1,5.0,,Y,2026-07-31 00:22:03,6,0,0.91735,2147.0,311.0,Low
440046,TRISTAR HORIZON MEDICAL CENTER,111 HIGHWAY 70 EAST,DICKSON,DICKSON,TN,37055,(615) 446-0446,Acute Care Hospitals,Proprietary,1,3.0,,Y,2026-07-31 00:22:03,5,3,0.98056,687.0,96.0,Medium
440048,BAPTIST MEMORIAL HOSPITAL,6019 WALNUT GROVE ROAD,MEMPHIS,SHELBY,TN,38120,(901) 226-5000,Acute Care Hospitals,Voluntary non-profit - Private,1,3.0,23,Y,2026-07-31 00:22:03,6,5,1.0986833333333335,3356.0,590.0,High
440049,METHODIST HOSPITALS OF MEMPHIS,1265 UNION AVE SUITE 700,MEMPHIS,SHELBY,TN,38104,(901) 516-8274,Acute Care Hospitals,Voluntary non-profit - Church,1,3.0,,Y,2026-07-31 00:22:03,6,3,0.9755333333333334,3448.0,481.0,Medium
440050,GREENEVILLE COMMUNITY HOSPITAL,1420 TUSCULUM BOULEVARD,GREENEVILLE,GREENE,TN,37745,(423) 639-3151,Acute Care Hospitals,Voluntary non-profit - Private,1,2.0,,Y,2026-07-31 00:22:03,3,3,1.0684666666666667,452.0,94.0,Medium
440053,SAINT THOMAS RUTHERFORD HOSPITAL,1700 MEDICAL CENTER PARKWAY,MURFREESBORO,RUTHERFORD,TN,37129,(615) 396-4100,Acute Care Hospitals,Voluntary non-profit - Church,1,3.0,29,Y,2026-07-31 00:22:03,6,3,0.97235,1621.0,239.0,Medium
440056,TENNOVA HEALTHCARE-JEFFERSON MEMORIAL HOSPITAL,110 HOSPITAL DRIVE,JEFFERSON CITY,JEFFERSON,TN,37760,(865) 471-2500,Acute Care Hospitals,Proprietary,1,2.0,,,2026-07-31 00:22:03,3,2,1.0023666666666666,243.0,37.0,Medium
440057,CLAIBORNE MEDICAL CENTER,1850 OLD KNOXVILLE HIGHWAY,TAZEWELL,CLAIBORNE,TN,37879,(423) 626-4211,Acute Care Hospitals,Government - Local,1,,16,,2026-07-31 00:22:03,2,2,1.0659,103.0,28.0,Medium
440058,SOUTHERN TENNESSEE REGIONAL HEALTH SYSTEM WINCHEST,185 HOSPITAL ROAD,WINCHESTER,FRANKLIN,TN,37398,(931) 967-8200,Acute Care Hospitals,Proprietary,1,3.0,,Y,2026-07-31 00:22:03,5,0,0.9685,170.0,26.0,Low
440059,COOKEVILLE REGIONAL MEDICAL CENTER,1 MEDICAL CENTER BOULEVARD,COOKEVILLE,PUTNAM,TN,38501,(931) 783-2000,Acute Care Hospitals,Government - Local,1,2.0,,Y,2026-07-31 00:22:03,6,6,1.0795666666666666,2281.0,434.0,High
440060,WEST TENNESSEE HEALTHCARE MILAN HOSPITAL,4039 HIGHLAND ST,MILAN,GIBSON,TN,38358,(731) 686-1591,Acute Care Hospitals,Government - Local,1,,16,,2026-07-31 00:22:03,1,0,0.9427,0.0,0.0,Low
440061,VOLUNTEER COMMUNITY HOSPITAL,161 MOUNT PELIA RD,MARTIN,WEAKLEY,TN,38237,(731) 479-6057,Acute Care Hospitals,Proprietary,1,2.0,,Y,2026-07-31 00:22:03,3,1,0.9833,0.0,0.0,Low
440063,JOHNSON CITY MEDICAL CENTER,400 N STATE OF FRANKLIN RD,JOHNSON CITY,WASHINGTON,TN,37604,(423) 431-6111,Acute Care Hospitals,Voluntary non-profit - Private,1,1.0,,Y,2026-07-31 00:22:03,6,3,1.0299333333333334,1381.0,218.0,Medium
440065,TRISTAR NORTHCREST MEDICAL CENTER,100 NORTHCREST DRIVE,SPRINGFIELD,ROBERTSON,TN,37172,(615) 384-2411,Acute Care Hospitals,Voluntary non-profit - Other,1,3.0,,Y,2026-07-31 00:22:03,4,3,1.023275,304.0,65.0,Medium
440068,STARR REGIONAL MEDICAL CENTER ATHENS,1114 W MADISON AVE,ATHENS,MC MINN,TN,37371,(423) 745-1411,Acute Care Hospitals,Proprietary,1,3.0,,Y,2026-07-31 00:22:03,3,0,0.9736333333333334,188.0,26.0,Low
440072,DYERSBURG REGIONAL MEDICAL CENTER,400 EAST TICKLE STREET,DYERSBURG,DYER,TN,38024,(731) 285-2410,Acute Care Hospitals,Proprietary,1,4.0,,Y,2026-07-31 00:22:03,3,2,0.9975333333333335,489.0,88.0,Medium
440073,MAURY REGIONAL HOSPITAL,1224 TROTWOOD AVE,COLUMBIA,MAURY,TN,38401,(931) 381-1111,Acute Care Hospitals,Government - Local,1,3.0,,Y,2026-07-31 00:22:03,5,5,1.0637,1516.0,256.0,High
440081,LECONTE MEDICAL CENTER,742 MIDDLECREEK ROAD,SEVIERVILLE,SEVIER,TN,37862,(865) 446-7500,Acute Care Hospitals,Voluntary non-profit - Other,1,5.0,,Y,2026-07-31 00:22:03,3,0,0.9526666666666667,245.0,36.0,Low
440082,ASCENSION SAINT THOMAS HOSPITAL,"4220 HARDING RD, PO BOX 380",NASHVILLE,DAVIDSON,TN,37205,(615) 222-2111,Acute Care Hospitals,Voluntary non-profit - Private,1,3.0,29,Y,2026-07-31 00:22:03,6,2,0.9783666666666667,3725.0,525.0,Medium
440084,SWEETWATER HOSPITAL ASSOCIATION,304 WRIGHT ST,SWEETWATER,MONROE,TN,37874,(865) 213-8200,Acute Care Hospitals,Voluntary non-profit - Private,1,1.0,,Y,2026-07-31 00:22:03,3,3,1.0713,274.0,60.0,Medium
440091,"MEMORIAL HEALTHCARE SYSTEM, INC",2525 DESALES AVE,CHATTANOOGA,HAMILTON,TN,37404,(423) 495-2525,Acute Care Hospitals,Voluntary non-profit - Church,0,5.0,,,2026-07-31 00:22:03,6,2,0.9247666666666667,2440.0,354.0,Medium
440102,LINCOLN MEDICAL CENTER,106 MEDICAL CENTER BLVD,FAYETTEVILLE,LINCOLN,TN,37334,(931) 438-1100,Acute Care Hospitals,Government - Local,1,3.0,,Y,2026-07-31 00:22:03,2,1,0.98105,0.0,0.0,Low
440104,ERLANGER MEDICAL CENTER,975 E 3RD ST,CHATTANOOGA,HAMILTON,TN,37403,(423) 778-7000,Acute Care Hospitals,Government - Hospital District or Authority,1,4.0,,Y,2026-07-31 00:22:03,6,1,0.9068166666666667,1108.0,147.0,Low
440109,HARDIN MEDICAL CENTER,935 WAYNE ROAD,SAVANNAH,HARDIN,TN,38372,(731) 926-8121,Acute Care Hospitals,Government - Local,1,2.0,,Y,2026-07-31 00:22:03,2,2,1.01095,112.0,17.0,Medium
440110,FORT LOUDOUN MEDICAL CENTER,550 FORT LOUDON MEDICAL CENTER DR,LENOIR CITY,LOUDON,TN,37772,(865) 271-6000,Acute Care Hospitals,Voluntary non-profit - Other,1,4.0,,,2026-07-31 00:22:03,3,3,1.0202,231.0,42.0,Medium
440120,PHYSICIANS REGIONAL MEDICAL CENTER,7565 DANNAHER WAY POWELL,POWELL,KNOX,TN,37849,(865) 545-8000,Acute Care Hospitals,Proprietary,1,3.0,,Y,2026-07-31 00:22:03,6,3,1.0516166666666666,1597.0,264.0,Medium
440125,FORT SANDERS REGIONAL MEDICAL CENTER,1901 W CLINCH AVE,KNOXVILLE,KNOX,TN,37916,(865) 541-1101,Acute Care Hospitals,Voluntary non-profit - Private,1,3.0,,Y,2026-07-31 00:22:03,6,5,1.0721666666666667,786.0,171.0,High
440130,BAPTIST MEMORIAL HOSPITAL UNION CITY,"1201 BISHOP ST, PO BOX 310",UNION CITY,OBION,TN,38261,(731) 885-2410,Acute Care Hospitals,Voluntary non-profit - Private,1,4.0,,Y,2026-07-31 00:22:03,3,0,0.9574333333333334,260.0,37.0,Low
440131,BAPTIST MEMORIAL HOSPITAL TIPTON,1995 HIGHWAY 51 S,COVINGTON,TIPTON,TN,38019,(901) 476-2621,Acute Care Hospitals,Voluntary non-profit - Church,1,3.0,,Y,2026-07-31 00:22:03,3,3,1.0148666666666666,212.0,36.0,Medium
440132,WEST TENNESSEE HEALTHCARE HENRY COUNTY HOSPITAL,301 TYSON AVENUE,PARIS,HENRY,TN,38242,(731) 642-1220,Acute Care Hospitals,Government - Hospital District or Authority,1,3.0,,,2026-07-31 00:22:03,3,1,0.9743666666666666,313.0,44.0,Low
440137,VANDERBILT BEDFORD HOSPITAL,2835 HWY 231 NORTH,SHELBYVILLE,BEDFORD,TN,37160,(931) 685-5433,Acute Care Hospitals,Proprietary,1,4.0,,,2026-07-31 00:22:03,3,1,0.987,78.0,13.0,Low
440144,VANDERBILT TULLAHOMA-HARTON HOSPITAL,1801 N JACKSON ST BOX 460,TULLAHOMA,COFFEE,TN,37388,(931) 393-3000,Acute Care Hospitals,Voluntary non-profit - Other,1,3.0,,Y,2026-07-31 00:22:03,4,3,1.005625,536.0,105.0,Medium
440148,DEKALB COMMUNITY HOSPITAL,520 W MAIN ST,SMITHVILLE,DE KALB,TN,37166,(615) 215-5000,Acute Care Hospitals,Voluntary non-profit - Church,1,,16,,2026-07-31 00:22:03,1,0,0.983,0.0,0.0,Low
440150,TRISTAR SUMMIT MEDICAL CENTER,5655 FRIST BLVD,HERMITAGE,DAVIDSON,TN,37076,(615) 316-3000,Acute Care Hospitals,Proprietary,1,4.0,,Y,2026-07-31 00:22:03,5,3,1.02718,967.0,169.0,Medium
440151,SAINT THOMAS RIVER PARK HOSPITAL,1559 SPARTA STREET,MCMINNVILLE,WARREN,TN,37110,(931) 815-4101,Acute Care Hospitals,Voluntary non-profit - Private,1,3.0,29,Y,2026-07-31 00:22:03,3,1,0.9869,258.0,43.0,Low
440153,TENNOVA HEALTHCARE - NEWPORT MEDICAL CENTER,435 2ND ST,NEWPORT,COCKE,TN,37821,(423) 625-2200,Acute Care Hospitals,Proprietary,1,4.0,,Y,2026-07-31 00:22:03,3,0,0.9858333333333333,166.0,27.0,Low
440156,PARKRIDGE MEDICAL CENTER,2333 MCCALLIE AVE,CHATTANOOGA,HAMILTON,TN,37404,(423) 894-4220,Acute Care Hospitals,Proprietary,1,4.0,,Y,2026-07-31 00:22:03,6,3,0.9869833333333333,1440.0,217.0,Medium
440161,TRISTAR CENTENNIAL MEDICAL CENTER,2300 PATTERSON STREET,NASHVILLE,DAVIDSON,TN,37203,(615) 342-1000,Acute Care Hospitals,Proprietary,1,4.0,,Y,2026-07-31 00:22:03,6,2,0.9537166666666667,1695.0,267.0,Medium
440173,PARKWEST MEDICAL CENTER,9352 PARK WEST BLVD,KNOXVILLE,KNOX,TN,37923,(865) 970-1001,Acute Care Hospitals,Voluntary non-profit - Private,1,3.0,,Y,2026-07-31 00:22:03,6,3,1.0619833333333333,1942.0,267.0,Medium
440175,SOUTHERN TENNESSEE REGIONAL HEALTH SYSTEM LAWRENCE,1607 SOUTH LOCUST AVENUE,LAWRENCEBURG,LAWRENCE,TN,38464,(931) 762-6571,Acute Care Hospitals,Voluntary non-profit - Other,1,3.0,,Y,2026-07-31 00:22:03,3,1,0.9833333333333334,212.0,32.0,Low
440176,INDIAN PATH COMMUNITY HOSPITAL,2000 BROOKSIDE DR,KINGSPORT,SULLIVAN,TN,37660,(423) 857-7000,Acute Care Hospitals,Voluntary non-profit - Private,1,,16,Y,2026-07-31 00:22:03,1,1,1.084,77.0,16.0,Low
440183,ST FRANCIS HOSPITAL,5959 PARK AVE,MEMPHIS,SHELBY,TN,38119,(901) 765-1000,Acute Care Hospitals,Proprietary,1,1.0,,Y,2026-07-31 00:22:03,6,4,1.0456,532.0,99.0,High
440184,FRANKLIN WOODS COMMUNITY HOSPITAL,300 MED TECH PARKWAY,JOHNSON CITY,WASHINGTON,TN,37604,(423) 302-1120,Acute Care Hospitals,Voluntary non-profit - Private,1,3.0,,Y,2026-07-31 00:22:03,3,1,0.9947666666666667,248.0,38.0,Low
440185,AFFILIATE OF VITRUVIAN HEALTH,2305 CHAMBLISS AVE NW,CLEVELAND,BRADLEY,TN,37311,(423) 339-4100,Acute Care Hospitals,Proprietary,1,2.0,,Y,2026-07-31 00:22:03,5,3,1.0678800000000002,871.0,165.0,Medium
440187,LIVINGSTON REGIONAL HOSPITAL,315 OAK ST BOX 550,LIVINGSTON,OVERTON,TN,38570,(931) 823-5611,Acute Care Hospitals,Proprietary,1,2.0,,Y,2026-07-31 00:22:03,3,2,1.0383,225.0,45.0,Medium
440192,SAINT THOMAS HIGHLANDS HOSPITAL,401 SEWELL DR,SPARTA,WHITE,TN,38583,(931) 738-9211,Acute Care Hospitals,Proprietary,1,,16,,2026-07-31 00:22:03,2,1,1.0083,0.0,0.0,Low
440193,VANDERBILT WILSON COUNTY HOSPITAL,1411 BADDOUR PARKWAY,LEBANON,WILSON,TN,37087,(615) 444-2250,Acute Care Hospitals,Voluntary non-profit - Private,1,5.0,,Y,2026-07-31 00:22:03,5,1,0.9790199999999999,558.0,95.0,Low
440194,TRISTAR HENDERSONVILLE MEDICAL CENTER,355 NEW SHACKLE ISLAND RD,HENDERSONVILLE,SUMNER,TN,37075,(615) 338-1000,Acute Care Hospitals,Proprietary,1,4.0,,Y,2026-07-31 00:22:03,5,2,1.00754,656.0,114.0,Medium
440197,TRISTAR SOUTHERN HILLS MEDICAL CENTER,391 WALLACE RD,NASHVILLE,DAVIDSON,TN,37211,(615) 781-4000,Acute Care Hospitals,Proprietary,1,4.0,,,2026-07-31 00:22:03,3,1,0.9765333333333333,237.0,36.0,Low
440200,STONES RIVER HOSPITAL,324 DOOLITTLE ROAD,WOODBURY,CANNON,TN,37190,(615) 563-4001,Acute Care Hospitals,Proprietary,1,,16,,2026-07-31 00:22:03,1,1,1.0158,0.0,0.0,Low
440227,TRISTAR STONECREST MEDICAL CENTER,200 STONECREST BOULEVARD,SMYRNA,RUTHERFORD,TN,37167,(615) 768-2000,Acute Care Hospitals,Proprietary,1,4.0,,Y,2026-07-31 00:22:03,5,4,1.02634,304.0,63.0,High
440228,SAINT FRANCIS BARTLETT MEDICAL CENTER,2986 KATE BOND RD,BARTLETT,SHELBY,TN,38133,(901) 820-7050,Acute Care Hospitals,Proprietary,1,1.0,,,2026-07-31 00:22:03,4,2,0.99025,783.0,135.0,Medium
450002,THE HOSPITALS OF PROVIDENCE - MEMORIAL CAMPUS,2001 N OREGON ST,EL PASO,EL PASO,TX,79902,(915) 577-6011,Acute Care Hospitals,Proprietary,1,2.0,,Y,2026-07-31 00:22:03,3,1,1.0035666666666667,102.0,18.0,Low
450007,PETERSON REGIONAL MEDICAL CENTER,551 HILL COUNTRY DRIVE,KERRVILLE,KERR,TX,78028,(830) 896-4200,Acute Care Hospitals,Voluntary non-profit - Private,1,4.0,,Y,2026-07-31 00:22:03,4,1,0.96995,651.0,78.0,Low
450010,UNITED REGIONAL HEALTH CARE SYSTEM,1600 11TH STREET,WICHITA FALLS,WICHITA,TX,76301,(940) 764-7000,Acute Care Hospitals,Voluntary non-profit - Private,1,3.0,,Y,2026-07-31 00:22:03,6,3,1.0039,2442.0,428.0,Medium
450011,CHI ST JOSEPH HEALTH REGIONAL HOSPITAL,2801 FRANCISCAN DR,BRYAN,BRAZOS,TX,77802,(979) 776-3912,Acute Care Hospitals,Voluntary non-profit - Private,1,2.0,,Y,2026-07-31 00:22:03,6,3,0.9804333333333334,1587.0,273.0,Medium
450015,PARKLAND HEALTH & HOSPITAL SYSTEM,5200 HARRY HINES BLVD,DALLAS,DALLAS,TX,75235,(214) 590-8000,Acute Care Hospitals,Government - Hospital District or Authority,1,3.0,,Y,2026-07-31 00:22:03,4,2,1.02975,360.0,77.0,Medium
450018,UNIVERSITY OF TEXAS MEDICAL BRANCH GALVESTON,301 UNIVERSITY BOULEVARD,GALVESTON,GALVESTON,TX,77555,(409) 772-1011,Acute Care Hospitals,Government - State,1,3.0,,Y,2026-07-31 00:22:03,5,4,1.0701,2008.0,403.0,High
450021,BAYLOR UNIVERSITY MEDICAL CENTER,3500 GASTON AVE,DALLAS,DALLAS,TX,75246,(214) 820-8082,Acute Care Hospitals,Voluntary non-profit - Private,1,4.0,,Y,2026-07-31 00:22:03,6,2,0.9873333333333334,1470.0,220.0,Medium
450023,CITIZENS MEDICAL CENTER,2701 HOSPITAL DRIVE,VICTORIA,VICTORIA,TX,77901,(361) 573-9181,Acute Care Hospitals,Voluntary non-profit - Other,1,3.0,,Y,2026-07-31 00:22:03,5,4,1.0372999999999999,880.0,165.0,High
450024,UNIVERSITY MEDICAL CENTER OF EL PASO,4815 ALAMEDA AVE,EL PASO,EL PASO,TX,79905,(915) 521-7602,Acute Care Hospitals,Physician,1,3.0,,Y,2026-07-31 00:22:03,4,2,1.0149,163.0,27.0,Medium
450028,VALLEY BAPTIST MEDICAL CENTER- BROWNSVILLE,1040 W JEFFERSON ST,BROWNSVILLE,CAMERON,TX,78520,(956) 544-1400,Acute Care Hospitals,Proprietary,1,3.0,,Y,2026-07-31 00:22:03,4,2,1.00135,324.0,62.0,Medium
450029,LAREDO MEDICAL CENTER,1700 EAST SAUNDERS,LAREDO,WEBB,TX,78044,(956) 796-5000,Acute Care Hospitals,Proprietary,1,4.0,,Y,2026-07-31 00:22:03,4,2,0.990975,701.0,129.0,Medium
450032,CHRISTUS GOOD SHEPHERD MEDICAL CENTER,700 E MARSHALL AVE,LONGVIEW,GREGG,TX,75601,(903) 927-6712,Acute Care Hospitals,Voluntary non-profit - Private,1,4.0,,Y,2026-07-31 00:22:03,5,4,1.03788,1748.0,325.0,High
450033,VHS HARLINGEN HOSPITAL COMPANY LLC,2101 PEASE ST,HARLINGEN,CAMERON,TX,78550,(956) 389-1100,Acute Care Hospitals,Proprietary,1,2.0,,Y,2026-07-31 00:22:03,5,2,1.01932,664.0,128.0,Medium
450034,CHRISTUS SOUTHEAST TEXAS- ST ELIZABETH,2830 CALDER AVENUE,BEAUMONT,JEFFERSON,TX,77702,(409) 892-7171,Acute Care Hospitals,Voluntary non-profit - Private,1,4.0,,Y,2026-07-31 00:22:03,5,2,1.02126,1133.0,204.0,Medium
450035,ST JOSEPH MEDICAL CENTER,1401 ST. JOSEPH PARKWAY,HOUSTON,HARRIS,TX,77002,(713) 757-1000,Acute Care Hospitals,Physician,1,3.0,,Y,2026-07-31 00:22:03,1,0,0.9817,0.0,0.0,Low
450039,JPS HEALTH NETWORK,1500 S MAIN ST,FORT WORTH,TARRANT,TX,76104,(817) 921-3431,Acute Care Hospitals,Government - Hospital District or Authority,1,4.0,,Y,2026-07-31 00:22:03,3,0,0.9775,305.0,55.0,Low
450040,COVENANT MEDICAL CENTER,3615 19TH STREET,LUBBOCK,LUBBOCK,TX,79410,(806) 725-4431,Acute Care Hospitals,Voluntary non-profit - Private,1,3.0,,,2026-07-31 00:22:03,5,1,0.9329000000000001,1521.0,214.0,Low
450042,ASCENSION PROVIDENCE,6901 MEDICAL PARKWAY,WACO,MC LENNAN,TX,76712,(254) 751-4000,Acute Care Hospitals,Voluntary non-profit - Private,1,2.0,29,,2026-07-31 00:22:03,6,2,0.9729166666666668,1130.0,189.0,Medium
450044,UT OF TEXAS  SOUTHWESTERN UNIVERSITY HOSPITAL - WILLIAM P. CLEMENTS JR.,6201 HARRY HINES BLVD,DALLAS,DALLAS,TX,75390,(214) 633-5555,Acute Care Hospitals,Government - State,1,4.0,,Y,2026-07-31 00:22:03,6,4,1.0397166666666668,1505.0,312.0,High
450046,CHRISTUS SPOHN HOSPITAL CORPUS CHRISTI,600 ELIZABETH STREET,CORPUS CHRISTI,NUECES,TX,78404,(361) 902-4103,Acute Care Hospitals,Voluntary non-profit - Private,1,3.0,,Y,2026-07-31 00:22:03,6,3,1.0024,1106.0,186.0,Medium
450051,METHODIST DALLAS MEDICAL CENTER,1441 NORTH BECKLEY AVENUE,DALLAS,DALLAS,TX,75203,(214) 947-8181,Acute Care Hospitals,Voluntary non-profit - Other,1,3.0,,Y,2026-07-31 00:22:03,4,1,0.978725,305.0,56.0,Low
450054,BAYLOR SCOTT & WHITE MEDICAL CENTER - TEMPLE,2401 S  31ST ST,TEMPLE,BELL,TX,76508,(254) 724-2111,Acute Care Hospitals,Voluntary non-profit - Private,1,5.0,,Y,2026-07-31 00:22:03,6,4,0.9942833333333333,1481.0,246.0,High
450055,ROLLING PLAINS MEMORIAL HOSPITAL,200 E ARIZONA,SWEETWATER,NOLAN,TX,79556,(325) 235-1701,Acute Care Hospitals,Government - Hospital District or Authority,1,,16,Y,2026-07-31 00:22:03,3,1,1.0035,72.0,11.0,Low
450056,ASCENSION SETON MEDICAL CENTER AUSTIN,1201 W 38TH ST,AUSTIN,TRAVIS,TX,78705,(512) 324-1000,Acute Care Hospitals,Voluntary non-profit - Private,1,3.0,29,Y,2026-07-31 00:22:03,6,3,1.0119,788.0,142.0,Medium
450058,BAPTIST MEDICAL CENTER,111 DALLAS STREET,SAN ANTONIO,BEXAR,TX,78205,(210) 297-8256,Acute Care Hospitals,Proprietary,1,3.0,,Y,2026-07-31 00:22:03,6,1,0.9639166666666666,2550.0,354.0,Low
450064,TEXAS HEALTH ARLINGTON MEMORIAL HOSPITAL,800 W RANDOL MILL RD,ARLINGTON,TARRANT,TX,76012,(817) 548-6200,Acute Care Hospitals,Voluntary non-profit - Private,1,4.0,,Y,2026-07-31 00:22:03,3,2,1.0169,671.0,117.0,Medium
450068,MEMORIAL HERMANN - TEXAS MEDICAL CENTER,6411 FANNIN,HOUSTON,HARRIS,TX,77030,(713) 704-3700,Acute Care Hospitals,Voluntary non-profit - Private,1,4.0,,Y,2026-07-31 00:22:03,5,2,0.9741799999999999,1191.0,205.0,Medium
450072,CHI ST LUKE'S HEALTH BRAZOSPORT,100 MEDICAL DRIVE,LAKE JACKSON,BRAZORIA,TX,77566,(979) 297-4411,Acute Care Hospitals,Voluntary non-profit - Private,1,4.0,,,2026-07-31 00:22:03,4,3,1.013875,375.0,80.0,Medium
450079,BAYLOR SCOTT & WHITE MEDICAL CENTER AT IRVING,1901 N MACARTHUR BLVD,IRVING,DALLAS,TX,75061,(972) 579-8100,Acute Care Hospitals,Voluntary non-profit - Private,1,5.0,,Y,2026-07-31 00:22:03,4,3,1.052875,635.0,133.0,Medium
450080,TITUS REGIONAL MEDICAL CENTER,2001 N JEFFERSON,MOUNT PLEASANT,TITUS,TX,75455,(903) 577-6000,Acute Care Hospitals,Government - Hospital District or Authority,1,3.0,,Y,2026-07-31 00:22:03,4,1,0.96785,257.0,43.0,Low
450082,CHRISTUS SPOHN HOSPITAL BEEVILLE,1500 E HOUSTON HWY,BEEVILLE,BEE,TX,78102,(361) 354-2000,Acute Care Hospitals,Voluntary non-profit - Private,1,2.0,,Y,2026-07-31 00:22:03,2,1,1.02905,99.0,23.0,Low
450083,UT HEALTH EAST TEXAS TYLER REGIONAL HOSPITAL,1000 SOUTH BECKHAM AVE,TYLER,SMITH,TX,75701,(903) 597-0351,Acute Care Hospitals,Proprietary,1,2.0,,Y,2026-07-31 00:22:03,6,5,1.0416333333333334,2274.0,377.0,High
450087,MEDICAL CITY NORTH HILLS,4401 BOOTH CALLOWAY ROAD,NORTH RICHLAND HILLS,TARRANT,TX,76180,(817) 255-1000,Acute Care Hospitals,Proprietary,1,2.0,,,2026-07-31 00:22:03,5,4,1.02484,587.0,118.0,High
450090,NORTH TEXAS MEDICAL CENTER,1900 HOSPITAL BLVD,GAINESVILLE,COOKE,TX,76240,(940) 612-8600,Acute Care Hospitals,Voluntary non-profit - Private,1,4.0,,Y,2026-07-31 00:22:03,4,0,0.97645,159.0,17.0,Low
450092,FORT DUNCAN MEDICAL CENTER,3333 N FOSTER MALDONADO BLVD,EAGLE PASS,MAVERICK,TX,78852,(830) 773-5321,Acute Care Hospitals,Proprietary,1,3.0,,Y,2026-07-31 00:22:03,2,1,1.0129000000000001,149.0,29.0,Low
450097,HCA HOUSTON HEALTHCARE SOUTHEAST,4000 SPENCER HWY,PASADENA,HARRIS,TX,77504,(713) 359-1000,Acute Care Hospitals,Proprietary,1,3.0,,Y,2026-07-31 00:22:03,5,2,1.00322,261.0,47.0,Medium
450101,BAYLOR SCOTT & WHITE MEDICAL CENTER HILLCREST,100 HILLCREST MEDICAL BLVD,WACO,MC LENNAN,TX,76712,(254) 202-2000,Acute Care Hospitals,Voluntary non-profit - Private,1,4.0,,Y,2026-07-31 00:22:03,5,2,0.9718199999999999,695.0,114.0,Medium
450102,CHRISTUS MOTHER FRANCES HOSPITAL,800 EAST DAWSON,TYLER,SMITH,TX,75701,(903) 593-8441,Acute Care Hospitals,Voluntary non-profit - Private,1,4.0,,Y,2026-07-31 00:22:03,6,1,0.91255,3039.0,447.0,Low
450104,GUADALUPE REGIONAL MEDICAL CENTER,1215 E COURT ST,SEGUIN,GUADALUPE,TX,78155,(830) 379-2411,Acute Care Hospitals,Government - Local,1,2.0,,Y,2026-07-31 00:22:03,5,4,1.12326,440.0,79.0,High
450107,LAS PALMAS MEDICAL CENTER A CAMPUS OF LPDS HEALTHC,1801 NORTH OREGON STREET,EL PASO,EL PASO,TX,79902,(915) 521-1200,Acute Care Hospitals,Proprietary,1,2.0,,Y,2026-07-31 00:22:03,6,4,1.0272666666666666,700.0,140.0,High
450108,CONNALLY MEMORIAL MEDICAL CENTER,499 10TH STREET,FLORESVILLE,WILSON,TX,78114,(830) 393-1300,Acute Care Hospitals,Government - Hospital District or Authority,1,3.0,,,2026-07-31 00:22:03,2,0,0.9782500000000001,0.0,0.0,Low
450119,SOUTH TEXAS HEALTH SYSTEM,1102 W TRENTON ROAD,EDINBURG,HIDALGO,TX,78539,(956) 632-4000,Acute Care Hospitals,Proprietary,1,4.0,,Y,2026-07-31 00:22:03,5,3,1.02814,775.0,165.0,Medium
450124,DELL SETON  MED CENTER AT THE UNIVERSITY OF TX,601 E 15TH STREET,AUSTIN,TRAVIS,TX,78701,(512) 324-7000,Acute Care Hospitals,Voluntary non-profit - Private,0,4.0,29,,2026-07-31 00:22:03,1,0,0.981,0.0,0.0,Low
450128,KNAPP MEDICAL CENTER,1401 EAST EIGHT STREET,WESLACO,HIDALGO,TX,78596,(956) 968-8567,Acute Care Hospitals,Voluntary non-profit - Private,1,5.0,,Y,2026-07-31 00:22:03,2,1,1.00345,203.0,39.0,Low
450132,MEDICAL CENTER HOSPITAL,500 W 4TH STREET,ODESSA,ECTOR,TX,79761,(432) 640-4000,Acute Care Hospitals,Government - Hospital District or Authority,1,3.0,,Y,2026-07-31 00:22:03,5,0,0.94012,924.0,134.0,Low
450133,MIDLAND MEMORIAL HOSPITAL,400 ROSALIND REDFERN GROVER PARKWAY,MIDLAND,MIDLAND,TX,79701,(432) 685-1111,Acute Care Hospitals,Government - Hospital District or Authority,1,1.0,,Y,2026-07-31 00:22:03,5,3,1.01716,726.0,122.0,Medium
450135,TEXAS HEALTH HARRIS METHODIST FORT WORTH,1301 PENNSYLVANIA AVENUE,FORT WORTH,TARRANT,TX,76104,(817) 250-2100,Acute Care Hospitals,Voluntary non-profit - Private,1,4.0,,Y,2026-07-31 00:22:03,5,1,0.9576,2004.0,325.0,Low
450137,BAYLOR SCOTT AND WHITE ALL SAINTS MEDICAL CENTER,1400 EIGHTH AVE,FORT WORTH,TARRANT,TX,76104,(817) 926-2544,Acute Care Hospitals,Voluntary non-profit - Private,0,4.0,,Y,2026-07-31 00:22:03,5,4,1.0339,828.0,179.0,High
450144,PERMIAN REGIONAL MEDICAL CENTER ANDREWS COUNTY HO,720 HOSPITAL DRIVE,ANDREWS,ANDREWS,TX,79714,(432) 523-2200,Acute Care Hospitals,Government - Hospital District or Authority,1,,16,Y,2026-07-31 00:22:03,1,0,0.9843,0.0,0.0,Low
450147,DE TAR HOSPITAL NAVARRO,506 E SAN ANTONIO ST,VICTORIA,VICTORIA,TX,77901,(361) 575-7441,Acute Care Hospitals,Proprietary,1,2.0,,,2026-07-31 00:22:03,4,2,1.002025,693.0,117.0,Medium
450148,TEXAS HEALTH HARRIS METHODIST HOSPITAL CLEBURNE,201 WALLS DRIVE,CLEBURNE,JOHNSON,TX,76031,(817) 641-2251,Acute Care Hospitals,Voluntary non-profit - Private,1,5.0,,,2026-07-31 00:22:03,3,1,0.9731,284.0,35.0,Low
450152,ADVENTHEALTH CENTRAL TEXAS,2201 S CLEAR CREEK ROAD,KILLEEN,BELL,TX,76542,(254) 526-7523,Acute Care Hospitals,Voluntary non-profit - Church,1,3.0,,Y,2026-07-31 00:22:03,4,4,1.041775,667.0,129.0,High
450154,VAL VERDE REGIONAL MEDICAL CENTER,801 BEDELL AVE,DEL RIO,VAL VERDE,TX,78840,(830) 775-8566,Acute Care Hospitals,Government - Hospital District or Authority,1,3.0,,Y,2026-07-31 00:22:03,3,2,1.0015333333333334,184.0,27.0,Medium
450155,HEREFORD REGIONAL MEDICAL CENTER,801 EAST THIRD,HEREFORD,DEAF SMITH,TX,79045,(806) 364-2141,Acute Care Hospitals,Government - Hospital District or Authority,1,,16,Y,2026-07-31 00:22:03,1,0,0.9888,0.0,0.0,Low
450163,CHRISTUS SPOHN HOSPITAL KLEBERG,1311 EAST GENERAL CAVAZOS BLVD,KINGSVILLE,KLEBERG,TX,78363,(361) 595-1661,Acute Care Hospitals,Voluntary non-profit - Private,1,2.0,,Y,2026-07-31 00:22:03,2,1,1.00265,43.0,11.0,Low
450165,METHODIST HOSPITAL ATASCOSA,1905 HWY 97 EAST,JOURDANTON,ATASCOSA,TX,78026,(830) 769-3515,Acute Care Hospitals,Proprietary,1,3.0,,,2026-07-31 00:22:03,2,1,0.9904,49.0,11.0,Low
450176,MISSION REGIONAL MEDICAL CENTER,900 SOUTH BRYAN ROAD,MISSION,HIDALGO,TX,78572,(956) 323-9000,Acute Care Hospitals,Voluntary non-profit - Private,1,4.0,,Y,2026-07-31 00:22:03,4,4,1.040575,392.0,85.0,High
450184,MEMORIAL HERMANN HOSPITAL SYSTEM,1635  NORTH LOOP WEST,HOUSTON,HARRIS,TX,77008,(713) 448-6796,Acute Care Hospitals,Voluntary non-profit - Private,1,3.0,,Y,2026-07-31 00:22:03,6,5,1.0574166666666667,3922.0,728.0,High
450193,Baylor St Lukes Medical Center,"6720 BERTNER AVE, STE MC1-266",HOUSTON,HARRIS,TX,77030,(832) 355-1000,Acute Care Hospitals,Voluntary non-profit - Church,1,4.0,,,2026-07-31 00:22:03,5,0,0.93718,1018.0,154.0,Low
450194,UT HEALTH EAST TEXAS JACKSONVILLE HOSPITAL,501 S RAGSDALE,JACKSONVILLE,CHEROKEE,TX,75766,(903) 541-5000,Acute Care Hospitals,Proprietary,1,,16,Y,2026-07-31 00:22:03,2,2,1.0101,0.0,0.0,Medium
450196,PARIS REGIONAL MEDICAL CENTER,865 DESHONG DR,PARIS,LAMAR,TX,75460,(903) 785-4521,Acute Care Hospitals,Proprietary,1,1.0,,Y,2026-07-31 00:22:03,5,2,0.9891,1266.0,232.0,Medium
450200,WADLEY REGIONAL MEDICAL CENTER,1000 PINE STREET,TEXARKANA,BOWIE,TX,75501,(903) 798-8000,Acute Care Hospitals,Physician,1,,16,,2026-07-31 00:22:03,4,3,1.01335,422.0,79.0,Medium
450203,MEDICAL CITY WEATHERFORD,713 E ANDERSON ST,WEATHERFORD,PARKER,TX,76086,(682) 582-1000,Acute Care Hospitals,Proprietary,1,2.0,,Y,2026-07-31 00:22:03,5,5,1.0494999999999999,870.0,174.0,High
450209,NORTHWEST TEXAS HOSPITAL,1501 S  COULTER ST,AMARILLO,POTTER,TX,79106,(806) 354-1110,Acute Care Hospitals,Voluntary non-profit - Private,1,3.0,,Y,2026-07-31 00:22:03,5,1,0.98378,810.0,109.0,Low
450210,UT HEALTH EAST TEXAS CARTHAGE HOSPITAL,409 COTTAGE RD,CARTHAGE,PANOLA,TX,75633,(903) 693-3841,Acute Care Hospitals,Proprietary,1,5.0,,,2026-07-31 00:22:03,2,2,1.00815,0.0,0.0,Medium
450211,CHI ST LUKES HEALTH MEMORIAL LUFKIN,1201 WEST FRANK STREET,LUFKIN,ANGELINA,TX,75901,(936) 634-8111,Acute Care Hospitals,Voluntary non-profit - Private,1,2.0,,Y,2026-07-31 00:22:03,4,3,1.036025,556.0,103.0,Medium
450213,UNIVERSITY HEALTH SYSTEM,4502 MEDICAL DR,SAN ANTONIO,BEXAR,TX,78229,(210) 358-2637,Acute Care Hospitals,Government - Hospital District or Authority,1,3.0,,Y,2026-07-31 00:22:03,5,2,0.9923,316.0,57.0,Medium
450222,HCA HOUSTON HEALTHCARE CONROE,504 MEDICAL CENTER BLVD,CONROE,MONTGOMERY,TX,77304,(936) 539-1111,Acute Care Hospitals,Proprietary,1,2.0,,Y,2026-07-31 00:22:03,5,5,1.06174,715.0,145.0,High
450229,HENDRICK MEDICAL CENTER,1900 PINE,ABILENE,TAYLOR,TX,79601,(325) 670-2000,Acute Care Hospitals,Voluntary non-profit - Private,1,3.0,,Y,2026-07-31 00:22:03,6,2,0.9585,3048.0,390.0,Medium
450231,BSA HOSPITAL,1600 WALLACE BLVD,AMARILLO,POTTER,TX,79106,(806) 212-2000,Acute Care Hospitals,Proprietary,1,2.0,,Y,2026-07-31 00:22:03,6,3,1.0553166666666667,2184.0,323.0,Medium
450235,MEMORIAL HOSPITAL,1110 NORTH SARAH DEWITT DRIVE,GONZALES,GONZALES,TX,78629,(830) 672-7581,Acute Care Hospitals,Government - Hospital District or Authority,0,,16,Y,2026-07-31 00:22:03,1,0,0.9818,0.0,0.0,Low
450236,CHRISTUS MOTHER FRANCES HOSPITAL SULPHUR SPRINGS,115 AIRPORT RD,SULPHUR SPRINGS,HOPKINS,TX,75482,(903) 885-7671,Acute Care Hospitals,Voluntary non-profit - Private,1,4.0,,Y,2026-07-31 00:22:03,4,0,0.9565,441.0,67.0,Low
450237,CHRISTUS SANTA ROSA MEDICAL CENTER,11212 State Hwy 151,SAN ANTONIO,BEXAR,TX,78251,(210) 703-8211,Acute Care Hospitals,Voluntary non-profit - Private,1,3.0,,Y,2026-07-31 00:22:03,6,3,1.0146499999999998,2333.0,394.0,Medium
450241,FAITH COMMUNITY HOSPITAL,215 CHISHOLM TRAIL,JACKSBORO,JACK,TX,76458,(940) 567-6633,Acute Care Hospitals,Government - Hospital District or Authority,1,,16,Y,2026-07-31 00:22:03,1,1,1.0049,0.0,0.0,Low
450272,CHRISTUS SANTA ROSA HOSPITAL-SAN MARCOS,1301 WONDER WORLD DRIVE,SAN MARCOS,HAYS,TX,78666,(512) 753-3511,Acute Care Hospitals,Voluntary non-profit - Church,1,4.0,,Y,2026-07-31 00:22:03,4,3,1.0078,339.0,52.0,Medium
450289,HARRIS HEALTH,1504 TAUB LOOP,HOUSTON,HARRIS,TX,77030,(713) 873-2000,Acute Care Hospitals,Government - Hospital District or Authority,1,3.0,,Y,2026-07-31 00:22:03,1,1,1.0334,54.0,15.0,Low
450292,TEXAS HEALTH PRESBYTERIAN HOSPITAL KAUFMAN,850 ED HALL,KAUFMAN,KAUFMAN,TX,75142,(972) 932-7200,Acute Care Hospitals,Voluntary non-profit - Private,1,,16,,2026-07-31 00:22:03,2,0,0.988,0.0,0.0,Low
450324,TEXOMA MEDICAL CENTER,5016 S US HIGHWAY 75,DENISON,GRAYSON,TX,75020,(903) 416-4000,Acute Care Hospitals,Proprietary,1,4.0,,Y,2026-07-31 00:22:03,6,2,1.0091333333333334,2638.0,522.0,Medium
450330,OAKBEND MEDICAL CENTER,1705 JACKSON ST,RICHMOND,FORT BEND,TX,77469,(281) 341-3000,Acute Care Hospitals,Government - Hospital District or Authority,1,3.0,,Y,2026-07-31 00:22:03,3,1,1.0071,148.0,33.0,Low
450346,BAPTIST BEAUMONT HOSPITAL,3080 COLLEGE STREET,BEAUMONT,JEFFERSON,TX,77701,(409) 212-5000,Acute Care Hospitals,Voluntary non-profit - Private,1,3.0,,Y,2026-07-31 00:22:03,5,2,0.9981200000000001,722.0,133.0,Medium
450347,HUNTSVILLE MEMORIAL HOSPITAL,110 MEMORIAL HOSPITAL DRIVE,HUNTSVILLE,WALKER,TX,77340,(936) 291-3411,Acute Care Hospitals,Voluntary non-profit - Private,1,2.0,,Y,2026-07-31 00:22:03,3,3,1.0294666666666668,356.0,63.0,Medium
450351,TEXAS HEALTH HARRIS METHODIST HOSPITAL STEPHENVILL,411 N BELKNAP ST,STEPHENVILLE,ERATH,TX,76401,(254) 965-1500,Acute Care Hospitals,Voluntary non-profit - Private,1,4.0,,Y,2026-07-31 00:22:03,2,1,1.01425,171.0,28.0,Low
450352,HUNT REGIONAL MEDICAL CENTER,4215 JOE RAMSEY BLVD E,GREENVILLE,HUNT,TX,75401,(903) 408-5000,Acute Care Hospitals,Government - Hospital District or Authority,1,2.0,,Y,2026-07-31 00:22:03,5,3,1.01128,1027.0,186.0,Medium
450358,HOUSTON METHODIST HOSPITAL,6565 FANNIN,HOUSTON,HARRIS,TX,77030,(713) 790-2221,Acute Care Hospitals,Voluntary non-profit - Private,1,5.0,,Y,2026-07-31 00:22:03,6,0,0.9543833333333334,3405.0,588.0,Low
450369,CHILDRESS REGIONAL MEDICAL CENTER,HWY 83 NORTH,CHILDRESS,CHILDRESS,TX,79201,(940) 937-6371,Acute Care Hospitals,Government - Hospital District or Authority,1,,16,Y,2026-07-31 00:22:03,3,0,0.9427333333333333,0.0,0.0,Low
450370,COLUMBUS COMMUNITY HOSPITAL,110 SHULT DR,COLUMBUS,COLORADO,TX,78934,(979) 732-2371,Acute Care Hospitals,Voluntary non-profit - Private,1,2.0,,Y,2026-07-31 00:22:03,2,1,0.9747999999999999,57.0,11.0,Low
450372,BAYLOR SCOTT & WHITE MEDICAL CENTER- WAXAHACHIE,2400 N INTERSTATE HIGHWAY 35E,WAXAHACHIE,ELLIS,TX,75165,(972) 923-7000,Acute Care Hospitals,Voluntary non-profit - Private,1,4.0,,Y,2026-07-31 00:22:03,4,3,1.051,820.0,157.0,Medium
450379,DALLAS MEDICAL CENTER,7 MEDICAL PARKWAY,DALLAS,DALLAS,TX,75234,(972) 247-1000,Acute Care Hospitals,Proprietary,1,3.0,,,2026-07-31 00:22:03,2,2,1.0389499999999998,56.0,11.0,Medium
450388,METHODIST HOSPITAL,7700 FLOYD CURL DR,SAN ANTONIO,BEXAR,TX,78229,(210) 575-4000,Acute Care Hospitals,Proprietary,1,4.0,,Y,2026-07-31 00:22:03,6,4,1.00935,6202.0,976.0,High
450389,UT HEALTH EAST TEXAS ATHENS HOSPITAL,2000 SOUTH PALESTINE ST,ATHENS,HENDERSON,TX,75751,(903) 676-1000,Acute Care Hospitals,Proprietary,1,2.0,,Y,2026-07-31 00:22:03,4,4,1.041525,527.0,103.0,High
450395,CHI ST LUKES HEALTH MEMORIAL LIVINGSTON,1717 HWY 59 BYPASS,LIVINGSTON,POLK,TX,77351,(936) 327-4381,Acute Care Hospitals,Voluntary non-profit - Private,1,4.0,,Y,2026-07-31 00:22:03,3,1,1.0015,52.0,12.0,Low
450399,BROWNFIELD REGIONAL MEDICAL CENTER,705 EAST FELT STREET,BROWNFIELD,TERRY,TX,79316,(806) 637-8252,Acute Care Hospitals,Government - Hospital District or Authority,1,,16,,2026-07-31 00:22:03,1,0,0.9805,0.0,0.0,Low
450400,PARKVIEW REGIONAL HOSPITAL,600 SOUTH BONHAM STREET,MEXIA,LIMESTONE,TX,76667,(254) 562-5332,Acute Care Hospitals,Proprietary,1,,16,,2026-07-31 00:22:03,1,1,1.0329,75.0,13.0,Low
450403,MEDICAL CENTER OF MCKINNEY,4500 MEDICAL CENTER DRIVE,MCKINNEY,COLLIN,TX,75069,(972) 547-8000,Acute Care Hospitals,Proprietary,1,3.0,,Y,2026-07-31 00:22:03,5,3,1.0412000000000001,1243.0,196.0,Medium
450419,TEXAS HEALTH HARRIS METHODIST HOSPITAL AZLE,108 DENVER TRAIL,AZLE,TARRANT,TX,76020,(817) 444-8700,Acute Care Hospitals,Voluntary non-profit - Private,1,4.0,,,2026-07-31 00:22:03,3,0,0.9402666666666667,0.0,0.0,Low
450422,BAYLOR SCOTT AND WHITE MEDICAL CENTER UPTOWN,2727 EAST LEMMON AVENUE BUILDING I,DALLAS,DALLAS,TX,75204,(214) 443-3000,Acute Care Hospitals,Proprietary,1,,16,,2026-07-31 00:22:03,1,1,1.009,0.0,0.0,Low
450424,HOUSTON METHODIST BAYTOWN HOSPITAL,4401 GARTH ROAD,BAYTOWN,HARRIS,TX,77521,(281) 420-8600,Acute Care Hospitals,Voluntary non-profit - Private,1,5.0,,Y,2026-07-31 00:22:03,5,1,0.94802,1063.0,182.0,Low
450431,ST DAVID'S MEDICAL CENTER,919 E 32ND ST,AUSTIN,TRAVIS,TX,78705,(512) 476-7111,Acute Care Hospitals,Proprietary,1,4.0,,Y,2026-07-31 00:22:03,6,2,0.9974500000000001,3247.0,496.0,Medium
450447,NAVARRO REGIONAL HOSPITAL,3201 WEST HIGHWAY 22,CORSICANA,NAVARRO,TX,75110,(903) 654-6800,Acute Care Hospitals,Government - Hospital District or Authority,1,2.0,,Y,2026-07-31 00:22:03,4,3,1.045825,278.0,56.0,Medium
450451,GLEN ROSE MEDICAL CENTER,1021 HOLDEN STREET,GLEN ROSE,SOMERVELL,TX,76043,(254) 897-2215,Acute Care Hospitals,Government - Hospital District or Authority,1,,16,,2026-07-31 00:22:03,1,1,1.0089,0.0,0.0,Low
450460,TYLER COUNTY HOSPITAL,1100 WEST BLUFF,WOODVILLE,TYLER,TX,75979,(409) 283-8141,Acute Care Hospitals,Government - Hospital District or Authority,1,,16,,2026-07-31 00:22:03,1,0,0.9739,0.0,0.0,Low
450462,TEXAS HEALTH PRESBYTERIAN HOSPITAL DALLAS,8200 WALNUT HILL LANE,DALLAS,DALLAS,TX,75231,(214) 345-6789,Acute Care Hospitals,Voluntary non-profit - Private,1,4.0,,Y,2026-07-31 00:22:03,6,0,0.8813333333333334,1700.0,242.0,Low
450465,MATAGORDA REGIONAL MEDICAL CENTER,104 7TH STREET,BAY CITY,MATAGORDA,TX,77414,(979) 245-6383,Acute Care Hospitals,Government - Hospital District or Authority,1,5.0,,Y,2026-07-31 00:22:03,3,0,0.9485000000000001,186.0,28.0,Low
450469,WILSON N JONES REGIONAL MEDICAL CENTER,500 N HIGHLAND AVENUE,SHERMAN,GRAYSON,TX,75092,(903) 870-4611,Acute Care Hospitals,Proprietary,1,2.0,,,2026-07-31 00:22:03,4,1,0.987825,113.0,26.0,Low
450475,UT HEALTH EAST TEXAS HENDERSON HOSPITAL,300 WILSON STREET,HENDERSON,RUSK,TX,75652,(903) 657-7541,Acute Care Hospitals,Proprietary,1,5.0,,Y,2026-07-31 00:22:03,2,0,0.96975,0.0,0.0,Low
450484,WOODLAND HEIGHTS MEDICAL CENTER,505 SOUTH JOHN REDDITT DRIVE,LUFKIN,ANGELINA,TX,75904,(936) 634-8311,Acute Care Hospitals,Proprietary,1,3.0,,Y,2026-07-31 00:22:03,6,3,1.0019666666666667,715.0,116.0,Medium
450508,NACOGDOCHES MEMORIAL HOSPITAL,1204 MOUND ST,NACOGDOCHES,NACOGDOCHES,TX,75961,(936) 564-4611,Acute Care Hospitals,Proprietary,1,2.0,,,2026-07-31 00:22:03,5,3,1.01772,240.0,54.0,Medium
450518,THE MEDICAL CENTER OF SOUTHEAST TEXAS,2555 JIMMY JOHNSON BLVD,PORT ARTHUR,JEFFERSON,TX,77640,(409) 853-5900,Acute Care Hospitals,Physician,1,3.0,,Y,2026-07-31 00:22:03,5,4,1.03126,408.0,76.0,High
450537,METHODIST RICHARDSON MEDICAL CENTER,2831 E PRESIDENT GEORGE BUSH HIGHWAY,RICHARDSON,COLLIN,TX,75082,(469) 204-1000,Acute Care Hospitals,Government - Hospital District or Authority,1,4.0,,Y,2026-07-31 00:22:03,5,0,0.9686199999999999,867.0,132.0,Low
450539,COVENANT HOSPITAL PLAINVIEW,2601 DIMMITT RD,PLAINVIEW,HALE,TX,79072,(806) 296-5531,Acute Care Hospitals,Voluntary non-profit - Private,1,4.0,,Y,2026-07-31 00:22:03,2,1,0.98595,0.0,0.0,Low
450563,BAYLOR SCOTT & WHITE MEDICAL CENTER  GRAPEVINE,1650 W COLLEGE ST,GRAPEVINE,TARRANT,TX,76051,(817) 481-1588,Acute Care Hospitals,Voluntary non-profit - Private,1,4.0,,Y,2026-07-31 00:22:03,5,3,1.0181200000000001,1186.0,185.0,Medium
450565,PALO PINTO GENERAL HOSPITAL,400 SOUTHWEST 25 AVE,MINERAL WELLS,PALO PINTO,TX,76067,(940) 325-7891,Acute Care Hospitals,Government - Hospital District or Authority,1,3.0,,Y,2026-07-31 00:22:03,3,0,0.9797666666666668,0.0,0.0,Low
450571,SHANNON MEDICAL CENTER,120 E HARRIS AVE.,SAN ANGELO,TOM GREEN,TX,76903,(325) 653-6741,Acute Care Hospitals,Voluntary non-profit - Private,1,3.0,,Y,2026-07-31 00:22:03,6,3,0.9991666666666666,1676.0,246.0,Medium
450573,CHRISTUS JASPER MEMORIAL HOSPITAL,1275 MARVIN HANCOCK DRIVE,JASPER,JASPER,TX,75951,(409) 384-5461,Acute Care Hospitals,Voluntary non-profit - Private,1,4.0,,,2026-07-31 00:22:03,3,1,0.9947333333333335,0.0,0.0,Low
450584,WILBARGER GENERAL HOSPITAL,920 HILLCREST DR,VERNON,WILBARGER,TX,76384,(940) 552-9351,Acute Care Hospitals,Government - Hospital District or Authority,1,,16,,2026-07-31 00:22:03,1,0,0.9951,0.0,0.0,Low
450587,HENDRICK MEDICAL CENTER BROWNWOOD,1501 BURNET DR,BROWNWOOD,BROWN,TX,76801,(325) 646-8541,Acute Care Hospitals,Proprietary,1,1.0,,Y,2026-07-31 00:22:03,5,1,1.05342,308.0,42.0,Low
450596,LAKE GRANBURY MEDICAL CENTER,1310 PALUXY RD,GRANBURY,HOOD,TX,76048,(817) 573-2683,Acute Care Hospitals,Proprietary,1,3.0,,Y,2026-07-31 00:22:03,4,1,0.98605,337.0,55.0,Low
450597,CUERO REGIONAL HOSPITAL,2550 N ESPLANADE,CUERO,DE WITT,TX,77954,(361) 275-6191,Acute Care Hospitals,Government - Hospital District or Authority,1,4.0,,Y,2026-07-31 00:22:03,2,0,0.94235,0.0,0.0,Low
450604,HILL COUNTRY MEMORIAL HOSPITAL,1020 SOUTH STATE HIGHWAY 16,FREDERICKSBURG,GILLESPIE,TX,78624,(830) 997-4353,Acute Care Hospitals,Proprietary,1,4.0,,Y,2026-07-31 00:22:03,4,1,0.951125,81.0,14.0,Low
450610,MEMORIAL HERMANN MEMORIAL CITY HOSPITAL,921 GESSNER,HOUSTON,HARRIS,TX,77024,(713) 242-3000,Acute Care Hospitals,Voluntary non-profit - Private,1,4.0,,Y,2026-07-31 00:22:03,5,1,0.93208,1119.0,149.0,Low
450617,HCA HOUSTON HEALTHCARE CLEAR LAKE,500 W MEDICAL CENTER BLVD,WEBSTER,HARRIS,TX,77598,(281) 332-2511,Acute Care Hospitals,Proprietary,1,4.0,,Y,2026-07-31 00:22:03,6,2,0.9789,1434.0,286.0,Medium
450634,MEDICAL CITY DENTON,3535 SOUTH I35 EAST,DENTON,DENTON,TX,76210,(940) 384-3535,Acute Care Hospitals,Proprietary,1,4.0,,Y,2026-07-31 00:22:03,6,5,1.0413166666666667,993.0,191.0,High
450638,HCA HOUSTON HEALTHCARE NORTHWEST,710 CYPRESS CREEK PARKWAY,HOUSTON,HARRIS,TX,77090,(281) 440-1000,Acute Care Hospitals,Proprietary,1,2.0,,Y,2026-07-31 00:22:03,3,3,1.0508,207.0,52.0,Medium
450639,TEXAS HEALTH HARRIS METHODIST HURST-EULESS-BEDFORD,1600 HOSPITAL PARKWAY,BEDFORD,TARRANT,TX,76022,(817) 848-4000,Acute Care Hospitals,Voluntary non-profit - Private,1,4.0,,Y,2026-07-31 00:22:03,5,4,1.0541399999999999,1104.0,224.0,High
450641,NOCONA GENERAL HOSPITAL,100 PARK ROAD,NOCONA,MONTAGUE,TX,76255,(940) 825-3235,Acute Care Hospitals,Government - Hospital District or Authority,1,1.0,,,2026-07-31 00:22:03,2,1,1.01575,0.0,0.0,Low
450643,DOCTORS HOSPITAL OF LAREDO,10700 MCPHERSON ROAD,LAREDO,WEBB,TX,78041,(956) 523-2000,Acute Care Hospitals,Proprietary,1,4.0,,Y,2026-07-31 00:22:03,4,1,1.0053,268.0,53.0,Low
450644,HCA HOUSTON HEALTHCARE WEST,12141 RICHMOND AVE,HOUSTON,HARRIS,TX,77082,(281) 588-8080,Acute Care Hospitals,Proprietary,1,1.0,,Y,2026-07-31 00:22:03,4,3,1.003225,318.0,60.0,Medium
450647,MEDICAL CITY DALLAS HOSPITAL,7777 FOREST LANE,DALLAS,DALLAS,TX,75230,(972) 566-6222,Acute Care Hospitals,Proprietary,1,3.0,,Y,2026-07-31 00:22:03,6,5,1.0369666666666666,1081.0,193.0,High
450651,MEDICAL CITY PLANO,3901 W 15TH ST,PLANO,COLLIN,TX,75075,(972) 596-6800,Acute Care Hospitals,Proprietary,1,3.0,,Y,2026-07-31 00:22:03,6,2,0.9985666666666666,1575.0,228.0,Medium
450653,SCENIC MOUNTAIN MEDICAL CENTER,1601 W 11TH PLACE,BIG SPRING,HOWARD,TX,79720,(432) 263-1211,Acute Care Hospitals,Proprietary,1,,16,Y,2026-07-31 00:22:03,2,1,1.0114,50.0,11.0,Low
450654,STARR COUNTY MEMORIAL HOSPITAL,128  N FM RD 3167,RIO GRANDE CITY,STARR,TX,78582,(956) 487-5561,Acute Care Hospitals,Government - Hospital District or Authority,1,2.0,,Y,2026-07-31 00:22:03,2,1,1.01855,73.0,16.0,Low
450656,NACOGDOCHES MEDICAL CENTER,4920 NE STALLINGS DRIVE,NACOGDOCHES,NACOGDOCHES,TX,75965,(936) 569-9481,Acute Care Hospitals,Voluntary non-profit - Other,1,3.0,,Y,2026-07-31 00:22:03,5,3,1.01032,554.0,95.0,Medium
450658,FREESTONE MEDICAL CENTER,125 NEWMAN ST,FAIRFIELD,FREESTONE,TX,75840,(903) 389-1612,Acute Care Hospitals,Government - Hospital District or Authority,1,,16,,2026-07-31 00:22:03,1,0,0.9856,0.0,0.0,Low
450659,HCA HOUSTON HEALTHCARE MEDICAL CENTER,1313 HERMANN DR,HOUSTON,HARRIS,TX,77004,(713) 527-5019,Acute Care Hospitals,Proprietary,1,4.0,,,2026-07-31 00:22:03,3,2,1.0321,158.0,37.0,Medium
450661,ODESSA REGIONAL MEDICAL CENTER,520 E 6TH STREET,ODESSA,ECTOR,TX,79761,(432) 582-8340,Acute Care Hospitals,Proprietary,1,3.0,,Y,2026-07-31 00:22:03,4,0,0.952175,163.0,26.0,Low
450662,VALLEY REGIONAL MEDICAL CENTER,100 A ALTON GLOOR,BROWNSVILLE,CAMERON,TX,78526,(956) 350-7000,Acute Care Hospitals,Proprietary,1,2.0,,Y,2026-07-31 00:22:03,4,3,1.042475,402.0,80.0,Medium
450668,SIERRA MEDICAL CENTER,1625 MEDICAL CENTER DR,EL PASO,EL PASO,TX,79902,(915) 747-4000,Acute Care Hospitals,Proprietary,1,2.0,,,2026-07-31 00:22:03,5,3,1.05928,330.0,60.0,Medium
450669,MEDICAL CITY LEWISVILLE,500 WEST MAIN STREET,LEWISVILLE,DENTON,TX,75057,(972) 420-1000,Acute Care Hospitals,Voluntary non-profit - Private,1,3.0,,Y,2026-07-31 00:22:03,4,3,1.0188,475.0,88.0,Medium
450670,HCA HOUSTON HEALTHCARE TOMBALL,605 HOLDERRIETH,TOMBALL,HARRIS,TX,77375,(281) 351-7500,Acute Care Hospitals,Proprietary,1,3.0,,Y,2026-07-31 00:22:03,6,5,1.0431833333333334,660.0,135.0,High
450672,MEDICAL CITY FORT WORTH,900 EIGHTH AVENUE,FORT WORTH,TARRANT,TX,76104,(817) 336-2100,Acute Care Hospitals,Proprietary,1,2.0,,,2026-07-31 00:22:03,6,5,1.0692166666666667,846.0,174.0,High
450675,MEDICAL CITY ARLINGTON,3301 MATLOCK ROAD,ARLINGTON,TARRANT,TX,76015,(817) 465-3241,Acute Care Hospitals,Proprietary,1,2.0,,Y,2026-07-31 00:22:03,5,4,1.05774,749.0,153.0,High
450677,TEXAS HEALTH HUGULEY HOSPITAL FORT WORTH SOUTH,11801 SOUTH FREEWAY,FORT WORTH,TARRANT,TX,76115,(817) 293-9110,Acute Care Hospitals,Voluntary non-profit - Church,1,3.0,,Y,2026-07-31 00:22:03,4,2,1.040625,1026.0,203.0,Medium
450678,WHITE ROCK MEDICAL CENTER,9440 POPPY DRIVE,DALLAS,DALLAS,TX,75218,(214) 324-6100,Acute Care Hospitals,Proprietary,1,2.0,,,2026-07-31 00:22:03,3,3,1.0512333333333332,217.0,51.0,Medium
450684,MEMORIAL HERMANN NORTHEAST HOSPITAL,18951 MEMORIAL NORTH,HUMBLE,HARRIS,TX,77338,(281) 540-7700,Acute Care Hospitals,Voluntary non-profit - Private,1,3.0,,Y,2026-07-31 00:22:03,4,2,0.997,982.0,193.0,Medium
450686,UNIVERSITY MEDICAL CENTER,602 INDIANA AVENUE,LUBBOCK,LUBBOCK,TX,79415,(806) 775-8200,Acute Care Hospitals,Government - Hospital District or Authority,1,2.0,,Y,2026-07-31 00:22:03,5,3,1.01922,1092.0,185.0,Medium
450688,DALLAS REGIONAL MEDICAL CENTER,1011 NORTH GALLOWAY AVENUE,MESQUITE,DALLAS,TX,75149,(214) 320-7000,Acute Care Hospitals,Proprietary,1,3.0,,Y,2026-07-31 00:22:03,4,2,0.9876,362.0,68.0,Medium
450690,THE UNIVERSITY OF TEXAS HEALTH SCIENCE CENTER AT TYLER,11937 US HIGHWAY 271,TYLER,SMITH,TX,75708,(903) 877-7777,Acute Care Hospitals,Government - State,1,4.0,,,2026-07-31 00:22:03,3,0,0.9754333333333335,0.0,0.0,Low
450694,EL CAMPO MEMORIAL HOSPITAL,303 SANDY CORNER RD,EL CAMPO,WHARTON,TX,77437,(979) 578-5251,Acute Care Hospitals,Voluntary non-profit - Other,1,3.0,,,2026-07-31 00:22:03,2,1,0.98895,85.0,23.0,Low
450702,LONGVIEW REGIONAL MEDICAL CENTER,2901 N FOURTH ST,LONGVIEW,GREGG,TX,75605,(903) 758-1818,Acute Care Hospitals,Proprietary,1,3.0,,Y,2026-07-31 00:22:03,6,3,1.0330666666666666,1083.0,186.0,Medium
450709,HOUSTON METHODIST CLEAR LAKE HOSPITAL,18300 ST JOHN DRIVE,NASSAU BAY,HARRIS,TX,77058,(281) 333-5503,Acute Care Hospitals,Voluntary non-profit - Private,1,5.0,,Y,2026-07-31 00:22:03,4,2,1.016175,786.0,156.0,Medium
450711,RIO GRANDE REGIONAL HOSPITAL,101 E RIDGE RD,MCALLEN,HIDALGO,TX,78503,(956) 632-6000,Acute Care Hospitals,Proprietary,1,4.0,,Y,2026-07-31 00:22:03,3,1,1.0059,285.0,57.0,Low
450713,ST DAVID'S SOUTH AUSTIN MEDICAL CENTER,901 WEST BEN WHITE BLVD,AUSTIN,TRAVIS,TX,78704,(512) 448-7107,Acute Care Hospitals,Proprietary,1,3.0,,Y,2026-07-31 00:22:03,6,4,0.9981166666666667,1410.0,224.0,High
450718,ROUND ROCK MEDICAL CENTER,2400 ROUND ROCK AVE,ROUND ROCK,WILLIAMSON,TX,78681,(512) 341-1000,Acute Care Hospitals,Proprietary,1,3.0,,Y,2026-07-31 00:22:03,5,1,0.97804,1100.0,160.0,Low
450723,METHODIST CHARLTON MEDICAL CENTER,3500 W WHEATLAND ROAD,DALLAS,DALLAS,TX,75237,(214) 947-7777,Acute Care Hospitals,Voluntary non-profit - Private,1,3.0,,Y,2026-07-31 00:22:03,5,3,0.9948599999999999,750.0,138.0,Medium
450730,CARROLLTON REGIONAL MEDICAL CENTER,4343 NORTH JOSEY LANE,CARROLLTON,DENTON,TX,75010,(972) 394-2255,Acute Care Hospitals,Proprietary,1,2.0,,,2026-07-31 00:22:03,4,3,1.002125,170.0,29.0,Medium
450742,BAYLOR SCOTT AND WHITE MEDICAL CENTER LAKE POINTE,6800 SCENIC DR,ROWLETT,DALLAS,TX,75088,(972) 412-2273,Acute Care Hospitals,Voluntary non-profit - Private,1,4.0,,Y,2026-07-31 00:22:03,5,3,1.02328,817.0,168.0,Medium
450743,TEXAS HEALTH PRESBYTERIAN HOSPITAL DENTON,3000 N I-35,DENTON,DENTON,TX,76201,(940) 898-7000,Acute Care Hospitals,Voluntary non-profit - Private,1,5.0,,Y,2026-07-31 00:22:03,5,2,0.9650000000000001,1141.0,169.0,Medium
450747,PALESTINE REGIONAL MEDICAL CENTER,2900 S LOOP 256,PALESTINE,ANDERSON,TX,75801,(903) 731-1000,Acute Care Hospitals,Proprietary,1,1.0,,Y,2026-07-31 00:22:03,3,3,1.0378,276.0,55.0,Medium
450755,COVENANT HOSPITAL LEVELLAND,1900 COLLEGE AVE,LEVELLAND,HOCKLEY,TX,79336,(806) 894-4963,Acute Care Hospitals,Voluntary non-profit - Private,1,,16,Y,2026-07-31 00:22:03,1,0,0.9522,0.0,0.0,Low
450771,TEXAS HEALTH PRESBYTERIAN HOSPITAL PLANO,6200 W PARKER RD,PLANO,COLLIN,TX,75093,(972) 981-8000,Acute Care Hospitals,Voluntary non-profit - Private,1,4.0,,Y,2026-07-31 00:22:03,6,3,0.9758333333333334,1148.0,209.0,Medium
450774,TOPS SURGICAL SPECIALTY HOSPITAL,17080 RED OAK DRIVE,HOUSTON,HARRIS,TX,77090,(281) 539-2900,Acute Care Hospitals,Physician,0,,16,,2026-07-31 00:22:03,1,1,1.0101,0.0,0.0,Low
450775,HCA HOUSTON HEALTHCARE KINGWOOD,22999 US HWY 59,KINGWOOD,HARRIS,TX,77325,(281) 359-7500,Acute Care Hospitals,Proprietary,1,3.0,,Y,2026-07-31 00:22:03,6,4,1.04185,1868.0,342.0,High
450779,TEXAS HEALTH HARRIS METHODIST HOSPITAL SOUTHWEST F,6100 HARRIS PKWY,FORT WORTH,TARRANT,TX,76132,(817) 433-5000,Acute Care Hospitals,Voluntary non-profit - Private,1,5.0,,Y,2026-07-31 00:22:03,5,1,0.9883599999999999,1107.0,172.0,Low
450788,"CORPUS CHRISTI MEDICAL CENTER,THE",3315 S ALAMEDA ST,CORPUS CHRISTI,NUECES,TX,78411,(361) 761-1501,Acute Care Hospitals,Voluntary non-profit - Other,1,4.0,,Y,2026-07-31 00:22:03,5,1,1.00366,1161.0,167.0,Low
450801,CHRISTUS ST MICHAEL HEALTH SYSTEM,2600 ST MICHAEL DR,TEXARKANA,BOWIE,TX,75503,(903) 614-1000,Acute Care Hospitals,Voluntary non-profit - Church,1,3.0,,Y,2026-07-31 00:22:03,6,3,0.9935666666666667,1961.0,306.0,Medium
450804,TEXAS ORTHOPEDIC HOSPITAL,7401 SOUTH MAIN STREET,HOUSTON,HARRIS,TX,77030,(713) 799-8600,Acute Care Hospitals,Voluntary non-profit - Other,1,,16,,2026-07-31 00:22:03,1,0,0.5709,1082.0,19.0,Low
450809,NORTH AUSTIN MEDICAL CENTER,12221 MOPAC EXPRESSWAY NORTH,AUSTIN,TRAVIS,TX,78758,(512) 901-1000,Acute Care Hospitals,Proprietary,1,3.0,,Y,2026-07-31 00:22:03,5,3,1.0443,1038.0,183.0,Medium
450820,HOUSTON METHODIST SUGARLAND HOSPITAL,16655 SOUTHWEST FREEWAY,SUGAR LAND,FORT BEND,TX,77479,(281) 274-8000,Acute Care Hospitals,Voluntary non-profit - Private,1,5.0,,Y,2026-07-31 00:22:03,6,3,1.0547833333333332,2282.0,466.0,Medium
450822,MEDICAL CITY LAS COLINAS,6800 N MACARTHUR BLVD,IRVING,DALLAS,TX,75039,(972) 969-2000,Acute Care Hospitals,Proprietary,1,4.0,,Y,2026-07-31 00:22:03,3,2,1.0149333333333332,195.0,35.0,Medium
450827,KELL WEST REGIONAL HOSPITAL,5420 KELL WEST BOULEVARD,WICHITA FALLS,WICHITA,TX,76310,(940) 692-5888,Acute Care Hospitals,Proprietary,1,,16,,2026-07-31 00:22:03,1,0,0.9501,0.0,0.0,Low
450828,CHRISTUS SPOHN HOSPITAL ALICE,2500 E MAIN STREET,ALICE,JIM WELLS,TX,78332,(361) 661-8016,Acute Care Hospitals,Voluntary non-profit - Private,1,3.0,,Y,2026-07-31 00:22:03,3,1,0.9762333333333334,80.0,14.0,Low
450833,ENNIS REGIONAL MEDICAL CENTER,2201 WEST LAMPASAS STREET,ENNIS,ELLIS,TX,75119,(972) 875-0900,Acute Care Hospitals,Proprietary,1,,16,,2026-07-31 00:22:03,1,1,1.0316,0.0,0.0,Low
450834,"PHYSICIANS CENTRE,THE",3131 UNIVERSITY DRIVE EAST,BRYAN,BRAZOS,TX,77802,(979) 731-3100,Acute Care Hospitals,Proprietary,1,,16,,2026-07-31 00:22:03,1,0,0.9264,369.0,12.0,Low
450840,TEXAS HEALTH PRESBYTERIAN HOSPITAL ALLEN,1105 CENTRAL EXPRESSWAY NORTH,ALLEN,COLLIN,TX,75013,(972) 747-1000,Acute Care Hospitals,Voluntary non-profit - Private,1,4.0,,Y,2026-07-31 00:22:03,5,1,0.9938800000000001,415.0,61.0,Low
450844,HOUSTON METHODIST WILLOWBROOK HOSPITAL,18220 STATE HIGHWAY 249,HOUSTON,HARRIS,TX,77070,(281) 477-1000,Acute Care Hospitals,Voluntary non-profit - Private,1,5.0,,Y,2026-07-31 00:22:03,5,5,1.04848,1700.0,361.0,High
450847,MEMORIAL HERMANN KATY HOSPITAL,23900 KATY FREEWAY,KATY,FORT BEND,TX,77494,(281) 392-1111,Acute Care Hospitals,Voluntary non-profit - Private,1,3.0,,Y,2026-07-31 00:22:03,4,1,0.9623,1007.0,160.0,Low
450848,MEMORIAL HERMANN SUGAR LAND HOSPITAL,17500 W GRAND PARKWAY SOUTH,SUGAR LAND,FORT BEND,TX,77479,(281) 725-5000,Acute Care Hospitals,Voluntary non-profit - Private,1,4.0,,Y,2026-07-31 00:22:03,4,2,1.0133,615.0,132.0,Medium
450851,BAYLOR SCOTT & WHITE HEART & VASCULAR HOSPITAL - DALLAS,621 NORTH HALL STREET,DALLAS,DALLAS,TX,75226,(214) 820-0600,Acute Care Hospitals,Proprietary,1,5.0,,,2026-07-31 00:22:03,2,1,1.04795,336.0,58.0,Low
450853,BAYLOR SCOTT & WHITE MEDICAL CENTER - FRISCO,5601 WARREN PARKWAY,FRISCO,DENTON,TX,75034,(214) 407-5000,Acute Care Hospitals,Proprietary,1,3.0,,Y,2026-07-31 00:22:03,1,1,1.0748,0.0,0.0,Low
450855,HARLINGEN MEDICAL CENTER,5501 SOUTH EXPRESSWAY 77,HARLINGEN,CAMERON,TX,78550,(956) 365-1000,Acute Care Hospitals,Proprietary,1,4.0,,Y,2026-07-31 00:22:03,6,2,0.9812666666666666,397.0,65.0,Medium
450856,SOUTH TEXAS SPINE AND SURGICAL HOSPITAL,18600 NORTH HARDY OAK BLVD,SAN ANTONIO,BEXAR,TX,78258,(210) 404-0800,Acute Care Hospitals,Physician,1,,16,,2026-07-31 00:22:03,1,0,0.8173,477.0,12.0,Low
450860,SUGAR LAND SURGICAL HOSPITAL LLP,16906 SOUTHWEST FREEWAY,SUGAR LAND,FORT BEND,TX,77479,(281) 243-1000,Acute Care Hospitals,Physician,1,,16,,2026-07-31 00:22:03,1,0,0.9659,0.0,0.0,Low
450862,ST LUKE'S THE WOODLANDS HOSPITAL,17200 ST LUKE'S WAY,THE WOODLANDS,MONTGOMERY,TX,77384,(936) 266-4050,Acute Care Hospitals,Voluntary non-profit - Private,1,3.0,,Y,2026-07-31 00:22:03,5,2,1.01578,804.0,133.0,Medium
450864,BAYLOR SCOTT & WHITE TEXAS SPINE & JOINT HOSPITAL,1814 ROSELAND BOULEVARD,TYLER,SMITH,TX,75701,(903) 525-3300,Acute Care Hospitals,Physician,1,5.0,,,2026-07-31 00:22:03,1,0,0.7587,899.0,25.0,Low
450865,ASCENSION SETON  SOUTHWEST,7900 FM 1826,AUSTIN,HAYS,TX,78737,(512) 324-9000,Acute Care Hospitals,Voluntary non-profit - Private,1,,16,,2026-07-31 00:22:03,1,0,0.9834,0.0,0.0,Low
450867,ASCENSION SETON NORTHWEST,11113 RESEARCH BOULEVARD,AUSTIN,TRAVIS,TX,78759,(512) 324-6000,Acute Care Hospitals,Voluntary non-profit - Private,1,4.0,29,Y,2026-07-31 00:22:03,4,4,1.023025,155.0,24.0,High
450869,DOCTORS HOSPTAL AT RENAISSANCE,5501 SOUTH MCCOLL,EDINBURG,HIDALGO,TX,78539,(956) 362-8677,Acute Care Hospitals,Physician,1,3.0,,Y,2026-07-31 00:22:03,6,2,1.0110833333333333,444.0,82.0,Medium
450874,BAYLOR SURGICAL HOSPITAL AT LAS COLINAS,400 WEST LYNDON B JOHNSON SUITE 101B,IRVING,DALLAS,TX,75063,(972) 868-4000,Acute Care Hospitals,Proprietary,1,,16,,2026-07-31 00:22:03,1,1,1.2893,0.0,0.0,Low
450875,QUAIL CREEK SURGICAL HOSPITAL,6819 PLUM CREEK,AMARILLO,POTTER,TX,79124,(806) 354-6100,Acute Care Hospitals,Proprietary,1,,16,,2026-07-31 00:22:03,1,1,1.1269,179.0,11.0,Low
450876,LUBBOCK HEART HOSPITAL LP,4810 NORTH LOOP 289,LUBBOCK,LUBBOCK,TX,79416,(806) 687-7777,Acute Care Hospitals,Government - Hospital District or Authority,1,2.0,,,2026-07-31 00:22:03,5,2,1.00454,359.0,50.0,Medium
450880,BAYLOR SCOTT AND WHITE SURGICAL HOSPITAL FORTWORTH,1800 PARK PLACE AVENUE,FORT WORTH,TARRANT,TX,76110,(682) 703-5600,Acute Care Hospitals,Physician,1,,16,,2026-07-31 00:22:03,1,0,0.9898,0.0,0.0,Low
450883,BAYLOR MEDICAL CENTER AT TROPHY CLUB,2850  E STATE HIGHWAY 114,TROPHY CLUB,DENTON,TX,76262,(817) 837-4600,Acute Care Hospitals,Proprietary,1,,16,,2026-07-31 00:22:03,1,0,0.8593,0.0,0.0,Low
450885,BAYLOR SCOTT &  WHITE MEDICAL CENTER - CENTENNIAL,12505 LEBANON ROAD,FRISCO,COLLIN,TX,75035,(972) 963-3333,Acute Care Hospitals,Voluntary non-profit - Other,1,5.0,,Y,2026-07-31 00:22:03,4,2,0.999275,374.0,69.0,Medium
450888,TEXAS HEALTH HARRIS METHODIST HOSPITAL SOUTHLAKE,1545 E SOUTHLAKE BLVD,SOUTHLAKE,TARRANT,TX,76092,(817) 748-8700,Acute Care Hospitals,Proprietary,1,,16,,2026-07-31 00:22:03,1,1,1.175,0.0,0.0,Low
450889,TEXAS INSTITUTE FOR SURGERY AT PRESBYTERIAN HOSPIT,7115 GREENVILLE AVENUE SUITE 100,DALLAS,DALLAS,TX,75231,(214) 647-5300,Acute Care Hospitals,Physician,1,,16,,2026-07-31 00:22:03,1,0,0.9556,0.0,0.0,Low
450890,BAYLOR SCOTT & WHITE MEDICAL CENTER PLANO,4700 ALLIANCE BOULEVARD,PLANO,COLLIN,TX,75093,(469) 814-2000,Acute Care Hospitals,Voluntary non-profit - Other,1,4.0,,,2026-07-31 00:22:03,5,3,1.04728,830.0,137.0,Medium
450893,THE HEART HOSPITAL BAYLOR DENTON,2801 SOUTH MAYHILL ROAD,DENTON,DENTON,TX,76208,(940) 220-0600,Acute Care Hospitals,Physician,1,5.0,,,2026-07-31 00:22:03,3,2,0.9739333333333334,530.0,62.0,Medium
460001,INTERMOUNTAIN HEALTH UTAH VALLEY HOSPITAL,1034 NORTH 500 WEST,PROVO,UTAH,UT,84604,(801) 373-7850,Acute Care Hospitals,Voluntary non-profit - Private,1,5.0,,Y,2026-07-31 00:22:03,5,1,0.9134399999999999,1081.0,118.0,Low
460003,HOLY CROSS HOSPITAL - SALT LAKE,1050 EAST SOUTH TEMPLE,SALT LAKE CITY,SALT LAKE,UT,84102,(801) 350-4111,Acute Care Hospitals,Proprietary,1,3.0,,,2026-07-31 00:22:03,2,2,1.073,0.0,0.0,Medium
460004,MCKAY-DEE HOSPITAL,4401 HARRISON BOULEVARD,OGDEN,WEBER,UT,84403,(801) 387-2800,Acute Care Hospitals,Voluntary non-profit - Private,1,5.0,,Y,2026-07-31 00:22:03,6,0,0.8873000000000001,819.0,81.0,Low
460005,OGDEN REGIONAL MEDICAL CENTER,5475 SOUTH 500 EAST,OGDEN,WEBER,UT,84405,(801) 479-2111,Acute Care Hospitals,Proprietary,1,3.0,,,2026-07-31 00:22:03,5,2,1.01106,261.0,36.0,Medium
460006,LDS HOSPITAL,8TH AVENUE AND C STREET,SALT LAKE CITY,SALT LAKE,UT,84143,(801) 408-1100,Acute Care Hospitals,Voluntary non-profit - Private,1,5.0,,Y,2026-07-31 00:22:03,4,0,0.9398,120.0,12.0,Low
460007,CEDAR CITY HOSPITAL,1303 NORTH MAIN STREET,CEDAR CITY,IRON,UT,84721,(435) 868-5800,Acute Care Hospitals,Voluntary non-profit - Private,1,3.0,,Y,2026-07-31 00:22:03,2,0,0.9389000000000001,0.0,0.0,Low
460009,UNIVERSITY OF UTAH HOSPITAL AND CLINICS,50 NORTH MEDICAL DRIVE,SALT LAKE CITY,SALT LAKE,UT,84132,(801) 581-2121,Acute Care Hospitals,Government - State,1,5.0,,Y,2026-07-31 00:22:03,6,2,0.9347,1007.0,129.0,Medium
460010,INTERMOUNTAIN MEDICAL CENTER,5121 SOUTH COTTONWOOD STREET,MURRAY,SALT LAKE,UT,84107,(801) 507-7000,Acute Care Hospitals,Voluntary non-profit - Private,1,5.0,,Y,2026-07-31 00:22:03,5,0,0.85354,1503.0,143.0,Low
460011,CASTLEVIEW HOSPITAL,300 NORTH HOSPITAL DRIVE,PRICE,CARBON,UT,84501,(435) 637-4800,Acute Care Hospitals,Proprietary,1,2.0,,Y,2026-07-31 00:22:03,4,2,1.057325,182.0,11.0,Medium
460013,MOUNTAIN VIEW HOSPITAL,1000 EAST 100 NORTH,PAYSON,UTAH,UT,84651,(801) 465-7100,Acute Care Hospitals,Proprietary,1,5.0,,Y,2026-07-31 00:22:03,3,1,1.0099,0.0,0.0,Low
460014,MOUNTAIN WEST MEDICAL CENTER,2055 NORTH MAIN STREET,TOOELE,TOOELE,UT,84074,(435) 843-3700,Acute Care Hospitals,Proprietary,1,4.0,,Y,2026-07-31 00:22:03,3,1,0.9958,0.0,0.0,Low
460015,INTERMOUNTAIN HEALTH LOGAN REGIONAL HOSPITAL,1400 NORTH 500 EAST,LOGAN,CACHE,UT,84341,(435) 716-1000,Acute Care Hospitals,Voluntary non-profit - Private,1,5.0,,Y,2026-07-31 00:22:03,4,1,0.961125,157.0,13.0,Low
460017,BRIGHAM CITY COMMUNITY HOSPITAL,950 SOUTH MEDICAL DRIVE,BRIGHAM CITY,BOX ELDER,UT,84302,(435) 734-9471,Acute Care Hospitals,Proprietary,1,,16,Y,2026-07-31 00:22:03,1,0,0.9693,0.0,0.0,Low
460019,UINTAH BASIN MEDICAL CENTER,250 WEST 300 NORTH,ROOSEVELT,DUCHESNE,UT,84066,(435) 722-4691,Acute Care Hospitals,Voluntary non-profit - Other,1,2.0,,Y,2026-07-31 00:22:03,3,1,0.9704666666666667,0.0,0.0,Low
460021,ST. GEORGE REGIONAL HOSPITAL,1380 EAST MEDICAL CENTER DRIVE,ST GEORGE,WASHINGTON,UT,84790,(435) 251-2100,Acute Care Hospitals,Voluntary non-profit - Private,1,5.0,,Y,2026-07-31 00:22:03,6,1,0.8946000000000001,1912.0,218.0,Low
460023,AMERICAN FORK HOSPITAL,170 NORTH 1100 EAST,AMERICAN FORK,UTAH,UT,84003,(801) 855-3305,Acute Care Hospitals,Voluntary non-profit - Private,1,4.0,,Y,2026-07-31 00:22:03,2,1,0.9838,121.0,16.0,Low
460026,INTERMOUNTAIN HEALTH SEVIER VALLEY HOSPITAL,1000 NORTH MAIN STREET,RICHFIELD,SEVIER,UT,84701,(435) 893-4100,Acute Care Hospitals,Voluntary non-profit - Private,1,4.0,,Y,2026-07-31 00:22:03,2,0,0.96885,0.0,0.0,Low
460030,ASHLEY REGIONAL MEDICAL CENTER,150 WEST 100 NORTH,VERNAL,UINTAH,UT,84078,(435) 789-3342,Acute Care Hospitals,Proprietary,1,4.0,,Y,2026-07-31 00:22:03,2,0,0.9609,0.0,0.0,Low
460041,HOLY CROSS HOSPITAL-DAVIS,1600 WEST ANTELOPE DRIVE,LAYTON,DAVIS,UT,84041,(801) 807-7000,Acute Care Hospitals,Voluntary non-profit - Private,1,5.0,,Y,2026-07-31 00:22:03,4,1,0.9415,272.0,29.0,Low
460042,LAKEVIEW HOSPITAL,630 EAST MEDICAL DRIVE,BOUNTIFUL,DAVIS,UT,84010,(801) 299-2200,Acute Care Hospitals,Voluntary non-profit - Other,1,5.0,,,2026-07-31 00:22:03,3,1,0.9850666666666666,68.0,15.0,Low
460044,INTERMOUNTAIN HEALTH ALTA VIEW HOSPITAL,9660 SOUTH 1300 EAST,SANDY,SALT LAKE,UT,84094,(801) 501-2600,Acute Care Hospitals,Voluntary non-profit - Private,1,5.0,,Y,2026-07-31 00:22:03,2,0,0.9468000000000001,0.0,0.0,Low
460047,ST MARK'S HOSPITAL,1200 EAST 3900 SOUTH,SALT LAKE CITY,SALT LAKE,UT,84124,(801) 268-7111,Acute Care Hospitals,Proprietary,1,4.0,,Y,2026-07-31 00:22:03,5,1,0.97212,893.0,106.0,Low
460051,HOLY CROSS HOSPITAL-JORDAN VALLEY,3580 WEST 9000 SOUTH,WEST JORDAN,SALT LAKE,UT,84088,(801) 561-8888,Acute Care Hospitals,Voluntary non-profit - Private,1,4.0,,Y,2026-07-31 00:22:03,5,0,0.97312,292.0,39.0,Low
460052,TIMPANOGOS REGIONAL HOSPITAL,750 WEST 800 NORTH,OREM,UTAH,UT,84057,(801) 714-6800,Acute Care Hospitals,Proprietary,1,4.0,,Y,2026-07-31 00:22:03,4,1,0.9831,0.0,0.0,Low
460057,PARK CITY HOSPITAL,900 ROUND VALLEY DRIVE,PARK CITY,SUMMIT,UT,84060,(435) 658-6700,Acute Care Hospitals,Proprietary,1,5.0,,Y,2026-07-31 00:22:03,3,0,0.9644,0.0,0.0,Low
460058,INTERMOUNTAIN HEALTH RIVERTON HOSPITAL,3741 WEST 12600 SOUTH,RIVERTON,SALT LAKE,UT,84065,(801) 285-4000,Acute Care Hospitals,Voluntary non-profit - Private,1,5.0,,Y,2026-07-31 00:22:03,3,0,0.9565999999999999,0.0,0.0,Low
460060,LONE PEAK HOSPITAL,11925 SOUTH STATE STREET,DRAPER,SALT LAKE,UT,84020,(801) 545-8000,Acute Care Hospitals,Proprietary,1,5.0,,Y,2026-07-31 00:22:03,2,1,1.0059,45.0,12.0,Low
460061,INTERMOUNTAIN HEALTH LAYTON HOSPITAL,201 WEST LAYTON PARKWAY,LAYTON,DAVIS,UT,84041,(801) 543-6000,Acute Care Hospitals,Voluntary non-profit - Private,1,5.0,,Y,2026-07-31 00:22:03,2,0,0.9366000000000001,0.0,0.0,Low
460062,INTERMOUNTAIN HEALTH SPANISH FORK HOSPITAL,765 EAST MARKET PLACE DRIVE,SPANISH FORK,UTAH,UT,84660,(385) 344-5000,Acute Care Hospitals,Voluntary non-profit - Private,1,,16,Y,2026-07-31 00:22:03,1,0,0.9443,0.0,0.0,Low
470001,CENTRAL VERMONT MEDICAL CENTER,BOX 547,BARRE,WASHINGTON,VT,05641,(802) 371-4100,Acute Care Hospitals,Voluntary non-profit - Private,1,3.0,,Y,2026-07-31 00:22:03,5,4,1.0394999999999999,624.0,123.0,High
470003,UNIV. OF VERMONT - FLETCHER ALLEN HEALTH CARE,111 COLCHESTER AVE,BURLINGTON,CHITTENDEN,VT,05401,(802) 847-0000,Acute Care Hospitals,Voluntary non-profit - Other,1,4.0,,Y,2026-07-31 00:22:03,6,1,0.9680833333333334,2263.0,311.0,Low
470005,RUTLAND REGIONAL MEDICAL CENTER,160 ALLEN ST,RUTLAND,RUTLAND,VT,05701,(802) 775-7111,Acute Care Hospitals,Voluntary non-profit - Private,1,3.0,,Y,2026-07-31 00:22:03,4,2,1.0152,701.0,119.0,Medium
470011,BRATTLEBORO MEMORIAL HOSPITAL,17 BELMONT AVE,BRATTLEBORO,WINDHAM,VT,05301,(802) 257-0341,Acute Care Hospitals,Voluntary non-profit - Private,1,3.0,,Y,2026-07-31 00:22:03,4,0,0.944825,261.0,35.0,Low
470012,SOUTHWESTERN VERMONT MEDICAL CENTER,100 HOSPITAL DRIVE,BENNINGTON,BENNINGTON,VT,05201,(802) 442-6361,Acute Care Hospitals,Voluntary non-profit - Private,1,3.0,,Y,2026-07-31 00:22:03,4,1,0.985375,608.0,100.0,Low
470024,NORTHWESTERN MEDICAL CENTER INC,133 FAIRFIELD STREET,SAINT ALBANS,FRANKLIN,VT,05478,(802) 524-5911,Acute Care Hospitals,Voluntary non-profit - Other,1,4.0,,Y,2026-07-31 00:22:03,4,1,0.9722500000000001,433.0,73.0,Low
490002,RUSSELL COUNTY HOSPITAL,58 CARROLL STREET,LEBANON,RUSSELL,VA,24266,(276) 883-8000,Acute Care Hospitals,Voluntary non-profit - Private,1,4.0,,,2026-07-31 00:22:03,3,3,1.0503,160.0,40.0,Medium
490004,SENTARA RMH MEDICAL CENTER,2010 HEALTH CAMPUS DRIVE,HARRISONBURG,HARRISONBURG CITY,VA,22801,(540) 689-1000,Acute Care Hospitals,Voluntary non-profit - Private,1,5.0,,Y,2026-07-31 00:22:03,6,1,0.9468833333333334,1999.0,347.0,Low
490005,WINCHESTER MEDICAL CENTER,1840 AMHERST ST,WINCHESTER,WINCHESTER CITY,VA,22601,(540) 536-8000,Acute Care Hospitals,Voluntary non-profit - Private,1,4.0,,Y,2026-07-31 00:22:03,6,4,1.0180666666666667,3369.0,557.0,High
490007,SENTARA NORFOLK GENERAL HOSPITAL,600 GRESHAM DR,NORFOLK,NORFOLK CITY,VA,23507,(757) 388-3000,Acute Care Hospitals,Voluntary non-profit - Other,1,4.0,,Y,2026-07-31 00:22:03,5,1,0.9846199999999999,2258.0,371.0,Low
490009,UNIVERSITY OF VIRGINIA MEDICAL CENTER,1215 LEE STREET,CHARLOTTESVILLE,CHARLOTTESVILLE CITY,VA,22908,(434) 924-0000,Acute Care Hospitals,Government - State,1,4.0,,Y,2026-07-31 00:22:03,6,3,0.96895,1916.0,290.0,Medium
490013,SENTARA HALIFAX REGIONAL HOSPITAL,2204 WILBORN AVENUE,SOUTH BOSTON,HALIFAX,VA,24592,(434) 517-3100,Acute Care Hospitals,Voluntary non-profit - Private,1,3.0,,,2026-07-31 00:22:03,3,1,0.9645666666666667,620.0,97.0,Low
490017,BON SECOURS MARYVIEW MEDICAL CENTER,3636 HIGH STREET,PORTSMOUTH,PORTSMOUTH CITY,VA,23707,(757) 398-2200,Acute Care Hospitals,Voluntary non-profit - Private,1,3.0,,,2026-07-31 00:22:03,5,4,1.03976,793.0,160.0,High
490018,AUGUSTA HEALTH,78 MEDICAL CENTER DRIVE,FISHERSVILLE,AUGUSTA,VA,22939,(540) 332-4000,Acute Care Hospitals,Voluntary non-profit - Private,1,4.0,,Y,2026-07-31 00:22:03,5,0,0.82256,1429.0,157.0,Low
490019,UVA HEALTH CULPEPER MEDICAL CENTER,501 SUNSET LANE,CULPEPER,CULPEPER,VA,22701,(703) 829-4300,Acute Care Hospitals,Voluntary non-profit - Private,1,2.0,,Y,2026-07-31 00:22:03,3,2,1.0264333333333333,637.0,112.0,Medium
490020,JOHN RANDOLPH MEDICAL CENTER,411 WEST RANDOLPH ROAD,HOPEWELL,HOPEWELL CITY,VA,23860,(804) 541-1600,Acute Care Hospitals,Proprietary,1,3.0,,,2026-07-31 00:22:03,4,2,1.003375,457.0,80.0,Medium
490021,CENTRA HEALTH -  LYNCHBURG GEN HOSPITAL,1901 TATE SPRINGS ROAD,LYNCHBURG,LYNCHBURG CITY,VA,24501,(434) 200-4789,Acute Care Hospitals,Voluntary non-profit - Private,1,3.0,,Y,2026-07-31 00:22:03,6,2,0.9479000000000001,2817.0,387.0,Medium
490022,MARY WASHINGTON HOSPITAL,1001 SAM PERRY BOULEVARD,FREDERICKSBURG,FREDERICKSBURG CITY,VA,22401,(540) 741-1100,Acute Care Hospitals,Voluntary non-profit - Private,1,3.0,,Y,2026-07-31 00:22:03,6,5,1.0681666666666667,3066.0,637.0,High
490023,FAUQUIER HOSPITAL,500 HOSPITAL DRIVE,WARRENTON,FAUQUIER,VA,20186,(540) 316-5000,Acute Care Hospitals,Proprietary,1,3.0,,Y,2026-07-31 00:22:03,5,2,1.0044,452.0,75.0,Medium
490024,CARILION MEDICAL CENTER,"1906 BELLEVIEW AVENUE, SE",ROANOKE,ROANOKE CITY,VA,24014,(540) 981-7000,Acute Care Hospitals,Voluntary non-profit - Private,1,3.0,,Y,2026-07-31 00:22:03,6,1,0.9421666666666667,2712.0,391.0,Low
490032,MEDICAL COLLEGE OF VIRGINIA HOSPITALS,1250 EAST MARSHALL STREET,RICHMOND,RICHMOND CITY,VA,23298,(804) 828-9000,Acute Care Hospitals,Government - Hospital District or Authority,1,4.0,,Y,2026-07-31 00:22:03,6,2,0.9677000000000001,1211.0,219.0,Medium
490033,WARREN MEMORIAL HOSPITAL,351 VALLEY HEALTH WAY,FRONT ROYAL,WARREN,VA,22630,(540) 636-0299,Acute Care Hospitals,Voluntary non-profit - Private,1,2.0,,,2026-07-31 00:22:03,4,2,0.9944,359.0,62.0,Medium
490037,RIVERSIDE SHORE MEMORIAL HOSPITAL,20480 MARKET STREET,ONANCOCK,ACCOMACK,VA,23417,(757) 414-8000,Acute Care Hospitals,Voluntary non-profit - Private,1,3.0,,Y,2026-07-31 00:22:03,3,2,0.9972666666666669,292.0,49.0,Medium
490038,SMYTH COUNTY COMMUNITY HOSPITAL,245 MEDICAL PARK DRIVE,MARION,SMYTH,VA,24354,(276) 378-1000,Acute Care Hospitals,Voluntary non-profit - Private,1,3.0,,,2026-07-31 00:22:03,3,0,0.9819666666666667,112.0,14.0,Low
490040,INOVA ALEXANDRIA HOSPITAL,4320 SEMINARY RD,ALEXANDRIA,ALEXANDRIA CITY,VA,22304,(703) 504-3167,Acute Care Hospitals,Voluntary non-profit - Private,1,5.0,,Y,2026-07-31 00:22:03,5,0,0.92918,1369.0,207.0,Low
490041,MARY IMMACULATE HOSPITAL,2 BERNARDINE DRIVE,NEWPORT NEWS,NEWPORT NEWS CITY,VA,23602,(757) 886-6000,Acute Care Hospitals,Voluntary non-profit - Private,1,4.0,,Y,2026-07-31 00:22:03,5,3,1.03876,436.0,65.0,Medium
490042,CARILION NEW RIVER VALLEY MEDICAL CENTER,2900 LAMB CIRCLE,CHRISTIANSBURG,MONTGOMERY,VA,24073,(540) 731-2000,Acute Care Hospitals,Voluntary non-profit - Private,1,4.0,,Y,2026-07-31 00:22:03,4,1,0.98505,941.0,168.0,Low
490043,INOVA LOUDOUN HOSPITAL,44045 RIVERSIDE PARKWAY,LEESBURG,LOUDOUN,VA,20176,(703) 858-6600,Acute Care Hospitals,Voluntary non-profit - Private,1,5.0,,Y,2026-07-31 00:22:03,5,0,0.9286,2162.0,305.0,Low
490044,SENTARA OBICI HOSPITAL,2800 GODWIN BOULEVARD,SUFFOLK,SUFFOLK CITY,VA,23434,(757) 934-4000,Acute Care Hospitals,Voluntary non-profit - Other,1,4.0,,Y,2026-07-31 00:22:03,5,2,0.9846199999999999,1461.0,247.0,Medium
490045,NOVANT PRINCE WILLIAM MEDICAL CENTER,8700 SUDLEY RD,MANASSAS,MANASSAS CITY,VA,20110,(703) 369-8736,Acute Care Hospitals,Voluntary non-profit - Private,1,3.0,,Y,2026-07-31 00:22:03,4,2,1.0112999999999999,837.0,139.0,Medium
490046,SENTARA LEIGH HOSPITAL,830 KEMPSVILLE ROAD,NORFOLK,NORFOLK CITY,VA,23502,(757) 261-6700,Acute Care Hospitals,Voluntary non-profit - Other,0,3.0,,Y,2026-07-31 00:22:03,5,4,1.0951,2036.0,396.0,High
490048,LEWISGALE MEDICAL CENTER,1900 ELECTRIC ROAD,SALEM,SALEM CITY,VA,24153,(540) 776-4100,Acute Care Hospitals,Proprietary,1,2.0,,,2026-07-31 00:22:03,6,6,1.0814166666666667,1689.0,306.0,High
490050,VIRGINIA HOSPITAL CENTER,1701 NORTH GEORGE MASON DRIVE,ARLINGTON,ARLINGTON,VA,22205,(703) 558-5000,Acute Care Hospitals,Voluntary non-profit - Private,1,4.0,,Y,2026-07-31 00:22:03,6,3,1.02335,1231.0,189.0,Medium
490052,RIVERSIDE REGIONAL MEDICAL CENTER,500 J CLYDE MORRIS BLVD,NEWPORT NEWS,NEWPORT NEWS CITY,VA,23601,(757) 594-2000,Acute Care Hospitals,Voluntary non-profit - Private,1,3.0,,Y,2026-07-31 00:22:03,5,1,0.97034,1887.0,300.0,Low
490053,JOHNSTON MEMORIAL HOSPITAL,16000 JOHNSTON MEMORIAL DRIVE,ABINGDON,WASHINGTON,VA,24211,(276) 258-1000,Acute Care Hospitals,Voluntary non-profit - Private,1,3.0,,Y,2026-07-31 00:22:03,4,1,0.99115,680.0,106.0,Low
490057,SENTARA VIRGINIA BEACH GENERAL HOSPITAL,1060 FIRST COLONIAL ROAD,VIRGINIA BEACH,VIRGINIA BEACH CITY,VA,23454,(757) 395-8000,Acute Care Hospitals,Voluntary non-profit - Other,1,4.0,,,2026-07-31 00:22:03,6,3,1.0101166666666666,2268.0,390.0,Medium
490059,BON SECOURS ST MARYS HOSPITAL,5801 BREMO RD,RICHMOND,RICHMOND CITY,VA,23226,(804) 285-2011,Acute Care Hospitals,Voluntary non-profit - Private,1,5.0,,Y,2026-07-31 00:22:03,6,0,0.9392,1956.0,275.0,Low
490060,CLINCH VALLEY MEDICAL CENTER,6801 Governor GC Perry Highway,RICHLANDS,TAZEWELL,VA,24641,(276) 596-6000,Acute Care Hospitals,Proprietary,1,3.0,,Y,2026-07-31 00:22:03,4,2,0.99435,358.0,63.0,Medium
490063,INOVA FAIRFAX HOSPITAL,3300 GALLOWS ROAD,FALLS CHURCH,FAIRFAX,VA,22042,(703) 698-1110,Acute Care Hospitals,Voluntary non-profit - Private,1,5.0,,Y,2026-07-31 00:22:03,6,2,0.9556999999999999,3891.0,608.0,Medium
490066,SENTARA WILLIAMSBURG REGIONAL MEDICAL CENTER,100 SENTARA CIRCLE,WILLIAMSBURG,JAMES CITY,VA,23185,(757) 984-8137,Acute Care Hospitals,Voluntary non-profit - Private,1,5.0,,Y,2026-07-31 00:22:03,5,4,1.0071999999999999,1087.0,164.0,High
490067,BON SECOURS SOUTHSIDE MEDICAL CENTER,200 MEDICAL PARK BOULEVARD,PETERSBURG,PETERSBURG CITY,VA,23805,(804) 765-5000,Acute Care Hospitals,Proprietary,1,2.0,,Y,2026-07-31 00:22:03,4,2,1.0507,1442.0,287.0,Medium
490069,BON SECOURS MEMORIAL REGIONAL MEDICAL CENTER,8260 ATLEE ROAD,MECHANICSVILLE,HANOVER,VA,23116,(804) 764-6000,Acute Care Hospitals,Voluntary non-profit - Church,1,4.0,,Y,2026-07-31 00:22:03,6,2,0.9671833333333334,2124.0,330.0,Medium
490075,SOVAH HEALTH DANVILLE,142 SOUTH MAIN STREET,DANVILLE,DANVILLE CITY,VA,24541,(434) 799-2100,Acute Care Hospitals,Proprietary,1,2.0,,Y,2026-07-31 00:22:03,5,3,0.9944200000000001,1265.0,203.0,Medium
490077,SENTARA MARTHA JEFFERSON HOSPITAL,500 MARTHA JEFFERSON DRIVE,CHARLOTTESVILLE,ALBEMARLE,VA,22911,(434) 654-7000,Acute Care Hospitals,Voluntary non-profit - Private,1,4.0,,Y,2026-07-31 00:22:03,5,1,0.93476,1315.0,177.0,Low
490084,VCU HEALTH TAPPAHANNOCK HOSPITAL,618 HOSPITAL ROAD,TAPPAHANNOCK,ESSEX,VA,22560,(804) 443-3311,Acute Care Hospitals,Voluntary non-profit - Private,1,4.0,,,2026-07-31 00:22:03,3,1,1.0008666666666668,298.0,51.0,Low
490088,CENTRA BEDFORD MEMORIAL HOSPITAL,1613 OAKWOOD STREET,BEDFORD,BEDFORD,VA,24523,(540) 586-2441,Acute Care Hospitals,Voluntary non-profit - Private,1,5.0,,,2026-07-31 00:22:03,3,1,0.9924333333333334,275.0,44.0,Low
490089,CARILION FRANKLIN MEMORIAL HOSPITAL,180 FLOYD AVENUE,ROCKY MOUNT,FRANKLIN,VA,24151,(540) 483-5277,Acute Care Hospitals,Voluntary non-profit - Private,1,4.0,,,2026-07-31 00:22:03,3,0,0.9359000000000001,334.0,41.0,Low
490090,"SOUTHSIDE COMMUNITY HOSPITAL, INC",800 OAK STREET,FARMVILLE,PRINCE EDWARD,VA,23901,(434) 392-8811,Acute Care Hospitals,Voluntary non-profit - Private,1,4.0,,Y,2026-07-31 00:22:03,3,0,0.9448666666666666,493.0,68.0,Low
490092,BON SECOURS SOUTHAMPTON MEMORIAL HOSPITAL,100 FAIRVIEW DRIVE - PO BOX 817,FRANKLIN,FRANKLIN CITY,VA,23851,(757) 569-6100,Acute Care Hospitals,Voluntary non-profit - Private,1,3.0,,,2026-07-31 00:22:03,2,2,1.0662500000000001,200.0,45.0,Medium
490093,SENTARA CAREPLEX HOSPITAL,3000 COLISEUM DRIVE,HAMPTON,HAMPTON CITY,VA,23666,(757) 827-2545,Acute Care Hospitals,Voluntary non-profit - Private,1,4.0,,Y,2026-07-31 00:22:03,4,2,1.01445,997.0,192.0,Medium
490097,BON SECOURS SOUTHERN VIRGINIA MEDICAL CENTER,727 NORTH MAIN STREET,EMPORIA,EMPORIA CITY,VA,23847,(434) 348-4400,Acute Care Hospitals,Proprietary,1,4.0,,,2026-07-31 00:22:03,2,1,0.9915499999999999,0.0,0.0,Low
490098,COMMUNITY MEMORIAL HOSPITAL,1755 NORTH MECKLENBURG AVENUE,SOUTH HILL,MECKLENBURG,VA,23970,(434) 447-3151,Acute Care Hospitals,Government - Hospital District or Authority,1,4.0,,Y,2026-07-31 00:22:03,3,1,0.9817666666666667,388.0,68.0,Low
490101,INOVA FAIR OAKS HOSPITAL,3600 JOSEPH SIEWICK DRIVE,FAIRFAX,FAIRFAX,VA,22033,(703) 391-4170,Acute Care Hospitals,Voluntary non-profit - Other,0,5.0,,Y,2026-07-31 00:22:03,4,2,0.9942,837.0,127.0,Medium
490107,RESTON HOSPITAL CENTER,1850 TOWN CENTER PARKWAY,RESTON,FAIRFAX,VA,20190,(703) 689-9000,Acute Care Hospitals,Voluntary non-profit - Private,1,3.0,,,2026-07-31 00:22:03,5,4,1.01556,1014.0,149.0,High
490110,LEWISGALE HOSPITAL MONTGOMERY,3700 SOUTH MAIN STREET,BLACKSBURG,MONTGOMERY,VA,24060,(540) 951-1111,Acute Care Hospitals,Proprietary,1,3.0,,,2026-07-31 00:22:03,5,4,1.05138,691.0,116.0,High
490111,WYTHE COUNTY COMMUNITY HOSPITAL,600 WEST RIDGE ROAD,WYTHEVILLE,WYTHE,VA,24382,(276) 228-0200,Acute Care Hospitals,Proprietary,1,3.0,,Y,2026-07-31 00:22:03,3,0,0.9578000000000001,227.0,31.0,Low
490112,CJW MEDICAL CENTER,7101 JAHNKE ROAD,RICHMOND,RICHMOND CITY,VA,23225,(804) 483-0000,Acute Care Hospitals,Proprietary,1,4.0,,,2026-07-31 00:22:03,6,3,0.9765166666666666,3650.0,494.0,Medium
490113,SENTARA NORTHERN VIRGINIA MEDICAL CENTER,2300 OPITZ BOULEVARD,WOODBRIDGE,PRINCE WILLIAM,VA,22191,(703) 523-1000,Acute Care Hospitals,Voluntary non-profit - Private,1,3.0,,Y,2026-07-31 00:22:03,4,4,1.055675,1180.0,241.0,High
490114,LONESOME PINE HOSPITAL,1990 HOLTON AVENUE EAST,BIG STONE GAP,WISE,VA,24219,(276) 523-3111,Acute Care Hospitals,Voluntary non-profit - Private,1,4.0,,,2026-07-31 00:22:03,3,2,0.9890333333333334,256.0,50.0,Medium
490115,TWIN COUNTY REGIONAL HOSPITAL,200 HOSPITAL DRIVE,GALAX,GALAX CITY,VA,24333,(276) 236-1650,Acute Care Hospitals,Proprietary,1,2.0,,Y,2026-07-31 00:22:03,3,2,1.0152666666666665,261.0,54.0,Medium
490116,LEWISGALE HOSPITAL PULASKI,2400 LEE HIGHWAY,PULASKI,PULASKI,VA,24301,(540) 994-8100,Acute Care Hospitals,Proprietary,1,4.0,,,2026-07-31 00:22:03,3,2,1.0068666666666666,192.0,32.0,Medium
490117,CARILION TAZEWELL COMMUNITY HOSPITAL,388 BEN BOLT AVENUE,TAZEWELL,TAZEWELL,VA,24651,(276) 988-8700,Acute Care Hospitals,Voluntary non-profit - Other,1,,16,,2026-07-31 00:22:03,2,1,1.0025,0.0,0.0,Low
490118,HENRICO DOCTORS' HOSPITAL,1602 SKIPWITH ROAD,RICHMOND,HENRICO,VA,23229,(804) 289-4500,Acute Care Hospitals,Voluntary non-profit - Other,1,4.0,,,2026-07-31 00:22:03,6,6,1.0702166666666668,1997.0,319.0,High
490119,SENTARA PRINCESS ANNE HOSPITAL,2025 GLENN MITCHELL DRIVE,VIRGINIA BEACH,VIRGINIA BEACH CITY,VA,23456,(757) 507-1520,Acute Care Hospitals,Voluntary non-profit - Other,0,5.0,,Y,2026-07-31 00:22:03,5,3,1.024,1614.0,312.0,Medium
490120,CHESAPEAKE GENERAL HOSPITAL,"736 BATTLEFIELD BLVD, NORTH",CHESAPEAKE,CHESAPEAKE CITY,VA,23320,(757) 312-8121,Acute Care Hospitals,Government - Hospital District or Authority,1,3.0,,Y,2026-07-31 00:22:03,5,1,0.98248,1941.0,342.0,Low
490122,INOVA MOUNT VERNON HOSPITAL,2501 PARKERS LANE,ALEXANDRIA,FAIRFAX,VA,22306,(703) 664-7105,Acute Care Hospitals,Voluntary non-profit - Private,1,4.0,,,2026-07-31 00:22:03,4,2,0.992775,844.0,116.0,Medium
490126,LEWISGALE HOSPITAL ALLEGHANY,ONE ARH LANE - PO BOX 7,LOW MOOR,ALLEGHANY,VA,24457,(540) 862-6200,Acute Care Hospitals,Proprietary,1,4.0,,,2026-07-31 00:22:03,3,0,0.9553666666666666,243.0,32.0,Low
490127,BUCHANAN GENERAL HOSPITAL,1535 SLATE CREEK ROAD,GRUNDY,BUCHANAN,VA,24614,(276) 935-1000,Acute Care Hospitals,Voluntary non-profit - Private,1,4.0,,,2026-07-31 00:22:03,2,0,0.9666,0.0,0.0,Low
490130,RIVERSIDE WALTER REED HOSPITAL,7519 HOSPITAL ROAD,GLOUCESTER,GLOUCESTER,VA,23061,(804) 693-8800,Acute Care Hospitals,Voluntary non-profit - Private,1,4.0,,,2026-07-31 00:22:03,5,0,0.93112,378.0,54.0,Low
490136,BON SECOURS ST FRANCIS MEDICAL CENTER,13710 ST FRANCIS BOULEVARD,MIDLOTHIAN,CHESTERFIELD,VA,23114,(804) 594-7400,Acute Care Hospitals,Voluntary non-profit - Church,1,3.0,,Y,2026-07-31 00:22:03,5,2,1.0478200000000002,1129.0,173.0,Medium
490140,"STAFFORD HOSPITAL, LLC",101 HOSPITAL CENTER BOULEVARD,STAFFORD,STAFFORD,VA,22554,(540) 741-9000,Acute Care Hospitals,Voluntary non-profit - Private,1,4.0,,Y,2026-07-31 00:22:03,4,3,1.035625,465.0,89.0,Medium
490141,SPOTSYLVANIA REGIONAL MEDICAL CENTER,4600 SPOTSYLVANIA PARKWAY,FREDERICKSBURG,SPOTSYLVANIA,VA,22408,(540) 498-4000,Acute Care Hospitals,Proprietary,1,3.0,,Y,2026-07-31 00:22:03,5,2,1.03524,748.0,154.0,Medium
490143,RIVERSIDE DOCTORS' HOSPITAL OF WILLIAMSBURG,1500 COMMONWEALTH AVENUE,WILLIAMSBURG,JAMES CITY,VA,23185,(757) 585-2010,Acute Care Hospitals,Voluntary non-profit - Private,1,5.0,,,2026-07-31 00:22:03,4,1,0.985575,345.0,46.0,Low
490144,UVA HEALTH HAYMARKET MEDICAL CENTER,15225 HEALTHCOTE BOULEVARD,HAYMARKET,PRINCE WILLIAM,VA,20169,(571) 284-1000,Acute Care Hospitals,Voluntary non-profit - Private,1,4.0,,,2026-07-31 00:22:03,4,1,0.975725,445.0,75.0,Low
490145,STONESPRINGS HOSPITAL CENTER,24440 STONE SPRINGS BOULEVARD,DULLES,LOUDOUN,VA,20166,(571) 349-4000,Acute Care Hospitals,Proprietary,1,4.0,,Y,2026-07-31 00:22:03,3,2,1.0270666666666666,147.0,24.0,Medium
500002,PROVIDENCE ST MARY MEDICAL CENTER,401 W POPLAR ST,WALLA WALLA,WALLA WALLA,WA,99362,(509) 522-5900,Acute Care Hospitals,Voluntary non-profit - Private,1,3.0,,Y,2026-07-31 00:22:03,5,0,0.8956799999999999,813.0,96.0,Low
500003,SKAGIT VALLEY HOSPITAL,1415 KINCAID STREET,MOUNT VERNON,SKAGIT,WA,98274,(360) 424-4111,Acute Care Hospitals,Government - Hospital District or Authority,1,3.0,,Y,2026-07-31 00:22:03,5,4,1.0036,828.0,120.0,High
500005,VIRGINIA MASON MEDICAL CENTER,925 SENECA ST,SEATTLE,KING,WA,98101,(206) 223-6600,Acute Care Hospitals,Voluntary non-profit - Private,1,5.0,,Y,2026-07-31 00:22:03,6,1,0.9446666666666667,1050.0,146.0,Low
500007,ISLAND HOSPITAL,1211  24TH STREET,ANACORTES,SKAGIT,WA,98221,(360) 299-1300,Acute Care Hospitals,Government - Hospital District or Authority,1,4.0,,Y,2026-07-31 00:22:03,3,1,0.9846,105.0,16.0,Low
500008,UNIVERSITY OF WASHINGTON MEDICAL CTR,1959 NE PACIFIC ST  BOX 356151,SEATTLE,KING,WA,98195,(206) 598-3300,Acute Care Hospitals,Government - State,1,4.0,,Y,2026-07-31 00:22:03,6,4,1.0006833333333334,1762.0,254.0,High
500011,HIGHLINE MEDICAL CENTER,16251 SYLVESTER ROAD SW,BURIEN,KING,WA,98166,(206) 431-5237,Acute Care Hospitals,Voluntary non-profit - Private,1,4.0,,Y,2026-07-31 00:22:03,4,1,0.985675,431.0,72.0,Low
500014,PROVIDENCE REGIONAL MEDICAL CENTER EVERETT,1321 COLBY AVENUE,EVERETT,SNOHOMISH,WA,98201,(425) 261-2000,Acute Care Hospitals,Voluntary non-profit - Church,1,4.0,,Y,2026-07-31 00:22:03,6,0,0.9192,1463.0,208.0,Low
500015,MULTICARE AUBURN MEDICAL CENTER,202 NORTH DIVISION STREET PLAZA ONE,AUBURN,KING,WA,98001,(253) 833-7711,Acute Care Hospitals,Voluntary non-profit - Private,1,2.0,,Y,2026-07-31 00:22:03,5,2,0.9978,373.0,72.0,Medium
500016,CONFLUENCE HEALTH HOSPITAL,1201 S MILLER STREET,WENATCHEE,CHELAN,WA,98807,(509) 662-1511,Acute Care Hospitals,Voluntary non-profit - Private,1,3.0,,Y,2026-07-31 00:22:03,6,1,0.9492333333333334,1272.0,179.0,Low
500019,PROVIDENCE CENTRALIA HOSPITAL,914 S SCHEUBER ROAD,CENTRALIA,LEWIS,WA,98531,(360) 330-8530,Acute Care Hospitals,Voluntary non-profit - Other,1,3.0,,Y,2026-07-31 00:22:03,5,1,0.9724,399.0,68.0,Low
500021,ST CLARE HOSPITAL,11315 BRIDGEPORT WAY S W,LAKEWOOD,PIERCE,WA,98499,(253) 588-1711,Acute Care Hospitals,Voluntary non-profit - Church,1,4.0,,,2026-07-31 00:22:03,4,0,0.942725,286.0,39.0,Low
500024,PROVIDENCE ST PETER HOSPITAL,413 LILLY ROAD NE,OLYMPIA,THURSTON,WA,98506,(360) 493-7179,Acute Care Hospitals,Voluntary non-profit - Private,1,3.0,,Y,2026-07-31 00:22:03,6,4,1.0211166666666667,1499.0,246.0,High
500025,SWEDISH MEDICAL CENTER / CHERRY HILL,500 17TH AVENUE,SEATTLE,KING,WA,98122,(206) 320-2000,Acute Care Hospitals,Voluntary non-profit - Church,1,4.0,,,2026-07-31 00:22:03,4,1,0.932075,663.0,95.0,Low
500026,SWEDISH EDMONDS HOSPITAL,21601 76TH AVENUE WEST,EDMONDS,SNOHOMISH,WA,98026,(425) 640-4000,Acute Care Hospitals,Voluntary non-profit - Private,1,3.0,,Y,2026-07-31 00:22:03,4,2,1.0092750000000001,676.0,113.0,Medium
500027,SWEDISH MEDICAL CENTER,747 BROADWAY,SEATTLE,KING,WA,98122,(206) 386-6000,Acute Care Hospitals,Voluntary non-profit - Private,1,4.0,,Y,2026-07-31 00:22:03,4,0,0.93685,573.0,92.0,Low
500030,ST JOSEPH HOSPITAL,2901 SQUALICUM PARKWAY,BELLINGHAM,WHATCOM,WA,98225,(360) 734-5400,Acute Care Hospitals,Voluntary non-profit - Other,1,4.0,,Y,2026-07-31 00:22:03,6,0,0.9287166666666667,1865.0,251.0,Low
500031,GRAYS HARBOR COMMUNITY HOSPITAL,915 ANDERSON DRIVE,ABERDEEN,GRAYS HARBOR,WA,98520,(360) 532-8330,Acute Care Hospitals,Voluntary non-profit - Private,1,3.0,,Y,2026-07-31 00:22:03,5,3,0.9472999999999999,520.0,84.0,Medium
500033,SAMARITAN HOSPITAL,801 EAST WHEELER ROAD,MOSES LAKE,GRANT,WA,98837,(509) 765-5606,Acute Care Hospitals,Proprietary,1,2.0,,Y,2026-07-31 00:22:03,3,1,0.9528666666666666,95.0,18.0,Low
500036,YAKIMA VALLEY MEMORIAL,2811 TIETON DRIVE,YAKIMA,YAKIMA,WA,98902,(509) 575-8000,Acute Care Hospitals,Voluntary non-profit - Private,1,1.0,,Y,2026-07-31 00:22:03,5,1,0.97142,1509.0,216.0,Low
500037,ASTRIA TOPPENISH HOSPITAL,502 W FOURTH AVE,TOPPENISH,YAKIMA,WA,98948,(509) 865-1520,Acute Care Hospitals,Voluntary non-profit - Private,1,,16,,2026-07-31 00:22:03,1,1,1.0011,0.0,0.0,Low
500039,HARRISON MEDICAL CENTER,1800 NW MYHRE RD,SILVERDALE,KITSAP,WA,98383,(360) 377-3911,Acute Care Hospitals,Voluntary non-profit - Private,1,4.0,,Y,2026-07-31 00:22:03,6,1,0.9090333333333334,2151.0,265.0,Low
500041,PEACEHEALTH ST JOHN MEDICAL CENTER,1615 DELAWARE STREET,LONGVIEW,COWLITZ,WA,98632,(360) 414-2000,Acute Care Hospitals,Voluntary non-profit - Church,1,4.0,,Y,2026-07-31 00:22:03,5,0,0.9494400000000001,460.0,68.0,Low
500044,DEACONESS MEDICAL CENTER,W 800 FIFTH AVENUE,SPOKANE,SPOKANE,WA,99210,(509) 473-5800,Acute Care Hospitals,Voluntary non-profit - Private,1,3.0,,Y,2026-07-31 00:22:03,6,2,0.93315,901.0,116.0,Medium
500050,PEACEHEALTH SOUTHWEST MEDICAL CENTER,400 NE MOTHER JOSEPH PLACE,VANCOUVER,CLARK,WA,98664,(360) 256-2000,Acute Care Hospitals,Voluntary non-profit - Private,1,3.0,,Y,2026-07-31 00:22:03,6,3,0.9327,1325.0,207.0,Medium
500051,OVERLAKE HOSPITAL MEDICAL CENTER,1035-116TH AVE NE,BELLEVUE,KING,WA,98004,(425) 688-5000,Acute Care Hospitals,Voluntary non-profit - Other,1,2.0,,Y,2026-07-31 00:22:03,6,2,1.0137166666666666,922.0,142.0,Medium
500053,TRIOS HEALTH,3780 PLAZA WAY,KENNEWICK,BENTON,WA,99338,(509) 586-6111,Acute Care Hospitals,Government - Hospital District or Authority,1,2.0,,Y,2026-07-31 00:22:03,5,2,0.9924200000000001,662.0,106.0,Medium
500054,PROV SACRED HRT MED CTR & CHILDS HOSP.,101 WEST 8TH AVENUE,SPOKANE,SPOKANE,WA,99220,(509) 474-3131,Acute Care Hospitals,Voluntary non-profit - Church,1,3.0,,Y,2026-07-31 00:22:03,6,0,0.8963833333333332,1458.0,190.0,Low
500058,KADLEC REGIONAL MEDICAL CENTER,888 SWIFT BLVD,RICHLAND,BENTON,WA,99352,(509) 946-4611,Acute Care Hospitals,Voluntary non-profit - Private,1,4.0,,Y,2026-07-31 00:22:03,6,0,0.8984,2166.0,311.0,Low
500060,CASCADE VALLEY HOSPITAL,330 S STILLAGUAMISH AVE,ARLINGTON,SNOHOMISH,WA,98223,(360) 435-2133,Acute Care Hospitals,Government - Hospital District or Authority,1,4.0,,Y,2026-07-31 00:22:03,2,0,0.96,0.0,0.0,Low
500064,HARBORVIEW MEDICAL CENTER,325 9TH AVENUE,SEATTLE,KING,WA,98104,(206) 744-9535,Acute Care Hospitals,Government - Local,1,2.0,,,2026-07-31 00:22:03,4,2,0.98015,86.0,15.0,Medium
500072,OLYMPIC MEDICAL CENTER,939 CAROLINE ST,PORT ANGELES,CLALLAM,WA,98362,(360) 417-7000,Acute Care Hospitals,Government - Local,1,3.0,,Y,2026-07-31 00:22:03,3,2,0.9916333333333333,627.0,95.0,Medium
500077,PROVIDENCE HOLY FAMILY HOSPITAL,5633 NORTH LIDGERWOOD,SPOKANE,SPOKANE,WA,99208,(509) 482-0111,Acute Care Hospitals,Voluntary non-profit - Private,1,3.0,,Y,2026-07-31 00:22:03,3,0,0.9364666666666667,524.0,70.0,Low
500079,MULTICARE GOOD SAMARITAN HOSPITAL,401 15TH AVENUE SE,PUYALLUP,PIERCE,WA,98372,(253) 697-2102,Acute Care Hospitals,Voluntary non-profit - Private,1,2.0,,Y,2026-07-31 00:22:03,5,1,0.9941800000000001,2171.0,365.0,Low
500084,EVERGREENHEALTH MONROE,14701 179TH AVE SE,MONROE,SNOHOMISH,WA,98272,(360) 794-7497,Acute Care Hospitals,Government - Hospital District or Authority,1,3.0,,,2026-07-31 00:22:03,2,0,0.97255,0.0,0.0,Low
500088,VALLEY MEDICAL CENTER,400 S 43RD ST,RENTON,KING,WA,98055,(425) 228-3450,Acute Care Hospitals,Government - Hospital District or Authority,1,2.0,,Y,2026-07-31 00:22:03,4,1,0.99595,1141.0,183.0,Low
500108,ST JOSEPH MEDICAL CENTER,1717 SOUTH J STREET,TACOMA,PIERCE,WA,98405,(253) 627-4101,Acute Care Hospitals,Voluntary non-profit - Church,1,3.0,,Y,2026-07-31 00:22:03,5,1,0.9755,1026.0,157.0,Low
500119,MULTICARE VALLEY HOSPITAL,12606 EAST MISSION AVENUE,SPOKANE VALLEY,SPOKANE,WA,99216,(509) 924-6650,Acute Care Hospitals,Voluntary non-profit - Private,1,5.0,,Y,2026-07-31 00:22:03,4,0,0.9150499999999999,468.0,63.0,Low
500124,EVERGREENHEALTH MEDICAL CENTER,12040 NE 128TH STREET,KIRKLAND,KING,WA,98034,(425) 899-1000,Acute Care Hospitals,Government - Hospital District or Authority,1,5.0,,Y,2026-07-31 00:22:03,5,1,0.9309000000000001,1379.0,182.0,Low
500129,TACOMA GENERAL ALLENMORE HOSPITAL,315 S MLK JR WAY,TACOMA,PIERCE,WA,98405,(253) 403-1000,Acute Care Hospitals,Voluntary non-profit - Private,1,2.0,,Y,2026-07-31 00:22:03,6,3,1.0274333333333334,1653.0,271.0,Medium
500139,CAPITAL MEDICAL CENTER,3900 CAPITAL MALL DR SW,OLYMPIA,THURSTON,WA,98502,(360) 956-2550,Acute Care Hospitals,Voluntary non-profit - Private,1,3.0,,Y,2026-07-31 00:22:03,5,3,1.05416,462.0,88.0,Medium
500141,ST FRANCIS COMMUNITY HOSPITAL,34515 9TH AVENUE SOUTH,FEDERAL WAY,KING,WA,98003,(253) 944-8100,Acute Care Hospitals,Voluntary non-profit - Church,1,4.0,,Y,2026-07-31 00:22:03,4,1,0.99745,425.0,72.0,Low
500150,LEGACY SALMON CREEK MEDICAL CENTER,2211 NE 139TH STREET,VANCOUVER,CLARK,WA,98686,(360) 487-1000,Acute Care Hospitals,Voluntary non-profit - Private,1,4.0,,Y,2026-07-31 00:22:03,5,3,1.0248599999999999,750.0,128.0,Medium
500151,ST ANTHONY HOSPITAL,11567 CANTERWOOD BOULEVARD NW,GIG HARBOR,PIERCE,WA,98332,(253) 530-2050,Acute Care Hospitals,Voluntary non-profit - Church,1,5.0,,,2026-07-31 00:22:03,4,1,0.917725,817.0,108.0,Low
500152,SWEDISH ISSAQUAH,751 NE BLAKELY DR,ISSAQUAH,KING,WA,98029,(425) 313-4000,Acute Care Hospitals,Voluntary non-profit - Private,1,4.0,,Y,2026-07-31 00:22:03,4,1,0.9502499999999999,446.0,49.0,Low
500154,MULTICARE COVINGTON MEDICAL CENTER,17700 SE 272ND ST,COVINGTON,KING,WA,98042,(253) 372-7400,Acute Care Hospitals,Voluntary non-profit - Private,1,3.0,,,2026-07-31 00:22:03,3,0,0.9827,237.0,31.0,Low
510001,"WEST VIRGINIA UNIVERSITY HOSPITALS, INC",MEDICAL CENTER DRIVE,MORGANTOWN,MONONGALIA,WV,26506,(304) 598-4000,Acute Care Hospitals,Voluntary non-profit - Private,1,3.0,,Y,2026-07-31 00:22:03,6,2,0.9405666666666667,1822.0,323.0,Medium
510002,"CAMC GREENBRIER VALLEY MEDICAL CENTER, INC",1320 MAPLEWOOD AVENUE,RONCEVERTE,GREENBRIER,WV,24970,(304) 647-4411,Acute Care Hospitals,Proprietary,1,2.0,,Y,2026-07-31 00:22:03,3,1,0.9840666666666666,439.0,75.0,Low
510006,"UNITED HOSPITAL CENTER, INC",327 MEDICAL PARK DRIVE,BRIDGEPORT,HARRISON,WV,26330,(681) 342-1000,Acute Care Hospitals,Voluntary non-profit - Private,1,4.0,,Y,2026-07-31 00:22:03,5,3,0.9934800000000001,1455.0,283.0,Medium
510007,ST MARYS MEDICAL CENTER,2900 1ST AVENUE,HUNTINGTON,CABELL,WV,25702,(304) 526-1234,Acute Care Hospitals,Voluntary non-profit - Church,1,3.0,,,2026-07-31 00:22:03,6,3,0.9965333333333334,1796.0,323.0,Medium
510008,BERKELEY MEDICAL CENTER,2500 HOSPITAL DRIVE,MARTINSBURG,BERKELEY,WV,25401,(304) 264-1000,Acute Care Hospitals,Voluntary non-profit - Private,1,3.0,,Y,2026-07-31 00:22:03,5,2,0.9613400000000001,902.0,152.0,Medium
510012,RIVERS HEALTH,2520 VALLEY DRIVE,POINT PLEASANT,MASON,WV,25550,(304) 675-4340,Acute Care Hospitals,Voluntary non-profit - Private,1,1.0,,,2026-07-31 00:22:03,3,3,1.0397333333333334,108.0,25.0,Medium
510013,"REYNOLDS MEMORIAL HOSPITAL, INC",800 WHEELING AVE,GLEN DALE,MARSHALL,WV,26038,(304) 843-3230,Acute Care Hospitals,Voluntary non-profit - Private,1,2.0,,Y,2026-07-31 00:22:03,3,2,1.0353,277.0,57.0,Medium
510022,CHARLESTON AREA MEDICAL CENTER,501 MORRIS STREET,CHARLESTON,KANAWHA,WV,25301,(304) 388-5432,Acute Care Hospitals,Voluntary non-profit - Private,1,2.0,,Y,2026-07-31 00:22:03,6,3,1.0395,2693.0,504.0,Medium
510023,"WEIRTON MEDICAL CENTER, INC",601 COLLIERS WAY,WEIRTON,HANCOCK,WV,26062,(304) 797-6000,Acute Care Hospitals,Government - Local,1,1.0,,,2026-07-31 00:22:03,4,3,1.019925,1003.0,193.0,Medium
510024,MON HEALTH MEDICAL CENTER,1200 JD ANDERSON DRIVE,MORGANTOWN,MONONGALIA,WV,26505,(304) 598-1200,Acute Care Hospitals,Voluntary non-profit - Private,1,4.0,,Y,2026-07-31 00:22:03,6,2,1.0007666666666666,748.0,127.0,Medium
510029,THOMAS MEMORIAL HOSPITAL,4605 MACCORKLE AVENUE SW,SOUTH CHARLESTON,KANAWHA,WV,25309,(304) 766-3600,Acute Care Hospitals,Voluntary non-profit - Private,1,1.0,,Y,2026-07-31 00:22:03,5,4,1.08136,619.0,128.0,High
510030,DAVIS MEDICAL CENTER,812 GORMAN AVENUE,ELKINS,RANDOLPH,WV,26241,(304) 636-3300,Acute Care Hospitals,Voluntary non-profit - Private,1,2.0,,Y,2026-07-31 00:22:03,3,1,0.9974,277.0,49.0,Low
510038,STONEWALL JACKSON MEMORIAL HOSPITAL,230 HOSPITAL PLAZA,WESTON,LEWIS,WV,26452,(304) 269-8000,Acute Care Hospitals,Voluntary non-profit - Private,1,1.0,,Y,2026-07-31 00:22:03,4,2,1.012175,80.0,16.0,Medium
510046,PRINCETON COMMUNITY HOSPITAL ASSN INC,122 12TH STREET,PRINCETON,MERCER,WV,24740,(304) 487-7000,Acute Care Hospitals,Government - Local,1,2.0,,Y,2026-07-31 00:22:03,5,3,0.9871399999999999,861.0,141.0,Medium
510048,LOGAN REGIONAL MEDICAL CENTER,20 HOSPITAL DRIVE,LOGAN,LOGAN,WV,25601,(304) 831-1101,Acute Care Hospitals,Proprietary,1,2.0,,Y,2026-07-31 00:22:03,3,0,0.9949,434.0,87.0,Low
510050,"WHEELING HOSPITAL, INC",1 MEDICAL PARK,WHEELING,OHIO,WV,26003,(304) 243-3000,Acute Care Hospitals,Voluntary non-profit - Church,1,2.0,,Y,2026-07-31 00:22:03,6,4,1.0408333333333333,1179.0,229.0,High
510055,"CABELL HUNTINGTON HOSPITAL, INC",1340 HAL GREER BOULEVARD,HUNTINGTON,CABELL,WV,25701,(304) 526-2000,Acute Care Hospitals,Voluntary non-profit - Private,1,3.0,,Y,2026-07-31 00:22:03,4,1,0.984,529.0,99.0,Low
510058,CAMDEN CLARK MEDICAL CENTER,800 GARFIELD AVE,PARKERSBURG,WOOD,WV,26101,(304) 424-2111,Acute Care Hospitals,Voluntary non-profit - Private,1,2.0,,Y,2026-07-31 00:22:03,6,5,1.0746166666666668,1773.0,353.0,High
510062,BECKLEY ARH HOSPITAL,306 STANAFORD ROAD,BECKLEY,RALEIGH,WV,25801,(304) 255-3000,Acute Care Hospitals,Voluntary non-profit - Private,1,3.0,,,2026-07-31 00:22:03,4,3,1.02605,489.0,106.0,Medium
510070,RALEIGH GENERAL HOSPITAL,1710 HARPER ROAD,BECKLEY,RALEIGH,WV,25801,(304) 256-4100,Acute Care Hospitals,Proprietary,1,2.0,,Y,2026-07-31 00:22:03,4,3,1.050675,856.0,185.0,Medium
510072,WETZEL COUNTY HOSPITAL,#3 EAST BENJAMIN DRIVE,NEW MARTINSVILLE,WETZEL,WV,26155,(304) 455-8000,Acute Care Hospitals,Government - Local,1,3.0,,,2026-07-31 00:22:03,3,1,0.9959000000000001,43.0,12.0,Low
510091,CAMC CHARLESTON SURGICAL HOSPITAL,1306 KANAWHA BOULEVARD EAST,CHARLESTON,KANAWHA,WV,25301,(304) 343-4371,Acute Care Hospitals,Physician,0,,16,,2026-07-31 00:22:03,1,0,0.906,0.0,0.0,Low
520002,"ASPIRUS STEVENS POINT HOSPITAL & CLINICS, INC.",900 ILLINOIS AVE,STEVENS POINT,PORTAGE,WI,54481,(715) 346-5000,Acute Care Hospitals,Voluntary non-profit - Church,1,4.0,,Y,2026-07-31 00:22:03,3,0,0.9842000000000001,202.0,32.0,Low
520004,MAYO CLINIC HEALTH SYSTEM-FRANCISCAN MEDICAL CENTER INC,700 WEST AVENUE SOUTH,LA CROSSE,LA CROSSE,WI,54601,(608) 785-0940,Acute Care Hospitals,Voluntary non-profit - Private,1,5.0,,Y,2026-07-31 00:22:03,4,0,0.9077500000000001,607.0,76.0,Low
520008,WAUKESHA MEMORIAL HOSPITAL,725 AMERICAN AVE,WAUKESHA,WAUKESHA,WI,53188,(262) 928-1000,Acute Care Hospitals,Voluntary non-profit - Private,1,4.0,,Y,2026-07-31 00:22:03,5,2,0.96288,1381.0,224.0,Medium
520009,ASCENSION NE WISCONSIN - ST ELIZABETH CAMPUS,1506 S ONEIDA ST,APPLETON,OUTAGAMIE,WI,54915,(920) 738-2000,Acute Care Hospitals,Voluntary non-profit - Private,1,4.0,29,Y,2026-07-31 00:22:03,6,1,0.93485,361.0,42.0,Low
520011,MARSHFIELD MEDICAL CENTER - RICE LAKE,1700 WEST STOUT STREET,RICE LAKE,BARRON,WI,54868,(715) 234-1515,Acute Care Hospitals,Voluntary non-profit - Private,1,2.0,,Y,2026-07-31 00:22:03,2,2,1.0641,223.0,48.0,Medium
520019,ASPIRUS RHINELANDER HOSPITAL,2251 NORTH SHORE DR,RHINELANDER,ONEIDA,WI,54501,(715) 361-2000,Acute Care Hospitals,Voluntary non-profit - Private,1,3.0,,Y,2026-07-31 00:22:03,3,0,0.9530666666666666,130.0,23.0,Low
520021,FROEDTERT SOUTH INC.,6308 EIGHTH AVE,KENOSHA,KENOSHA,WI,53143,(262) 656-2368,Acute Care Hospitals,Government - Local,1,2.0,,,2026-07-31 00:22:03,5,4,1.0205,616.0,109.0,High
520028,THE MONROE CLINIC,515 22ND AVE,MONROE,GREEN,WI,53566,(608) 324-2000,Acute Care Hospitals,Voluntary non-profit - Private,1,5.0,,Y,2026-07-31 00:22:03,4,1,0.980425,280.0,43.0,Low
520030,ASPIRUS WAUSAU HOSPITAL,333 PINE RIDGE BLVD,WAUSAU,MARATHON,WI,54401,(715) 847-2000,Acute Care Hospitals,Proprietary,1,4.0,,Y,2026-07-31 00:22:03,6,0,0.9224666666666667,1111.0,153.0,Low
520033,ASPIRUS RIVERVIEW HOSPITAL & CLINICS INC,410 DEWEY ST,WISCONSIN RAPIDS,WOOD,WI,54494,(715) 423-6060,Acute Care Hospitals,Voluntary non-profit - Private,1,3.0,,Y,2026-07-31 00:22:03,3,1,0.9742999999999999,109.0,15.0,Low
520034,AURORA MEDICAL CTR MANITOWOC COUNTY,5000 MEMORIAL DRIVE,TWO RIVERS,MANITOWOC,WI,54241,(920) 794-5000,Acute Care Hospitals,Voluntary non-profit - Private,1,5.0,,Y,2026-07-31 00:22:03,3,1,0.9852,102.0,18.0,Low
520035,AURORA MEDICAL CENTER SHEBOYGAN COUNTY,2629 N 7TH ST,SHEBOYGAN,SHEBOYGAN,WI,53083,(920) 451-5000,Acute Care Hospitals,Voluntary non-profit - Private,1,5.0,,Y,2026-07-31 00:22:03,3,2,1.0216333333333334,483.0,93.0,Medium
520037,MARSHFIELD MEDICAL CENTER,611 ST JOSEPH AVE,MARSHFIELD,WOOD,WI,54449,(715) 387-9963,Acute Care Hospitals,Voluntary non-profit - Church,1,1.0,,Y,2026-07-31 00:22:03,6,4,1.0231166666666667,756.0,149.0,High
520038,AURORA MEDICAL CTR WASHINGTON COUNTY,1032 E SUMNER ST,HARTFORD,WASHINGTON,WI,53027,(262) 673-2300,Acute Care Hospitals,Voluntary non-profit - Private,1,4.0,,,2026-07-31 00:22:03,3,1,0.9755666666666666,0.0,0.0,Low
520041,ASPIRUS DIVINE SAVIOR HOSPITAL,2817 NEW PINERY ROAD,PORTAGE,COLUMBIA,WI,53901,(608) 742-4131,Acute Care Hospitals,Voluntary non-profit - Private,1,3.0,,Y,2026-07-31 00:22:03,3,0,0.9897666666666667,84.0,14.0,Low
520044,ST NICHOLAS HOSPITAL,3100 SUPERIOR AVE,SHEBOYGAN,SHEBOYGAN,WI,53081,(920) 459-8300,Acute Care Hospitals,Voluntary non-profit - Private,1,3.0,,Y,2026-07-31 00:22:03,2,1,0.99305,0.0,0.0,Low
520045,THEDACARE REGIONAL MED CTR - NEENAH,130 2ND ST,NEENAH,WINNEBAGO,WI,54956,(920) 729-3100,Acute Care Hospitals,Voluntary non-profit - Private,1,4.0,,Y,2026-07-31 00:22:03,3,1,0.9497333333333334,0.0,0.0,Low
520049,BELLIN MEMORIAL HOSPITAL,744 S WEBSTER AVE,GREEN BAY,BROWN,WI,54301,(920) 433-3500,Acute Care Hospitals,Voluntary non-profit - Private,1,4.0,,Y,2026-07-31 00:22:03,5,1,0.93574,380.0,51.0,Low
520051,ASCENSION COLUMBIA ST MARYS HOSPITAL MILWAUKEE,2323 N LAKE DR,MILWAUKEE,MILWAUKEE,WI,53211,(414) 585-1374,Acute Care Hospitals,Voluntary non-profit - Church,1,3.0,29,Y,2026-07-31 00:22:03,5,2,0.9769399999999999,666.0,99.0,Medium
520057,SSM HEALTH ST CLARE HOSPITAL - BARABOO,707 14TH ST,BARABOO,SAUK,WI,53913,(608) 356-1400,Acute Care Hospitals,Voluntary non-profit - Private,1,4.0,,Y,2026-07-31 00:22:03,2,0,0.9675499999999999,197.0,28.0,Low
520059,AURORA MEMORIAL HOSPITAL BURLINGTON,252 MCHENRY ST,BURLINGTON,RACINE,WI,53105,(262) 767-6545,Acute Care Hospitals,Voluntary non-profit - Private,1,4.0,,,2026-07-31 00:22:03,3,1,0.9780333333333333,282.0,44.0,Low
520062,OCONOMOWOC MEMORIAL HOSPITAL,791 E SUMMIT AVE,OCONOMOWOC,WAUKESHA,WI,53066,(262) 569-9400,Acute Care Hospitals,Voluntary non-profit - Private,1,5.0,,Y,2026-07-31 00:22:03,5,2,0.9530799999999999,342.0,70.0,Medium
520063,ST JOSEPHS COMMUNITY HOSPITAL WEST BEND,3200 PLEASANT VALLEY ROAD,WEST BEND,WASHINGTON,WI,53095,(262) 334-5533,Acute Care Hospitals,Voluntary non-profit - Private,1,4.0,,Y,2026-07-31 00:22:03,4,1,0.997025,365.0,55.0,Low
520066,MERCY HEALTH SYSTEM CORP,1000 MINERAL POINT AVE,JANESVILLE,ROCK,WI,53547,(608) 756-6161,Acute Care Hospitals,Voluntary non-profit - Private,1,3.0,,Y,2026-07-31 00:22:03,6,4,1.0185,577.0,98.0,High
520070,MAYO CLINIC HEALTH SYSTEM EAU CLAIRE HOSPITAL,1221 WHIPPLE ST,EAU CLAIRE,EAU CLAIRE,WI,54703,(715) 838-3311,Acute Care Hospitals,Voluntary non-profit - Private,1,5.0,,Y,2026-07-31 00:22:03,6,2,0.975,1336.0,189.0,Medium
520071,FORT MEMORIAL HOSPITAL,611 SHERMAN AVE E,FORT ATKINSON,JEFFERSON,WI,53538,(920) 568-5000,Acute Care Hospitals,Voluntary non-profit - Private,1,4.0,,Y,2026-07-31 00:22:03,3,0,0.9448,0.0,0.0,Low
520075,ST VINCENT HOSPITAL,835 S VAN BUREN ST,GREEN BAY,BROWN,WI,54301,(920) 433-0111,Acute Care Hospitals,Voluntary non-profit - Church,1,4.0,,Y,2026-07-31 00:22:03,5,0,0.92444,261.0,29.0,Low
520076,MARSHFIELD MEDICAL CENTER - BEAVER DAM (MMC-BD),707 S UNIVERSITY AVE,BEAVER DAM,DODGE,WI,53916,(920) 887-7181,Acute Care Hospitals,Voluntary non-profit - Private,1,2.0,,Y,2026-07-31 00:22:03,2,1,0.9904000000000001,0.0,0.0,Low
520078,ASCENSION ST FRANCIS HOSPITAL,3237 S 16TH ST,MILWAUKEE,MILWAUKEE,WI,53215,(414) 647-5000,Acute Care Hospitals,Voluntary non-profit - Private,1,3.0,29,,2026-07-31 00:22:03,3,1,0.9722333333333334,44.0,11.0,Low
520083,SSM HEALTH ST MARY'S HOSPITAL - MADISON,700 SOUTH PARK ST,MADISON,DANE,WI,53715,(608) 251-6100,Acute Care Hospitals,Voluntary non-profit - Private,1,4.0,,Y,2026-07-31 00:22:03,6,1,0.9588666666666666,1730.0,230.0,Low
520087,GUNDERSEN LUTHERAN MEDICAL CENTER,1910 SOUTH AVE,LA CROSSE,LA CROSSE,WI,54601,(608) 782-7300,Acute Care Hospitals,Voluntary non-profit - Private,1,4.0,,Y,2026-07-31 00:22:03,5,0,0.93298,862.0,108.0,Low
520088,SSM HEALTH ST AGNES HOSPITAL-FOND DU LAC,430 E DIVISION ST,FOND DU LAC,FOND DU LAC,WI,54935,(920) 929-2300,Acute Care Hospitals,Voluntary non-profit - Private,1,4.0,,Y,2026-07-31 00:22:03,5,3,0.9827200000000001,382.0,57.0,Medium
520089,UNITYPOINT HEALTH - MERITER,202 S PARK ST,MADISON,DANE,WI,53715,(608) 417-6210,Acute Care Hospitals,Voluntary non-profit - Private,1,5.0,,Y,2026-07-31 00:22:03,4,2,0.99125,1202.0,206.0,Medium
520091,HOWARD YOUNG MEDICAL CENTER,240 MAPLE ST,WOODRUFF,VILAS,WI,54568,(715) 356-8000,Acute Care Hospitals,Voluntary non-profit - Church,1,4.0,,,2026-07-31 00:22:03,3,0,0.9584333333333334,0.0,0.0,Low
520095,SAUK PRAIRIE HOSPITAL,260 26TH STREET,PRAIRIE DU SAC,SAUK,WI,53578,(608) 643-3311,Acute Care Hospitals,Voluntary non-profit - Private,1,5.0,,Y,2026-07-31 00:22:03,3,0,0.9014000000000001,0.0,0.0,Low
520096,ASCENSION ALL SAINTS HOSPITAL,3801 SPRING ST,RACINE,RACINE,WI,53405,(262) 687-4011,Acute Care Hospitals,Voluntary non-profit - Church,1,2.0,29,Y,2026-07-31 00:22:03,5,3,1.0288599999999999,500.0,90.0,Medium
520097,ST MARYS HOSPITAL MEDICAL CTR,1726 SHAWANO AVE,GREEN BAY,BROWN,WI,54303,(920) 498-4200,Acute Care Hospitals,Voluntary non-profit - Other,1,3.0,,,2026-07-31 00:22:03,4,0,0.9425,88.0,11.0,Low
520098,UNIVERSITY OF WI  HOSPITALS & CLINICS AUTHORITY,600 HIGHLAND AVENUE,MADISON,DANE,WI,53792,(608) 263-6400,Acute Care Hospitals,Government - Hospital District or Authority,1,5.0,,,2026-07-31 00:22:03,6,1,0.9790833333333334,2138.0,312.0,Low
520100,BELOIT HEALTH SYSTEM,1969 W HART RD,BELOIT,ROCK,WI,53511,(608) 364-5011,Acute Care Hospitals,Voluntary non-profit - Private,1,3.0,,Y,2026-07-31 00:22:03,4,2,0.998175,454.0,88.0,Medium
520102,AURORA LAKELAND MEDICAL CENTER,W3985 COUNTY ROAD NN,ELKHORN,WALWORTH,WI,53121,(262) 741-2000,Acute Care Hospitals,Voluntary non-profit - Private,1,5.0,,Y,2026-07-31 00:22:03,3,1,0.9702999999999999,308.0,45.0,Low
520103,COMMUNITY MEMORIAL HOSPITAL,W180 N8085 TOWN HALL RD,MENOMONEE FALLS,WAUKESHA,WI,53051,(262) 251-1000,Acute Care Hospitals,Voluntary non-profit - Private,1,4.0,,,2026-07-31 00:22:03,5,3,1.04986,732.0,144.0,Medium
520107,HOLY FAMILY MEMORIAL,2300 WESTERN AVE,MANITOWOC,MANITOWOC,WI,54221,(920) 320-2011,Acute Care Hospitals,Voluntary non-profit - Other,1,3.0,,,2026-07-31 00:22:03,2,1,1.01285,197.0,35.0,Low
520109,MILE BLUFF MEDICAL CENTER,1050 DIVISION ST,MAUSTON,JUNEAU,WI,53948,(608) 847-6161,Acute Care Hospitals,Proprietary,1,4.0,,Y,2026-07-31 00:22:03,2,0,0.96975,0.0,0.0,Low
520113,AURORA MEDICAL CENTER BAY AREA,3003 UNIVERSITY DR,MARINETTE,MARINETTE,WI,54143,(715) 735-4200,Acute Care Hospitals,Voluntary non-profit - Private,1,4.0,,Y,2026-07-31 00:22:03,3,2,1.0557333333333334,485.0,109.0,Medium
520116,WATERTOWN MEMORIAL HOSPITAL,125 HOSPITAL DRIVE,WATERTOWN,DODGE,WI,53098,(920) 261-4210,Acute Care Hospitals,Voluntary non-profit - Private,1,3.0,,Y,2026-07-31 00:22:03,5,3,1.0411,215.0,26.0,Medium
520136,ASCENSION SE WISCONSIN HOSPITAL,5000 W CHAMBERS ST,MILWAUKEE,MILWAUKEE,WI,53210,(414) 447-2130,Acute Care Hospitals,Voluntary non-profit - Church,1,5.0,29,Y,2026-07-31 00:22:03,5,2,0.99192,564.0,88.0,Medium
520138,AURORA ST LUKES MEDICAL CENTER,2900 W OKLAHOMA AVE,MILWAUKEE,MILWAUKEE,WI,53215,(414) 649-6000,Acute Care Hospitals,Voluntary non-profit - Private,1,4.0,,Y,2026-07-31 00:22:03,6,2,0.9977666666666667,2945.0,541.0,Medium
520139,WEST ALLIS MEMORIAL HOSPITAL,8901 W LINCOLN AVE,WEST ALLIS,MILWAUKEE,WI,53227,(414) 328-6000,Acute Care Hospitals,Voluntary non-profit - Private,1,4.0,,Y,2026-07-31 00:22:03,4,2,1.03535,567.0,103.0,Medium
520160,THEDACARE REGIONAL MEDICAL CENTER - APPLETON INC,1818 N MEADE ST,APPLETON,OUTAGAMIE,WI,54911,(920) 731-4101,Acute Care Hospitals,Voluntary non-profit - Private,1,4.0,,Y,2026-07-31 00:22:03,6,0,0.89845,357.0,39.0,Low
520177,FROEDTERT MEMORIAL LUTHERAN HOSPITAL,9200 W WISCONSIN AVE,MILWAUKEE,MILWAUKEE,WI,53226,(414) 805-3000,Acute Care Hospitals,Voluntary non-profit - Private,1,3.0,,Y,2026-07-31 00:22:03,5,4,1.0708,1423.0,282.0,High
520189,AURORA MEDICAL CENTER KENOSHA,10400 75TH ST,KENOSHA,KENOSHA,WI,53142,(262) 948-5600,Acute Care Hospitals,Voluntary non-profit - Private,1,4.0,,Y,2026-07-31 00:22:03,4,0,0.97785,725.0,124.0,Low
520193,AURORA BAYCARE MEDICAL CTR,2845 GREENBRIER RD,GREEN BAY,BROWN,WI,54313,(920) 288-8000,Acute Care Hospitals,Proprietary,1,4.0,,Y,2026-07-31 00:22:03,6,2,1.0158,414.0,56.0,Medium
520194,ORTHOPAEDIC HOSPITAL OF WISCONSIN,475 W RIVER WOODS PKWY,GLENDALE,MILWAUKEE,WI,53212,(414) 961-6803,Acute Care Hospitals,Physician,0,,16,,2026-07-31 00:22:03,1,0,0.7566,673.0,18.0,Low
520196,OAKLEAF SURGICAL HOSPITAL,1000 OAKLEAF WAY,ALTOONA,EAU CLAIRE,WI,54720,(715) 895-9435,Acute Care Hospitals,Physician,0,,16,,2026-07-31 00:22:03,1,0,0.9551,0.0,0.0,Low
520198,AURORA MEDICAL CTR OSHKOSH,855 N WESTHAVEN DRIVE,OSHKOSH,WINNEBAGO,WI,54904,(920) 456-6000,Acute Care Hospitals,Voluntary non-profit - Private,1,4.0,,Y,2026-07-31 00:22:03,4,1,0.971575,227.0,37.0,Low
520202,MARSHFIELD MEDICAL CENTER - WESTON,3400 MINISTRY PARKWAY,WESTON,MARATHON,WI,54476,(715) 393-3000,Acute Care Hospitals,Voluntary non-profit - Private,1,3.0,,Y,2026-07-31 00:22:03,4,2,1.011125,506.0,82.0,Medium
520205,MIDWEST ORTHOPEDIC SPECIALTY HOSPITAL,10101 SOUTH 27TH ST  2ND FLOOR,FRANKLIN,MILWAUKEE,WI,53132,(414) 817-5800,Acute Care Hospitals,Physician,0,,16,,2026-07-31 00:22:03,1,1,1.2628,245.0,17.0,Low
520206,AURORA MEDICAL CENTER - SUMMIT,36500 AURORA DRIVE,SUMMIT,WAUKESHA,WI,53066,(262) 434-1600,Acute Care Hospitals,Voluntary non-profit - Private,1,5.0,,Y,2026-07-31 00:22:03,4,3,0.9993500000000001,482.0,82.0,Medium
520207,AURORA MEDICAL CENTER,975 PORT WASHINGTON ROAD,GRAFTON,OZAUKEE,WI,53024,(262) 329-1000,Acute Care Hospitals,Voluntary non-profit - Private,1,5.0,,Y,2026-07-31 00:22:03,6,4,1.0314333333333334,956.0,166.0,High
520208,SSM HEALTH ST MARY'S HOSPITAL - JANESVILLE,3400 EAST RACINE STREET,JANESVILLE,ROCK,WI,53546,(608) 373-8000,Acute Care Hospitals,Voluntary non-profit - Other,1,4.0,,Y,2026-07-31 00:22:03,3,1,0.9912333333333333,219.0,36.0,Low
520210,MARSHFIELD MEDICAL CENTER - EAU CLAIRE,2310 CRAIG RD,EAU CLAIRE,EAU CLAIRE,WI,54701,(715) 858-8100,Acute Care Hospitals,Voluntary non-profit - Private,1,3.0,,Y,2026-07-31 00:22:03,4,0,0.962475,191.0,32.0,Low
520212,MARSHFIELD MEDICAL CENTER - MINOCQUA,9576 HIGHWAY 70,MINOCQUA,ONEIDA,WI,54548,(715) 358-1710,Acute Care Hospitals,Voluntary non-profit - Private,1,5.0,,Y,2026-07-31 00:22:03,2,0,0.9531000000000001,105.0,17.0,Low
520213,FROEDTERT COMMUNITY HOSPITAL,4805 S MOORLAND RD,NEW BERLIN,WAUKESHA,WI,53151,(262) 796-0001,Acute Care Hospitals,Voluntary non-profit - Private,1,,16,,2026-07-31 00:22:03,1,0,0.9172,0.0,0.0,Low
530002,CAMPBELL COUNTY HEALTH,501 SOUTH BURMA AVENUE,GILLETTE,CAMPBELL,WY,82716,(307) 688-1000,Acute Care Hospitals,Government - Hospital District or Authority,1,3.0,,,2026-07-31 00:22:03,4,1,0.9808250000000001,210.0,28.0,Low
530006,SHERIDAN MEMORIAL HOSPITAL,1401 W 5TH ST,SHERIDAN,SHERIDAN,WY,82801,(307) 672-1044,Acute Care Hospitals,Government - Local,1,3.0,,,2026-07-31 00:22:03,5,1,0.9780200000000001,405.0,53.0,Low
530008,SAGEWEST HEALTH CARE,2100 W SUNSET DR,RIVERTON,FREMONT,WY,82501,(307) 856-4161,Acute Care Hospitals,Proprietary,1,2.0,,,2026-07-31 00:22:03,4,0,0.95845,167.0,17.0,Low
530012,BANNER WYOMING MEDICAL CENTER,1233 EAST 2ND ST,CASPER,NATRONA,WY,82601,(307) 577-7201,Acute Care Hospitals,Government - Local,1,2.0,,Y,2026-07-31 00:22:03,6,2,0.9584333333333334,1446.0,193.0,Medium
530014,CHEYENNE REGIONAL MEDICAL CENTER,214 EAST 23RD STREET,CHEYENNE,LARAMIE,WY,82001,(307) 633-2273,Acute Care Hospitals,Voluntary non-profit - Other,1,3.0,,Y,2026-07-31 00:22:03,6,3,1.0621666666666667,1411.0,208.0,Medium
530015,ST JOHNS MEDICAL CENTER,po box 428,JACKSON,TETON,WY,83001,(307) 733-3636,Acute Care Hospitals,Government - Hospital District or Authority,1,5.0,,Y,2026-07-31 00:22:03,4,1,0.96055,0.0,0.0,Low
530025,IVINSON MEMORIAL HOSPITAL,255 N 30TH,LARAMIE,ALBANY,WY,82072,(307) 755-4600,Acute Care Hospitals,Government - Hospital District or Authority,1,3.0,,Y,2026-07-31 00:22:03,3,1,0.9652333333333333,0.0,0.0,Low
530034,SUMMIT MEDICAL CENTER,6350 E 2ND STREET,CASPER,NATRONA,WY,82609,(307) 232-6600,Acute Care Hospitals,Physician,0,,16,,2026-07-31 00:22:03,1,1,1.0085,0.0,0.0,Low
670005,MEMORIAL HERMANN SURGICAL HOSPITAL KINGWOOD,300 KINGWOOD MEDICAL DRIVE,KINGWOOD,HARRIS,TX,77339,(281) 312-4000,Acute Care Hospitals,Proprietary,1,,16,,2026-07-31 00:22:03,1,0,0.868,0.0,0.0,Low
670006,THE HOSPITAL AT WESTLAKE MEDICAL CENTER,"5656 BEE CAVES ROAD, SUITE M-302",AUSTIN,TRAVIS,TX,78746,(512) 327-0000,Acute Care Hospitals,Physician,1,,16,,2026-07-31 00:22:03,1,1,1.1124,0.0,0.0,Low
670008,MEMORIAL HERMANN HOUSTON PHYSICIANS HOSPITAL,"333 N TEXAS AVENUE, SUITE 1000",WEBSTER,HARRIS,TX,77598,(281) 335-1700,Acute Care Hospitals,Physician,1,,16,,2026-07-31 00:22:03,1,0,0.6946,0.0,0.0,Low
670023,METHODIST MANSFIELD MEDICAL CENTER,2700 E BROAD STREET,MANSFIELD,TARRANT,TX,76063,(682) 622-2059,Acute Care Hospitals,Voluntary non-profit - Private,1,4.0,,Y,2026-07-31 00:22:03,6,3,1.00425,774.0,131.0,Medium
670025,BAYLOR SCOTT & WHITE THE HEART HOSPITAL PLANO,1100 ALLIED DRIVE,PLANO,COLLIN,TX,75093,(469) 814-3278,Acute Care Hospitals,Physician,1,4.0,,,2026-07-31 00:22:03,4,0,0.9213,1478.0,198.0,Low
670031,ST LUKE'S PATIENTS MEDICAL CENTER,4600 EAST SAM HOUSTON PARKWAY SOUTH,PASADENA,HARRIS,TX,77505,(281) 487-0700,Acute Care Hospitals,Proprietary,1,3.0,,,2026-07-31 00:22:03,3,2,1.0082,181.0,34.0,Medium
670034,BAYLOR SCOTT & WHITE MEDICAL CENTER - ROUND ROCK,300 UNIVERSITY BLVD,ROUND ROCK,WILLIAMSON,TX,78664,(512) 509-0401,Acute Care Hospitals,Voluntary non-profit - Private,1,4.0,,Y,2026-07-31 00:22:03,6,3,1.0211833333333333,1299.0,194.0,Medium
670041,ASCENSION SETON WILLIAMSON,201 SETON PARKWAY,ROUND ROCK,WILLIAMSON,TX,78664,(512) 324-0000,Acute Care Hospitals,Voluntary non-profit - Private,1,4.0,29,Y,2026-07-31 00:22:03,5,2,0.9637800000000001,474.0,78.0,Medium
670043,ASCENSION SETON CEDAR PARK,1401 MEDICAL PARKWAY,CEDAR PARK,WILLIAMSON,TX,78613,(512) 528-7000,Acute Care Hospitals,Voluntary non-profit - Other,1,3.0,,Y,2026-07-31 00:22:03,5,5,1.05928,595.0,114.0,High
670044,TEXAS HEALTH PRESBYTERIAN HOSPITAL ROCKWALL,3150 HORIZON ROAD,ROCKWALL,ROCKWALL,TX,75032,(469) 698-1000,Acute Care Hospitals,Proprietary,1,5.0,,Y,2026-07-31 00:22:03,3,2,0.9757666666666668,420.0,64.0,Medium
670047,THE HOSPITALS OF PROVIDENCE - EAST CAMPUS,3280 JOE BATTLE BLVD,EL PASO,EL PASO,TX,79938,(915) 856-7349,Acute Care Hospitals,Proprietary,1,2.0,,Y,2026-07-31 00:22:03,3,2,1.0195666666666667,397.0,71.0,Medium
670049,NORTH CENTRAL SURGICAL CENTER LLP,9301 NORTH CENTRAL EXPRESSWAY SUITE 100,DALLAS,DALLAS,TX,75231,(214) 265-2810,Acute Care Hospitals,Voluntary non-profit - Other,1,,16,,2026-07-31 00:22:03,1,0,0.8489,636.0,19.0,Low
670053,ST LUKE'S SUGAR LAND HOSPITAL,1317 LAKE POINTE PARKWAY,SUGAR LAND,FORT BEND,TX,77478,(281) 637-7000,Acute Care Hospitals,Voluntary non-profit - Private,1,3.0,,Y,2026-07-31 00:22:03,2,2,1.0102,177.0,37.0,Medium
670054,FOUNDATION SURGICAL HOSPITAL OF SAN ANTONIO,9522 HUEBNER ROAD,SAN ANTONIO,BEXAR,TX,78240,(210) 478-5400,Acute Care Hospitals,Proprietary,1,,16,,2026-07-31 00:22:03,1,1,1.0579,0.0,0.0,Low
670055,METHODIST HOSPITAL  STONE OAK,"1139 E SONTERRA BLVD,",SAN ANTONIO,BEXAR,TX,78258,(210) 638-2101,Acute Care Hospitals,Proprietary,1,4.0,,Y,2026-07-31 00:22:03,6,2,0.9683166666666668,1253.0,189.0,Medium
670056,ASCENSION  SETON HAYS,6001 KYLE PKWY,KYLE,HAYS,TX,78640,(512) 324-5000,Acute Care Hospitals,Voluntary non-profit - Private,1,3.0,29,Y,2026-07-31 00:22:03,5,2,0.98702,673.0,106.0,Medium
670060,BAYLOR SCOTT AND WHITE MEDICAL CENTER SUNNYVALE,231 SOUTH COLLINS ROAD,SUNNYVALE,DALLAS,TX,75182,(972) 892-3000,Acute Care Hospitals,Voluntary non-profit - Private,1,2.0,,,2026-07-31 00:22:03,4,2,1.0130750000000002,275.0,53.0,Medium
670062,BAYLOR EMERGENCY MEDICAL CENTER AT AUBREY,26791 HIGHWAY 380,AUBREY,DENTON,TX,76227,(972) 347-2525,Acute Care Hospitals,Proprietary,1,,16,,2026-07-31 00:22:03,1,0,0.9893,0.0,0.0,Low
670067,BAYLOR SCOTT AND WHITE ORTHOPEDIC AND SPINE HOSPI,707 HIGHLANDER BLVD,ARLINGTON,TARRANT,TX,76015,(817) 583-7100,Acute Care Hospitals,Proprietary,1,,16,,2026-07-31 00:22:03,1,0,0.9216,1072.0,38.0,Low
670068,TEXAS HEALTH PRESBYTERIAN HOSPITAL FLOWER MOUND,4400 LONG PRAIRIE ROAD,FLOWER MOUND,DENTON,TX,75028,(972) 419-1530,Acute Care Hospitals,Proprietary,1,5.0,,Y,2026-07-31 00:22:03,3,0,0.9635000000000001,453.0,65.0,Low
670069,METHODIST MCKINNEY HOSPITAL,8000 W ELDORADO PKWY BLDG C SUITE C,MCKINNEY,COLLIN,TX,75070,(214) 491-5710,Acute Care Hospitals,Physician,1,,16,,2026-07-31 00:22:03,1,1,1.2551,276.0,16.0,Low
670071,TEXAS HEALTH HEART & VASCULAR HOSPITAL ARLINGTON,811 WRIGHT STREET,ARLINGTON,TARRANT,TX,76012,(817) 960-3500,Acute Care Hospitals,Physician,0,4.0,,,2026-07-31 00:22:03,3,0,0.9790333333333333,91.0,14.0,Low
670073,METHODIST HOSPITAL FOR SURGERY,17101 DALLAS PARKWAY,ADDISON,DALLAS,TX,75001,(469) 248-3900,Acute Care Hospitals,Proprietary,1,4.0,,,2026-07-31 00:22:03,1,1,1.0493,0.0,0.0,Low
670075,ST LUKE'S HOSPITAL AT THE VINTAGE,20171 CHASEWOOD PARK DRIVE,HOUSTON,HARRIS,TX,77070,(832) 534-5000,Acute Care Hospitals,Voluntary non-profit - Private,1,4.0,,,2026-07-31 00:22:03,4,2,0.99115,205.0,36.0,Medium
670076,BAYLOR SCOTT AND WHITE SURGICAL HOSPITAL AT SHERMA,3601 CALAIS DRIVE,SHERMAN,GRAYSON,TX,75090,(903) 813-3728,Acute Care Hospitals,Physician,1,3.0,,,2026-07-31 00:22:03,1,1,1.1813,0.0,0.0,Low
670077,HOUSTON METHODIST WEST HOSPITAL,18500 KATY FREEWAY,HOUSTON,HARRIS,TX,77094,(832) 522-1000,Acute Care Hospitals,Voluntary non-profit - Private,1,5.0,,Y,2026-07-31 00:22:03,6,2,1.0187166666666665,1190.0,217.0,Medium
670078,BAPTIST NEIGHBORHOOD HOSPITAL THOUSAND OAKS,16088 SAN PEDRO,SAN ANTONIO,BEXAR,TX,78232,(210) 402-4092,Acute Care Hospitals,Proprietary,1,5.0,,,2026-07-31 00:22:03,2,0,0.9689000000000001,0.0,0.0,Low
670080,SETON MEDICAL CENTER HARKER HEIGHTS,850 W CENTRAL TEXAS EXPRESSWAY,HARKER HEIGHTS,BELL,TX,76548,(254) 690-0900,Acute Care Hospitals,Proprietary,1,4.0,,,2026-07-31 00:22:03,4,3,1.0405,323.0,73.0,Medium
670082,BAYLOR SCOTT AND WHITE  MEDICAL CENTER  MCKINNEY,5252 WEST UNIVERSITY DRIVE,MC KINNEY,COLLIN,TX,75071,(469) 742-2200,Acute Care Hospitals,Voluntary non-profit - Private,1,4.0,,Y,2026-07-31 00:22:03,5,5,1.04536,969.0,182.0,High
670085,TEXAS HEALTH HARRIS METHODIST HOSPITAL ALLIANCE,10864 TEXAS HEALTH TRAIL,FORT WORTH,TARRANT,TX,76244,(682) 212-2004,Acute Care Hospitals,Voluntary non-profit - Private,1,5.0,,Y,2026-07-31 00:22:03,4,1,0.974925,418.0,62.0,Low
670088,BAYLOR SCOTT & WHITE MEDICAL CENTER- COLLEGE STATI,700 SCOTT & WHITE DRIVE,COLLEGE STATION,BRAZOS,TX,77845,(979) 691-3701,Acute Care Hospitals,Voluntary non-profit - Private,1,4.0,,Y,2026-07-31 00:22:03,6,4,1.0340166666666666,785.0,132.0,High
670098,RESOLUTE HEALTH HOSPITAL,"555 CREEKSIDE XING,",NEW BRAUNFELS,COMAL,TX,78130,(469) 839-6778,Acute Care Hospitals,Proprietary,1,4.0,,Y,2026-07-31 00:22:03,5,3,0.99846,376.0,77.0,Medium
670103,MEDICAL CITY ALLIANCE,3101 NORTH TARRANT PARKWAY,FORT WORTH,TARRANT,TX,76177,(817) 639-1100,Acute Care Hospitals,Voluntary non-profit - Private,1,3.0,,Y,2026-07-31 00:22:03,4,3,1.006225,272.0,46.0,Medium
670106,HCA HOUSTON HEALTHCARE PEARLAND,11100 SHADOW CREEK PARKWAY,PEARLAND,BRAZORIA,TX,77584,(713) 770-7000,Acute Care Hospitals,Proprietary,1,3.0,,,2026-07-31 00:22:03,2,2,1.03395,156.0,37.0,Medium
670108,BAYLOR SCOTT & WHITE MEDICAL CENTER - MARBLE FALLS,810 W HIGHWAY 71,MARBLE FALLS,BURNET,TX,78654,(254) 215-9791,Acute Care Hospitals,Voluntary non-profit - Private,1,4.0,,Y,2026-07-31 00:22:03,4,1,0.9817750000000001,393.0,52.0,Low
670112,LEGENT ORTHOPEDIC + SPINE,5330 NORTH LOOP 1604 WEST,SAN ANTONIO,BEXAR,TX,78249,(717) 620-2424,Acute Care Hospitals,Proprietary,0,,16,,2026-07-31 00:22:03,1,0,0.7973,0.0,0.0,Low
670120,THE HOSPITALS OF PROVIDENCE TRANSMOUNTAIN CAMPUS,2000 TRANSMOUNTAIN RD,EL PASO,EL PASO,TX,79911,(915) 877-8136,Acute Care Hospitals,Proprietary,1,2.0,,Y,2026-07-31 00:22:03,3,3,1.0592333333333332,288.0,62.0,Medium
670122,HOUSTON METHODIST THE WOODLANDS HOSPITAL,17201 INTERSTATE 45 SOUTH,THE WOODLANDS,MONTGOMERY,TX,77385,(936) 270-2000,Acute Care Hospitals,Voluntary non-profit - Private,1,5.0,,Y,2026-07-31 00:22:03,6,3,1.0043499999999999,1873.0,348.0,Medium
670124,THE HOSPITALS OF PROVIDENCE HORIZON CITY CAMPUS,"13600 HORIZON STREET, SUITE 100",HORIZON CITY,EL PASO,TX,79928,(915) 407-7878,Acute Care Hospitals,Proprietary,1,,16,,2026-07-31 00:22:03,1,0,0.9681,0.0,0.0,Low
670128,BAYLOR SCOTT & WHITE MEDICAL CENTER PFLUGERVILLE,2600 EAST  PFLUGERVILLE  PARKWAY,PFLUGERVILLE,TRAVIS,TX,78660,(512) 654-6100,Acute Care Hospitals,Voluntary non-profit - Private,1,4.0,,,2026-07-31 00:22:03,2,1,1.0140500000000001,0.0,0.0,Low
670134,ALTUS LUMBERTON HOSPITAL,220 BLANCO ST,LUMBERTON,HARDIN,TX,77657,(409) 227-0520,Acute Care Hospitals,Proprietary,1,,16,,2026-07-31 00:22:03,1,1,1.0048,0.0,0.0,Low
670136,BAYLOR SCOTT & WHITE MEDICAL CENTER- AUSTIN,5245 W US 290,AUSTIN,TRAVIS,TX,78735,(512) 654-2100,Acute Care Hospitals,Voluntary non-profit - Private,0,,16,,2026-07-31 00:22:03,1,1,1.0056,0.0,0.0,Low
670260,TEXAS HEALTH HOSPITAL FRISCO,12400 N DALLAS PARKWAY,FRISCO,DENTON,TX,75033,(469) 495-2000,Acute Care Hospitals,Voluntary non-profit - Private,1,4.0,,Y,2026-07-31 00:22:03,4,3,1.0041,305.0,51.0,Medium
670300,METHODIST MIDLOTHIAN MEDICAL CENTER,1201 E HIGHWAY 287,MIDLOTHIAN,ELLIS,TX,76065,(469) 846-2000,Acute Care Hospitals,Voluntary non-profit - Private,1,4.0,,Y,2026-07-31 00:22:03,3,0,0.9861666666666666,0.0,0.0,Low
670309,TEXAS HEALTH HOSPITAL MANSFIELD,2300 LONE STAR ROAD,MANSFIELD,TARRANT,TX,76063,(682) 341-5000,Acute Care Hospitals,Proprietary,1,5.0,,Y,2026-07-31 00:22:03,2,1,0.98185,0.0,0.0,Low
